Date,Close,High,Low,Open,Volume,Ticker
2015-01-02,14.620667457580566,14.883333206176758,14.21733283996582,14.857999801635742,71466000,TSLA
2015-01-05,14.005999565124512,14.433333396911621,13.810667037963867,14.303333282470703,80527500,TSLA
2015-01-06,14.085332870483398,14.279999732971191,13.61400032043457,14.003999710083008,93928500,TSLA
2015-01-07,14.063332557678223,14.3186674118042,13.985333442687988,14.223333358764648,44526000,TSLA
2015-01-08,14.041333198547363,14.25333309173584,14.000666618347168,14.187333106994629,51637500,TSLA
2015-01-09,13.77733325958252,13.998666763305664,13.663999557495117,13.928000450134277,70024500,TSLA
2015-01-12,13.480667114257812,13.631333351135254,13.283332824707031,13.536666870117188,89254500,TSLA
2015-01-13,13.616666793823242,13.840666770935059,13.394000053405762,13.554667472839355,67159500,TSLA
2015-01-14,12.845999717712402,13.013333320617676,12.333333015441895,12.388667106628418,173278500,TSLA
2015-01-15,12.791333198547363,13.050000190734863,12.666666984558105,12.965999603271484,78247500,TSLA
2015-01-16,12.871333122253418,12.965999603271484,12.643333435058594,12.713333129882812,54048000,TSLA
2015-01-20,12.795332908630371,12.941332817077637,12.469332695007324,12.924667358398438,67548000,TSLA
2015-01-21,13.104666709899902,13.245332717895508,12.633999824523926,12.636667251586914,62295000,TSLA
2015-01-22,13.441332817077637,13.549332618713379,13.013333320617676,13.133333206176758,61753500,TSLA
2015-01-23,13.419333457946777,13.566666603088379,13.222000122070312,13.352666854858398,51579000,TSLA
2015-01-26,13.770000457763672,13.907999992370605,13.403332710266113,13.45533275604248,48517500,TSLA
2015-01-27,13.732000350952148,13.868666648864746,13.553333282470703,13.628000259399414,41715000,TSLA
2015-01-28,13.291333198547363,13.758000373840332,13.227999687194824,13.740667343139648,47244000,TSLA
2015-01-29,13.680000305175781,13.732000350952148,13.100000381469727,13.404666900634766,53221500,TSLA
2015-01-30,13.573332786560059,13.83133316040039,13.533332824707031,13.597332954406738,45105000,TSLA
2015-02-02,14.062666893005371,14.130000114440918,13.553333282470703,13.597999572753906,62238000,TSLA
2015-02-03,14.557332992553711,14.691332817077637,14.084667205810547,14.214667320251465,72393000,TSLA
2015-02-04,14.569999694824219,14.76533317565918,14.453332901000977,14.552666664123535,49581000,TSLA
2015-02-05,14.732666969299316,15.031999588012695,14.642666816711426,14.658666610717773,52843500,TSLA
2015-02-06,14.490667343139648,14.893333435058594,14.433333396911621,14.800000190734863,48658500,TSLA
2015-02-09,14.498666763305664,14.528667449951172,14.13266658782959,14.358667373657227,52086000,TSLA
2015-02-10,14.419333457946777,14.699999809265137,14.333333015441895,14.50333309173584,80857500,TSLA
2015-02-11,14.186667442321777,14.315999984741211,13.8186674118042,14.147333145141602,146536500,TSLA
2015-02-12,13.525333404541016,13.53933334350586,12.885333061218262,12.904666900634766,234744000,TSLA
2015-02-13,13.584667205810547,13.732666969299316,13.394000053405762,13.526666641235352,92865000,TSLA
2015-02-17,13.623332977294922,13.713333129882812,13.433333396911621,13.713333129882812,59694000,TSLA
2015-02-18,13.630666732788086,13.744667053222656,13.506667137145996,13.611332893371582,40704000,TSLA
2015-02-19,14.11400032043457,14.162667274475098,13.583333015441895,13.666666984558105,77311500,TSLA
2015-02-20,14.473999977111816,14.506667137145996,13.987333297729492,14.052000045776367,89731500,TSLA
2015-02-23,13.822667121887207,14.546667098999023,13.755332946777344,14.37733268737793,127497000,TSLA
2015-02-24,13.607333183288574,13.81933307647705,13.446666717529297,13.81933307647705,99054000,TSLA
2015-02-25,13.583999633789062,13.809332847595215,13.505332946777344,13.662667274475098,58642500,TSLA
2015-02-26,13.812666893005371,14.072667121887207,13.481332778930664,13.600000381469727,97093500,TSLA
2015-02-27,13.555999755859375,13.903332710266113,13.520000457763672,13.793333053588867,58231500,TSLA
2015-03-02,13.155332565307617,13.555999755859375,13.055333137512207,13.513333320617676,118831500,TSLA
2015-03-03,13.303999900817871,13.349332809448242,13.021332740783691,13.120667457580566,66484500,TSLA
2015-03-04,13.496000289916992,13.501333236694336,13.147333145141602,13.283332824707031,63330000,TSLA
2015-03-05,13.375332832336426,13.746000289916992,13.34333324432373,13.523332595825195,73155000,TSLA
2015-03-06,12.925333023071289,13.383333206176758,12.8100004196167,13.280667304992676,100686000,TSLA
2015-03-09,12.725333213806152,12.965999603271484,12.550000190734863,12.959333419799805,101050500,TSLA
2015-03-10,12.687999725341797,12.899999618530273,12.506667137145996,12.564000129699707,83695500,TSLA
2015-03-11,12.916000366210938,13.078666687011719,12.734000205993652,12.743332862854004,74623500,TSLA
2015-03-12,12.73799991607666,12.963333129882812,12.649999618530273,12.916666984558105,62239500,TSLA
2015-03-13,12.578666687011719,12.783332824707031,12.48799991607666,12.596667289733887,81514500,TSLA
2015-03-16,13.046667098999023,13.060667037963867,12.653332710266113,12.800000190734863,84432000,TSLA
2015-03-17,12.982000350952148,13.247332572937012,12.929332733154297,13.028667449951172,73411500,TSLA
2015-03-18,13.380666732788086,13.392000198364258,12.87399959564209,12.997332572937012,72313500,TSLA
2015-03-19,13.043333053588867,13.63933277130127,12.968667030334473,13.466667175292969,127128000,TSLA
2015-03-20,13.20533275604248,13.265999794006348,13.041333198547363,13.16333293914795,64042500,TSLA
2015-03-23,13.308667182922363,13.366666793823242,13.164667129516602,13.233332633972168,39474000,TSLA
2015-03-24,13.447999954223633,13.586000442504883,13.316666603088379,13.438667297363281,54748500,TSLA
2015-03-25,12.953332901000977,13.239333152770996,12.846667289733887,13.218000411987305,85956000,TSLA
2015-03-26,12.694000244140625,12.986000061035156,12.646666526794434,12.928000450134277,61920000,TSLA
2015-03-27,12.333333015441895,12.619333267211914,12.09333324432373,12.604666709899902,129073500,TSLA
2015-03-30,12.704667091369629,12.816666603088379,12.119999885559082,12.390000343322754,151342500,TSLA
2015-03-31,12.584667205810547,12.917332649230957,12.560667037963867,12.902000427246094,75399000,TSLA
2015-04-01,12.505999565124512,12.819999694824219,12.403332710266113,12.579999923706055,56919000,TSLA
2015-04-02,12.733332633972168,12.881999969482422,12.666666984558105,12.682000160217285,75156000,TSLA
2015-04-06,13.539999961853027,13.850000381469727,13.166666984558105,13.199999809265137,186837000,TSLA
2015-04-07,13.550000190734863,13.670666694641113,13.409333229064941,13.500666618347168,65218500,TSLA
2015-04-08,13.844667434692383,14.0600004196167,13.724666595458984,13.880000114440918,94546500,TSLA
2015-04-09,14.005999565124512,14.024666786193848,13.7413330078125,13.895333290100098,57003000,TSLA
2015-04-10,14.0600004196167,14.109999656677246,13.933333396911621,13.989999771118164,61015500,TSLA
2015-04-13,13.985333442687988,14.199999809265137,13.936667442321777,14.029333114624023,56373000,TSLA
2015-04-14,13.830666542053223,13.965999603271484,13.699999809265137,13.904666900634766,45390000,TSLA
2015-04-15,13.85533332824707,13.97266674041748,13.773332595825195,13.830666542053223,29286000,TSLA
2015-04-16,13.779999732971191,13.944666862487793,13.752667427062988,13.846667289733887,24886500,TSLA
2015-04-17,13.78600025177002,13.791999816894531,13.566666603088379,13.666000366210938,37048500,TSLA
2015-04-20,13.684666633605957,13.856666564941406,13.59000015258789,13.785332679748535,38389500,TSLA
2015-04-21,13.96066665649414,14.050000190734863,13.620667457580566,13.720000267028809,51487500,TSLA
2015-04-22,14.629332542419434,14.791999816894531,14.112667083740234,14.166666984558105,117945000,TSLA
2015-04-23,14.573332786560059,14.76533317565918,14.476667404174805,14.5513334274292,66168000,TSLA
2015-04-24,14.562000274658203,14.720000267028809,14.534000396728516,14.699999809265137,36417000,TSLA
2015-04-27,15.436667442321777,15.916666984558105,14.800000190734863,14.837332725524902,175089000,TSLA
2015-04-28,15.36533260345459,15.699999809265137,15.20199966430664,15.649999618530273,91281000,TSLA
2015-04-29,15.49666690826416,15.664667129516602,15.175333023071289,15.33666706085205,59041500,TSLA
2015-04-30,15.069999694824219,15.526000022888184,15.011333465576172,15.359333038330078,58678500,TSLA
2015-05-01,15.0686674118042,15.451333045959473,14.694000244140625,15.329333305358887,79225500,TSLA
2015-05-04,15.36733341217041,15.648667335510254,15.140666961669922,15.211999893188477,66519000,TSLA
2015-05-05,15.529999732971191,15.966667175292969,15.275333404541016,15.850666999816895,86953500,TSLA
2015-05-06,15.362000465393066,15.631333351135254,15.213333129882812,15.606666564941406,79063500,TSLA
2015-05-07,15.786666870117188,15.831999778747559,14.683333396911621,14.733332633972168,141838500,TSLA
2015-05-08,15.77400016784668,15.894000053405762,15.579999923706055,15.732666969299316,70023000,TSLA
2015-05-11,15.965999603271484,16.191999435424805,15.687333106994629,15.752667427062988,85084500,TSLA
2015-05-12,16.31599998474121,16.42333221435547,15.879332542419434,16.007333755493164,95451000,TSLA
2015-05-13,16.211999893188477,16.553333282470703,16.149999618530273,16.507333755493164,81603000,TSLA
2015-05-14,16.273332595825195,16.326000213623047,16.083332061767578,16.321332931518555,43438500,TSLA
2015-05-15,16.589332580566406,16.626667022705078,16.166667938232422,16.261999130249023,67914000,TSLA
2015-05-18,16.583332061767578,16.65999984741211,16.399999618530273,16.46666717529297,50298000,TSLA
2015-05-19,16.47599983215332,16.733333587646484,16.40999984741211,16.562000274658203,55113000,TSLA
2015-05-20,16.290000915527344,16.516000747680664,16.091333389282227,16.475332260131836,56334000,TSLA
2015-05-21,16.374666213989258,16.441333770751953,16.157333374023438,16.20199966430664,29559000,TSLA
2015-05-22,16.51533317565918,16.573333740234375,16.333999633789062,16.358667373657227,33346500,TSLA
2015-05-26,16.497333526611328,16.799999237060547,16.433332443237305,16.511999130249023,52480500,TSLA
2015-05-27,16.495332717895508,16.633333206176758,16.3700008392334,16.567333221435547,51123000,TSLA
2015-05-28,16.76333236694336,16.786666870117188,16.336666107177734,16.468666076660156,54709500,TSLA
2015-05-29,16.719999313354492,16.857999801635742,16.6286678314209,16.733333587646484,56839500,TSLA
2015-06-01,16.6299991607666,16.773332595825195,16.49799919128418,16.76066780090332,37576500,TSLA
2015-06-02,16.55666732788086,16.626667022705078,16.420000076293945,16.594667434692383,32022000,TSLA
2015-06-03,16.599332809448242,16.71466636657715,16.46733283996582,16.546667098999023,26722500,TSLA
2015-06-04,16.39466667175293,16.6200008392334,16.380666732788086,16.5,36804000,TSLA
2015-06-05,16.609333038330078,16.64666748046875,16.3786678314209,16.399999618530273,45330000,TSLA
2015-06-08,17.086000442504883,17.25,16.687332153320312,16.72333335876465,75255000,TSLA
2015-06-09,17.066667556762695,17.182666778564453,16.94266700744629,17.02666664123535,39166500,TSLA
2015-06-10,16.713333129882812,16.933332443237305,16.566667556762695,16.793333053588867,51817500,TSLA
2015-06-11,16.76066780090332,16.95800018310547,16.69533348083496,16.884000778198242,30661500,TSLA
2015-06-12,16.71266746520996,16.8973331451416,16.680667877197266,16.680667877197266,21334500,TSLA
2015-06-15,16.691999435424805,16.75200080871582,16.400667190551758,16.64666748046875,32793000,TSLA
2015-06-16,16.874666213989258,16.895999908447266,16.606666564941406,16.67533302307129,29770500,TSLA
2015-06-17,17.360666275024414,17.624000549316406,16.801332473754883,16.81133270263672,82693500,TSLA
2015-06-18,17.459333419799805,17.56399917602539,17.334667205810547,17.46666717529297,41740500,TSLA
2015-06-19,17.500667572021484,17.586666107177734,17.34000015258789,17.49333381652832,36945000,TSLA
2015-06-22,17.319332122802734,17.626667022705078,17.04599952697754,17.476667404174805,68416500,TSLA
2015-06-23,17.844667434692383,17.866666793823242,17.238000869750977,17.35466766357422,58062000,TSLA
2015-06-24,17.67799949645996,17.823333740234375,17.58133316040039,17.798667907714844,36184500,TSLA
2015-06-25,17.91933250427246,18.0939998626709,17.683332443237305,17.76333236694336,42738000,TSLA
2015-06-26,17.805999755859375,17.94066619873047,17.733333587646484,17.926000595092773,57576000,TSLA
2015-06-29,17.468000411987305,17.729999542236328,17.3799991607666,17.463333129882812,52183500,TSLA
2015-06-30,17.884000778198242,18.06133270263672,17.600000381469727,17.65333366394043,46303500,TSLA
2015-07-01,17.94333267211914,18.174667358398438,17.856666564941406,18.073999404907227,31518000,TSLA
2015-07-02,18.667999267578125,18.829999923706055,18.220666885375977,18.68000030517578,107458500,TSLA
2015-07-06,18.648000717163086,18.779333114624023,18.420000076293945,18.591999053955078,61828500,TSLA
2015-07-07,17.858667373657227,18.34666633605957,17.384666442871094,18.333332061767578,91576500,TSLA
2015-07-08,16.997333526611328,17.386667251586914,16.95400047302246,17.288000106811523,93316500,TSLA
2015-07-09,17.19466781616211,17.530000686645508,17.119333267211914,17.27199935913086,50011500,TSLA
2015-07-10,17.27666664123535,17.53333282470703,17.187999725341797,17.481332778930664,39163500,TSLA
2015-07-13,17.477333068847656,17.503332138061523,17.06999969482422,17.483333587646484,44404500,TSLA
2015-07-14,17.709999084472656,17.732667922973633,17.367332458496094,17.47333335876465,28614000,TSLA
2015-07-15,17.542667388916016,17.832666397094727,17.472000122070312,17.78266716003418,30324000,TSLA
2015-07-16,17.778667449951172,17.81333351135254,17.54400062561035,17.614667892456055,24240000,TSLA
2015-07-17,18.310667037963867,18.369333267211914,17.883333206176758,18.166667938232422,75061500,TSLA
2015-07-20,18.817333221435547,19.110000610351562,18.16933250427246,18.333332061767578,74677500,TSLA
2015-07-21,17.784666061401367,18.233333587646484,17.770000457763672,18.003332138061523,91630500,TSLA
2015-07-22,17.857999801635742,17.96266746520996,17.390666961669922,17.417999267578125,46575000,TSLA
2015-07-23,17.81333351135254,17.99333381652832,17.684667587280273,17.976667404174805,33408000,TSLA
2015-07-24,17.694000244140625,18.07266616821289,17.594667434692383,17.825332641601562,42547500,TSLA
2015-07-27,16.867332458496094,17.6286678314209,16.71933364868164,17.495332717895508,70413000,TSLA
2015-07-28,17.654666900634766,17.69333267211914,16.78933334350586,17.049999237060547,58437000,TSLA
2015-07-29,17.58799934387207,17.859333038330078,17.46666717529297,17.618000030517578,41851500,TSLA
2015-07-30,17.785999298095703,17.79599952697754,17.474000930786133,17.512666702270508,30519000,TSLA
2015-07-31,17.74333381652832,17.957332611083984,17.674667358398438,17.84000015258789,33339000,TSLA
2015-08-03,17.332666397094727,17.78066635131836,17.13800048828125,17.752666473388672,38302500,TSLA
2015-08-04,17.75200080871582,17.781333923339844,17.222667694091797,17.333999633789062,35287500,TSLA
2015-08-05,18.0086669921875,18.066667556762695,17.360000610351562,17.57200050354004,93214500,TSLA
2015-08-06,16.408666610717773,17.0,15.7413330078125,16.63599967956543,219357000,TSLA
2015-08-07,16.167333602905273,16.248666763305664,15.892666816711426,16.238666534423828,76101000,TSLA
2015-08-10,16.076000213623047,16.197999954223633,15.736666679382324,15.876667022705078,62788500,TSLA
2015-08-11,15.824666976928711,15.953332901000977,15.629332542419434,15.8100004196167,63973500,TSLA
2015-08-12,15.878000259399414,15.98466682434082,15.515999794006348,15.666666984558105,55920000,TSLA
2015-08-13,16.167333602905273,16.43199920654297,15.941332817077637,15.990667343139648,70338000,TSLA
2015-08-14,16.209999084472656,16.528667449951172,16.118000030517578,16.482667922973633,65472000,TSLA
2015-08-17,16.999332427978516,17.106000900268555,16.700666427612305,17.03733253479004,107650500,TSLA
2015-08-18,17.381332397460938,17.39666748046875,16.90399932861328,17.025333404541016,62925000,TSLA
2015-08-19,17.016666412353516,17.376667022705078,17.001333236694336,17.35533332824707,54064500,TSLA
2015-08-20,16.14533233642578,16.970666885375977,16.126667022705078,16.804000854492188,73587000,TSLA
2015-08-21,15.38466739654541,16.253332138061523,15.36733341217041,15.733332633972168,98853000,TSLA
2015-08-24,14.591333389282227,15.426667213439941,13.0,13.519332885742188,143724000,TSLA
2015-08-25,14.66866683959961,15.393333435058594,14.607999801635742,15.368000030517578,64909500,TSLA
2015-08-26,14.989333152770996,15.199999809265137,14.36733341217041,15.195332527160645,74445000,TSLA
2015-08-27,16.19933319091797,16.316667556762695,15.387332916259766,15.399999618530273,114840000,TSLA
2015-08-28,16.565332412719727,16.76333236694336,16.10466766357422,16.124000549316406,82705500,TSLA
2015-08-31,16.604000091552734,16.996667861938477,16.367332458496094,16.374666213989258,70503000,TSLA
2015-09-01,15.908666610717773,16.399999618530273,15.79800033569336,16.022666931152344,81822000,TSLA
2015-09-02,16.512666702270508,16.525333404541016,15.985333442687988,16.35333251953125,69438000,TSLA
2015-09-03,16.3713321685791,16.80533218383789,16.333332061767578,16.804000854492188,62922000,TSLA
2015-09-04,16.1286678314209,16.272666931152344,15.880000114440918,16.05933380126953,55338000,TSLA
2015-09-08,16.544666290283203,16.610666275024414,16.270000457763672,16.336666107177734,47073000,TSLA
2015-09-09,16.5939998626709,16.950000762939453,16.553333282470703,16.803333282470703,50862000,TSLA
2015-09-10,16.565332412719727,16.71466636657715,16.35533332824707,16.48200035095215,40635000,TSLA
2015-09-11,16.682666778564453,16.682666778564453,16.315332412719727,16.50933265686035,35262000,TSLA
2015-09-14,16.87933349609375,16.950000762939453,16.64466667175293,16.739999771118164,43363500,TSLA
2015-09-15,16.904666900634766,16.97333335876465,16.633333206176758,16.850000381469727,44002500,TSLA
2015-09-16,17.483333587646484,17.525333404541016,16.858667373657227,16.869333267211914,66256500,TSLA
2015-09-17,17.471332550048828,17.700000762939453,17.37933349609375,17.597333908081055,53787000,TSLA
2015-09-18,17.374666213989258,17.58799934387207,17.166667938232422,17.19733238220215,56446500,TSLA
2015-09-21,17.613332748413086,18.10466766357422,17.053333282470703,17.59866714477539,91803000,TSLA
2015-09-22,17.395999908447266,17.510000228881836,17.058000564575195,17.268667221069336,54966000,TSLA
2015-09-23,17.40399932861328,17.472000122070312,17.172000885009766,17.463333129882812,39012000,TSLA
2015-09-24,17.541332244873047,17.56333351135254,17.08066749572754,17.302000045776367,51723000,TSLA
2015-09-25,17.12733268737793,17.79400062561035,17.07666778564453,17.77400016784668,56601000,TSLA
2015-09-28,16.562000274658203,17.319332122802734,16.44066619873047,17.156667709350586,73516500,TSLA
2015-09-29,16.44333267211914,16.98200035095215,16.36400032043457,16.69733238220215,55548000,TSLA
2015-09-30,16.559999465942383,16.82666778564453,16.1560001373291,16.799999237060547,73944000,TSLA
2015-10-01,15.991999626159668,16.566667556762695,15.808667182922363,16.500667572021484,68595000,TSLA
2015-10-02,16.504667282104492,16.51333236694336,15.661999702453613,15.706666946411133,66360000,TSLA
2015-10-05,16.40999984741211,16.6560001373291,16.275333404541016,16.589332580566406,55348500,TSLA
2015-10-06,16.097333908081055,16.20199966430664,15.70533275604248,16.0,78378000,TSLA
2015-10-07,15.46399974822998,15.846667289733887,15.274666786193848,15.775333404541016,102210000,TSLA
2015-10-08,15.114666938781738,15.381333351135254,14.753999710083008,15.338666915893555,91998000,TSLA
2015-10-09,14.712667465209961,14.958000183105469,14.557332992553711,14.728667259216309,92376000,TSLA
2015-10-12,14.371999740600586,14.866666793823242,14.351332664489746,14.866000175476074,57544500,TSLA
2015-10-13,14.616666793823242,14.834667205810547,14.075332641601562,14.218667030334473,77572500,TSLA
2015-10-14,14.458666801452637,14.729999542236328,14.362000465393066,14.711333274841309,46566000,TSLA
2015-10-15,14.753999710083008,14.781999588012695,14.24666690826416,14.428667068481445,42663000,TSLA
2015-10-16,15.133999824523926,15.36533260345459,14.857999801635742,14.869333267211914,65017500,TSLA
2015-10-19,15.206666946411133,15.40999984741211,14.996000289916992,15.100000381469727,37618500,TSLA
2015-10-20,14.20199966430664,15.239999771118164,13.466667175292969,15.1813325881958,223500000,TSLA
2015-10-21,14.005999565124512,14.320667266845703,13.920000076293945,14.13266658782959,62272500,TSLA
2015-10-22,14.114666938781738,14.383333206176758,13.960000038146973,14.104000091552734,42378000,TSLA
2015-10-23,13.939332962036133,14.356666564941406,13.845999717712402,14.333333015441895,63532500,TSLA
2015-10-26,14.350666999816895,14.392000198364258,14.0,14.092000007629395,50871000,TSLA
2015-10-27,14.023332595825195,14.473333358764648,13.833999633789062,14.322667121887207,52791000,TSLA
2015-10-28,14.197333335876465,14.229999542236328,13.886667251586914,14.087332725524902,40929000,TSLA
2015-10-29,14.108667373657227,14.25,14.042667388916016,14.116666793823242,27075000,TSLA
2015-10-30,13.795332908630371,14.108667373657227,13.592666625976562,14.026666641235352,66583500,TSLA
2015-11-02,14.252667427062988,14.386667251586914,13.814666748046875,13.928000450134277,58918500,TSLA
2015-11-03,13.890000343322754,14.295999526977539,13.850000381469727,14.256667137145996,124987500,TSLA
2015-11-04,15.442000389099121,15.515999794006348,15.013333320617676,15.133333206176758,190896000,TSLA
2015-11-05,15.451333045959473,15.638667106628418,15.279333114624023,15.371999740600586,67452000,TSLA
2015-11-06,15.490667343139648,15.557332992553711,15.300000190734863,15.380000114440918,36679500,TSLA
2015-11-09,15.022000312805176,15.53266716003418,14.954000473022461,15.53266716003418,57763500,TSLA
2015-11-10,14.433333396911621,14.91333293914795,14.405332565307617,14.898667335510254,69255000,TSLA
2015-11-11,14.60533332824707,14.631999969482422,14.241999626159668,14.517999649047852,50217000,TSLA
2015-11-12,14.196000099182129,14.600000381469727,14.177332878112793,14.523332595825195,43738500,TSLA
2015-11-13,13.812666893005371,14.199333190917969,13.767999649047852,14.196666717529297,51454500,TSLA
2015-11-16,14.287332534790039,14.331999778747559,13.720000267028809,13.739333152770996,43881000,TSLA
2015-11-17,14.266667366027832,14.399999618530273,14.09333324432373,14.346667289733887,32230500,TSLA
2015-11-18,14.73799991607666,14.7586669921875,14.168000221252441,14.300000190734863,42178500,TSLA
2015-11-19,14.786666870117188,15.079333305358887,14.686667442321777,14.702667236328125,37566000,TSLA
2015-11-20,14.667332649230957,15.0,14.238666534423828,14.899333000183105,66010500,TSLA
2015-11-23,14.516667366027832,14.612000465393066,14.312000274658203,14.489999771118164,37893000,TSLA
2015-11-24,14.550000190734863,14.733332633972168,14.333333015441895,14.357999801635742,37204500,TSLA
2015-11-25,15.309332847595215,15.388667106628418,14.692000389099121,14.755999565124512,59862000,TSLA
2015-11-27,15.440667152404785,15.483332633972168,15.133999824523926,15.404000282287598,29241000,TSLA
2015-11-30,15.350666999816895,15.618666648864746,15.272000312805176,15.452667236328125,39897000,TSLA
2015-12-01,15.812666893005371,15.866666793823242,15.403332710266113,15.404000282287598,56010000,TSLA
2015-12-02,15.465999603271484,15.90666675567627,15.415332794189453,15.800000190734863,44722500,TSLA
2015-12-03,15.513999938964844,15.829999923706055,15.333333015441895,15.6986665725708,44094000,TSLA
2015-12-04,15.358667373657227,15.5513334274292,15.177332878112793,15.497332572937012,38604000,TSLA
2015-12-07,15.408666610717773,15.708666801452637,15.076666831970215,15.180000305175781,47163000,TSLA
2015-12-08,15.114666938781738,15.25333309173584,14.946666717529297,15.168000221252441,40314000,TSLA
2015-12-09,14.968000411987305,15.166666984558105,14.714667320251465,15.113332748413086,45867000,TSLA
2015-12-10,15.137999534606934,15.232666969299316,14.909333229064941,14.980667114257812,31075500,TSLA
2015-12-11,14.468000411987305,15.050000190734863,14.442667007446289,15.015999794006348,49030500,TSLA
2015-12-14,14.571999549865723,14.727999687194824,14.324666976928711,14.500666618347168,42406500,TSLA
2015-12-15,14.739333152770996,14.814666748046875,14.533332824707031,14.788000106811523,33666000,TSLA
2015-12-16,15.633999824523926,15.658666610717773,14.715332984924316,14.80666732788086,76564500,TSLA
2015-12-17,15.559332847595215,15.850666999816895,15.320667266845703,15.595999717712402,49479000,TSLA
2015-12-18,15.36400032043457,15.726667404174805,15.28600025177002,15.526000022888184,45213000,TSLA
2015-12-21,15.503999710083008,15.722000122070312,15.405332565307617,15.446000099182129,29298000,TSLA
2015-12-22,15.329999923706055,15.770000457763672,15.308667182922363,15.666000366210938,29422500,TSLA
2015-12-23,15.313332557678223,15.563332557678223,15.208666801452637,15.478667259216309,23325000,TSLA
2015-12-24,15.371333122253418,15.458666801452637,15.218667030334473,15.370667457580566,10620000,TSLA
2015-12-28,15.263333320617676,15.465332984924316,15.03600025177002,15.432666778564453,28519500,TSLA
2015-12-29,15.812666893005371,15.847999572753906,15.303333282470703,15.337332725524902,36094500,TSLA
2015-12-30,15.87266731262207,16.242000579833984,15.711333274841309,15.773332595825195,55468500,TSLA
2015-12-31,16.000667572021484,16.229999542236328,15.891332626342773,15.900667190551758,40725000,TSLA
2016-01-04,14.894000053405762,15.425333023071289,14.600000381469727,15.381333351135254,102406500,TSLA
2016-01-05,14.895333290100098,15.12600040435791,14.666666984558105,15.090666770935059,47802000,TSLA
2016-01-06,14.602666854858398,14.670000076293945,14.398667335510254,14.666666984558105,56686500,TSLA
2016-01-07,14.376667022705078,14.562666893005371,14.244667053222656,14.279333114624023,53314500,TSLA
2016-01-08,14.066666603088379,14.696000099182129,14.0513334274292,14.52400016784668,54421500,TSLA
2016-01-11,13.856666564941406,14.296667098999023,13.533332824707031,14.267333030700684,61371000,TSLA
2016-01-12,13.998000144958496,14.249333381652832,13.687333106994629,14.106666564941406,46378500,TSLA
2016-01-13,13.354000091552734,14.176667213439941,13.333333015441895,14.133999824523926,61896000,TSLA
2016-01-14,13.745332717895508,14.0,12.892000198364258,13.480667114257812,97360500,TSLA
2016-01-15,13.666000366210938,13.671333312988281,13.149999618530273,13.264666557312012,83679000,TSLA
2016-01-19,13.64799976348877,14.031332969665527,13.385333061218262,13.913999557495117,60580500,TSLA
2016-01-20,13.24666690826416,13.41866683959961,12.75,13.293333053588867,87579000,TSLA
2016-01-21,13.33133316040039,13.548666954040527,13.001333236694336,13.436667442321777,47493000,TSLA
2016-01-22,13.50333309173584,13.699999809265137,13.268667221069336,13.653332710266113,46861500,TSLA
2016-01-25,13.092000007629395,13.571332931518555,13.058667182922363,13.337332725524902,40480500,TSLA
2016-01-26,12.904000282287598,13.187999725341797,12.592000007629395,13.113332748413086,74463000,TSLA
2016-01-27,12.538000106811523,12.883999824523926,12.38466739654541,12.825332641601562,54258000,TSLA
2016-01-28,12.646666526794434,12.751999855041504,12.160667419433594,12.719332695007324,68892000,TSLA
2016-01-29,12.74666690826416,12.916000366210938,12.538666725158691,12.66333293914795,42784500,TSLA
2016-02-01,13.129332542419434,13.3013334274292,12.183333396911621,12.583999633789062,79464000,TSLA
2016-02-02,12.185333251953125,12.874667167663574,12.01533317565918,12.82800006866455,86604000,TSLA
2016-02-03,11.565333366394043,12.262666702270508,11.345333099365234,12.239333152770996,118971000,TSLA
2016-02-04,11.688667297363281,11.732000350952148,11.13266658782959,11.380000114440918,65781000,TSLA
2016-02-05,10.84000015258789,11.533332824707031,10.515999794006348,11.420000076293945,141564000,TSLA
2016-02-08,9.866000175476074,10.476667404174805,9.733332633972168,10.473333358764648,139695000,TSLA
2016-02-09,9.883333206176758,10.652667045593262,9.403332710266113,9.48799991607666,129774000,TSLA
2016-02-10,9.57800006866455,10.33133316040039,9.449333190917969,10.033332824707031,156097500,TSLA
2016-02-11,10.031332969665527,10.883999824523926,9.800000190734863,10.133333206176758,213786000,TSLA
2016-02-12,10.06933307647705,10.46733283996582,9.579999923706055,10.333333015441895,108537000,TSLA
2016-02-16,10.344667434692383,10.863332748413086,10.27400016784668,10.579999923706055,83907000,TSLA
2016-02-17,11.245332717895508,11.28933334350586,10.445332527160645,10.600000381469727,87378000,TSLA
2016-02-18,11.118000030517578,11.529999732971191,10.98466682434082,11.494667053222656,58314000,TSLA
2016-02-19,11.10533332824707,11.166000366210938,10.833333015441895,10.910667419433594,44391000,TSLA
2016-02-22,11.849332809448242,11.927332878112793,11.323332786560059,11.341333389282227,75901500,TSLA
2016-02-23,11.814000129699707,12.11533260345459,11.578666687011719,11.744000434875488,89766000,TSLA
2016-02-24,11.933333396911621,11.966667175292969,11.189332962036133,11.516667366027832,80934000,TSLA
2016-02-25,12.495332717895508,12.567999839782715,11.680000305175781,11.90999984741211,86260500,TSLA
2016-02-26,12.689332962036133,12.800000190734863,12.333333015441895,12.579999923706055,90976500,TSLA
2016-02-29,12.795332908630371,13.09000015258789,12.614666938781738,12.826666831970215,67485000,TSLA
2016-03-01,12.423333168029785,13.063332557678223,12.180000305175781,12.949999809265137,100683000,TSLA
2016-03-02,12.555999755859375,12.567999839782715,12.100000381469727,12.248666763305664,72936000,TSLA
2016-03-03,13.049332618713379,13.161333084106445,12.281332969665527,12.552000045776367,72435000,TSLA
2016-03-04,13.402667045593262,13.60200023651123,13.166666984558105,13.199999809265137,97336500,TSLA
2016-03-07,13.685999870300293,13.979999542236328,13.15999984741211,13.178667068481445,79941000,TSLA
2016-03-08,13.506667137145996,13.833333015441895,13.479999542236328,13.566666603088379,62680500,TSLA
2016-03-09,13.914667129516602,13.958000183105469,13.519332885742188,13.63466739654541,48129000,TSLA
2016-03-10,13.678667068481445,14.219332695007324,13.378000259399414,14.0,77887500,TSLA
2016-03-11,13.833333015441895,13.961333274841309,13.688667297363281,13.862000465393066,50146500,TSLA
2016-03-14,14.34333324432373,14.447999954223633,14.042667388916016,14.176667213439941,60985500,TSLA
2016-03-15,14.555999755859375,14.597999572753906,14.100000381469727,14.284667015075684,47707500,TSLA
2016-03-16,14.795332908630371,14.838666915893555,14.468000411987305,14.533332824707031,52750500,TSLA
2016-03-17,15.092000007629395,15.233332633972168,14.666666984558105,14.764666557312012,56743500,TSLA
2016-03-18,15.515999794006348,15.631999969482422,15.204000473022461,15.273332595825195,70677000,TSLA
2016-03-21,15.887999534606934,15.991999626159668,15.666666984558105,15.689332962036133,79617000,TSLA
2016-03-22,15.616000175476074,15.932666778564453,15.503999710083008,15.814000129699707,64740000,TSLA
2016-03-23,14.838666915893555,15.648667335510254,14.802000045776367,15.4913330078125,74232000,TSLA
2016-03-24,15.183333396911621,15.259332656860352,14.333333015441895,14.385333061218262,74413500,TSLA
2016-03-28,15.350666999816895,15.654000282287598,15.0,15.440667152404785,58885500,TSLA
2016-03-29,15.342000007629395,15.491999626159668,15.022000312805176,15.326000213623047,60214500,TSLA
2016-03-30,15.12600040435791,15.699999809265137,15.100000381469727,15.672666549682617,60495000,TSLA
2016-03-31,15.317999839782715,15.82800006866455,15.000666618347168,15.28933334350586,120193500,TSLA
2016-04-01,15.839332580566406,16.52666664123535,15.550000190734863,16.32200050354004,239962500,TSLA
2016-04-04,16.465999603271484,16.808000564575195,16.242666244506836,16.607999801635742,202129500,TSLA
2016-04-05,17.031333923339844,17.104000091552734,16.0,16.03333282470703,149230500,TSLA
2016-04-06,17.69466781616211,17.849332809448242,16.89666748046875,16.931333541870117,175582500,TSLA
2016-04-07,17.14666748046875,17.95599937438965,16.96733283996582,17.76333236694336,132843000,TSLA
2016-04-08,16.67133331298828,17.38800048828125,16.534666061401367,17.366666793823242,110458500,TSLA
2016-04-11,16.661333084106445,17.266000747680664,16.35333251953125,16.733333587646484,137425500,TSLA
2016-04-12,16.521333694458008,16.786666870117188,16.242000579833984,16.633333206176758,86448000,TSLA
2016-04-13,16.968666076660156,17.03333282470703,16.488666534423828,16.567333221435547,73884000,TSLA
2016-04-14,16.790666580200195,17.12266731262207,16.73666763305664,16.866666793823242,61983000,TSLA
2016-04-15,16.96733283996582,16.97333335876465,16.607999801635742,16.753999710083008,56286000,TSLA
2016-04-18,16.92533302307129,17.220666885375977,16.777332305908203,16.815332412719727,64071000,TSLA
2016-04-19,16.4913330078125,16.95800018310547,16.083332061767578,16.874666213989258,95362500,TSLA
2016-04-20,16.6646671295166,16.910667419433594,16.100000381469727,16.417333602905273,77911500,TSLA
2016-04-21,16.55266761779785,16.726667404174805,16.46066665649414,16.599332809448242,41746500,TSLA
2016-04-22,16.916667938232422,16.933332443237305,16.380666732788086,16.592666625976562,56794500,TSLA
2016-04-25,16.788000106811523,17.158666610717773,16.71733283996582,16.867332458496094,55054500,TSLA
2016-04-26,16.916000366210938,17.048667907714844,16.625999450683594,16.803333282470703,48357000,TSLA
2016-04-27,16.764667510986328,17.0,16.626667022705078,16.850000381469727,48087000,TSLA
2016-04-28,16.513999938964844,16.89533233642578,16.496000289916992,16.656667709350586,37785000,TSLA
2016-04-29,16.05066680908203,16.562000274658203,15.854000091552734,16.542667388916016,81207000,TSLA
2016-05-02,16.1200008392334,16.21266746520996,15.654666900634766,16.100000381469727,57658500,TSLA
2016-05-03,15.48799991607666,15.927332878112793,15.441332817077637,15.824000358581543,64533000,TSLA
2016-05-04,14.837332725524902,15.630666732788086,14.69333267211914,15.352666854858398,130507500,TSLA
2016-05-05,14.10200023651123,15.242667198181152,13.986000061035156,15.230667114257812,168822000,TSLA
2016-05-06,14.328666687011719,14.424667358398438,13.87399959564209,14.057999610900879,85278000,TSLA
2016-05-09,13.928000450134277,14.40999984741211,13.786666870117188,14.381333351135254,71646000,TSLA
2016-05-10,13.912667274475098,13.964667320251465,13.666666984558105,13.83666706085205,61059000,TSLA
2016-05-11,13.93066692352295,14.36533260345459,13.736666679382324,13.839332580566406,77428500,TSLA
2016-05-12,13.8186674118042,14.111332893371582,13.577333450317383,14.095999717712402,54757500,TSLA
2016-05-13,13.840666770935059,14.079999923706055,13.779999732971191,13.85200023651123,42342000,TSLA
2016-05-16,13.88599967956543,14.210000038146973,13.861332893371582,13.876667022705078,44241000,TSLA
2016-05-17,13.644000053405762,13.98799991607666,13.601332664489746,13.936667442321777,42654000,TSLA
2016-05-18,14.07800006866455,14.354000091552734,13.850000381469727,13.94333267211914,84262500,TSLA
2016-05-19,14.347332954406738,14.452667236328125,13.819999694824219,14.2413330078125,102994500,TSLA
2016-05-20,14.685333251953125,14.703332901000977,14.423333168029785,14.465999603271484,135106500,TSLA
2016-05-23,14.414667129516602,14.84000015258789,14.390666961669922,14.657999992370605,76537500,TSLA
2016-05-24,14.52733325958252,14.582667350769043,14.345333099365234,14.4399995803833,45207000,TSLA
2016-05-25,14.638667106628418,14.757332801818848,14.434000015258789,14.52733325958252,46902000,TSLA
2016-05-26,15.008000373840332,15.017333030700684,14.603333473205566,14.699999809265137,61086000,TSLA
2016-05-27,14.869333267211914,15.062000274658203,14.716667175292969,14.999333381652832,54754500,TSLA
2016-05-31,14.881999969482422,14.983332633972168,14.766667366027832,14.869333267211914,41835000,TSLA
2016-06-01,14.637332916259766,14.826666831970215,14.459333419799805,14.76533317565918,44740500,TSLA
2016-06-02,14.597332954406738,14.660667419433594,14.473999977111816,14.63933277130127,30492000,TSLA
2016-06-03,14.599332809448242,14.795999526977539,14.534000396728516,14.666666984558105,33435000,TSLA
2016-06-06,14.711999893188477,14.726667404174805,14.363332748413086,14.533332824707031,33742500,TSLA
2016-06-07,15.489333152770996,15.629332542419434,14.767999649047852,14.815999984741211,93204000,TSLA
2016-06-08,15.701333045959473,16.05666732788086,15.507332801818848,15.58666706085205,89580000,TSLA
2016-06-09,15.290666580200195,15.688667297363281,15.137332916259766,15.665332794189453,67381500,TSLA
2016-06-10,14.586000442504883,15.197999954223633,14.561332702636719,15.159333229064941,90399000,TSLA
2016-06-13,14.524666786193848,15.0513334274292,14.510666847229004,14.633333206176758,62895000,TSLA
2016-06-14,14.330666542053223,14.813332557678223,14.16866683959961,14.592000007629395,53703000,TSLA
2016-06-15,14.513333320617676,14.793333053588867,14.342000007629395,14.463333129882812,43627500,TSLA
2016-06-16,14.528667449951172,14.53600025177002,14.233332633972168,14.494667053222656,36604500,TSLA
2016-06-17,14.364666938781738,14.666000366210938,14.300000190734863,14.52066707611084,46689000,TSLA
2016-06-20,14.646666526794434,14.916666984558105,14.548666954040527,14.633333206176758,53332500,TSLA
2016-06-21,14.640666961669922,14.838000297546387,14.587332725524902,14.711999893188477,67935000,TSLA
2016-06-22,13.11066722869873,13.729999542236328,13.050000190734863,13.29800033569336,356136000,TSLA
2016-06-23,13.09333324432373,13.170000076293945,12.808667182922363,13.045999526977539,151960500,TSLA
2016-06-24,12.876667022705078,13.008000373840332,12.648667335510254,12.670000076293945,105397500,TSLA
2016-06-27,13.236666679382324,13.253999710083008,12.524666786193848,12.723999977111816,108081000,TSLA
2016-06-28,13.452667236328125,13.603333473205566,13.293999671936035,13.459333419799805,93186000,TSLA
2016-06-29,14.012666702270508,14.118666648864746,13.533332824707031,13.675333023071289,89923500,TSLA
2016-06-30,14.152000427246094,14.233332633972168,13.934666633605957,14.197999954223633,72646500,TSLA
2016-07-01,14.433333396911621,14.549332618713379,13.733332633972168,13.742667198181152,81000000,TSLA
2016-07-05,14.26533317565918,14.302666664123535,13.866666793823242,13.982000350952148,77629500,TSLA
2016-07-06,14.295999526977539,14.34866714477539,13.933333396911621,14.0,73798500,TSLA
2016-07-07,14.395999908447266,14.541333198547363,14.200667381286621,14.206666946411133,54180000,TSLA
2016-07-08,14.45199966430664,14.654000282287598,14.300000190734863,14.520000457763672,61122000,TSLA
2016-07-11,14.985333442687988,15.118666648864746,14.633999824523926,14.663999557495117,81447000,TSLA
2016-07-12,14.976667404174805,15.166666984558105,14.881333351135254,14.9399995803833,68569500,TSLA
2016-07-13,14.835332870483398,15.03933334350586,14.685999870300293,15.033332824707031,53506500,TSLA
2016-07-14,14.768667221069336,14.996000289916992,14.736666679382324,14.874667167663574,40137000,TSLA
2016-07-15,14.69333267211914,14.850000381469727,14.642666816711426,14.834667205810547,33513000,TSLA
2016-07-18,15.083333015441895,15.13933277130127,14.553333282470703,14.642666816711426,51181500,TSLA
2016-07-19,15.017333030700684,15.273332595825195,14.983332633972168,15.0,46726500,TSLA
2016-07-20,15.223999977111816,15.319999694824219,15.0,15.097999572753906,38527500,TSLA
2016-07-21,14.699999809265137,15.1899995803833,14.606666564941406,15.066666603088379,66430500,TSLA
2016-07-22,14.817999839782715,14.966667175292969,14.592000007629395,14.799332618713379,38695500,TSLA
2016-07-25,15.333999633789062,15.425999641418457,14.758000373840332,14.817999839782715,67360500,TSLA
2016-07-26,15.300666809082031,15.333333015441895,15.020000457763672,15.179332733154297,51450000,TSLA
2016-07-27,15.232666969299316,15.557332992553711,15.128000259399414,15.28933334350586,43335000,TSLA
2016-07-28,15.37399959564209,15.383999824523926,15.106666564941406,15.196666717529297,36286500,TSLA
2016-07-29,15.652667045593262,15.685333251953125,15.349332809448242,15.380000114440918,46062000,TSLA
2016-08-01,15.333999633789062,15.775333404541016,15.291999816894531,15.699999809265137,60244500,TSLA
2016-08-02,15.146666526794434,15.324666976928711,14.760000228881836,15.291333198547363,59016000,TSLA
2016-08-03,15.052666664123535,15.313332557678223,14.947333335876465,15.157999992370605,58317000,TSLA
2016-08-04,15.37399959564209,15.390666961669922,14.803333282470703,15.045999526977539,62205000,TSLA
2016-08-05,15.335332870483398,15.466667175292969,15.15999984741211,15.333333015441895,48078000,TSLA
2016-08-08,15.077333450317383,15.30666732788086,15.072667121887207,15.199999809265137,33954000,TSLA
2016-08-09,15.272000312805176,15.435999870300293,15.109999656677246,15.121333122253418,33117000,TSLA
2016-08-10,15.043333053588867,15.324666976928711,14.974666595458984,15.215999603271484,35074500,TSLA
2016-08-11,14.994000434875488,15.171333312988281,14.894000053405762,15.07800006866455,28213500,TSLA
2016-08-12,15.040666580200195,15.109999656677246,14.935999870300293,15.02733325958252,27202500,TSLA
2016-08-15,15.03933334350586,15.300000190734863,14.995332717895508,15.067999839782715,30514500,TSLA
2016-08-16,14.907333374023438,15.145999908447266,14.894000053405762,15.03266716003418,34006500,TSLA
2016-08-17,14.88266658782959,14.988666534423828,14.853333473205566,14.95533275604248,26806500,TSLA
2016-08-18,14.900667190551758,15.043999671936035,14.81933307647705,14.921333312988281,25717500,TSLA
2016-08-19,15.0,15.011333465576172,14.835332870483398,14.902667045593262,24892500,TSLA
2016-08-22,14.862000465393066,15.007332801818848,14.845333099365234,14.944666862487793,30982500,TSLA
2016-08-23,14.989333152770996,15.232666969299316,14.853333473205566,14.954667091369629,71766000,TSLA
2016-08-24,14.841333389282227,15.143333435058594,14.814666748046875,15.136667251586914,38560500,TSLA
2016-08-25,14.730667114257812,14.920000076293945,14.718000411987305,14.87399959564209,26437500,TSLA
2016-08-26,14.666000366210938,14.857333183288574,14.588000297546387,14.809332847595215,33585000,TSLA
2016-08-29,14.346667289733887,14.69333267211914,14.333333015441895,14.676667213439941,48994500,TSLA
2016-08-30,14.089332580566406,14.407333374023438,14.034667015075684,14.407333374023438,47533500,TSLA
2016-08-31,14.133999824523926,14.173333168029785,13.90999984741211,14.028667449951172,49147500,TSLA
2016-09-01,13.38466739654541,14.073332786560059,13.366666793823242,13.934000015258789,119146500,TSLA
2016-09-02,13.185333251953125,13.546667098999023,13.079999923706055,13.488666534423828,89661000,TSLA
2016-09-06,13.522000312805176,13.550000190734863,13.266667366027832,13.267999649047852,65859000,TSLA
2016-09-07,13.447333335876465,13.766667366027832,13.380666732788086,13.699999809265137,54613500,TSLA
2016-09-08,13.157333374023438,13.326000213623047,13.090666770935059,13.303333282470703,50668500,TSLA
2016-09-09,12.964667320251465,13.32800006866455,12.91333293914795,13.272666931152344,56355000,TSLA
2016-09-12,13.220000267028809,13.424667358398438,12.9399995803833,13.0,55728000,TSLA
2016-09-13,13.069999694824219,13.232666969299316,12.896666526794434,13.137332916259766,53841000,TSLA
2016-09-14,13.093999862670898,13.194666862487793,12.990667343139648,13.050000190734863,33817500,TSLA
2016-09-15,13.361332893371582,13.501333236694336,13.09333324432373,13.099332809448242,46158000,TSLA
2016-09-16,13.69333267211914,13.713333129882812,13.266667366027832,13.361332893371582,46617000,TSLA
2016-09-19,13.755999565124512,13.961999893188477,13.666666984558105,13.800000190734863,34492500,TSLA
2016-09-20,13.642666816711426,13.850000381469727,13.593999862670898,13.789999961853027,36157500,TSLA
2016-09-21,13.6813325881958,13.800000190734863,13.437333106994629,13.758000373840332,39502500,TSLA
2016-09-22,13.76200008392334,13.8186674118042,13.533332824707031,13.760000228881836,35743500,TSLA
2016-09-23,13.829999923706055,14.01200008392334,13.711333274841309,13.732666969299316,43578000,TSLA
2016-09-26,13.932666778564453,14.066666603088379,13.766667366027832,13.766667366027832,35916000,TSLA
2016-09-27,13.720666885375977,13.998666763305664,13.640666961669922,13.976667404174805,50598000,TSLA
2016-09-28,13.751333236694336,13.883333206176758,13.684000015258789,13.833999633789062,31326000,TSLA
2016-09-29,13.380000114440918,13.821999549865723,13.371999740600586,13.706666946411133,40905000,TSLA
2016-09-30,13.60200023651123,13.665332794189453,13.303333282470703,13.480667114257812,38794500,TSLA
2016-10-03,14.24666690826416,14.378000259399414,13.883333206176758,14.153332710266113,89998500,TSLA
2016-10-04,14.093999862670898,14.221332550048828,13.921333312988281,14.206666946411133,53122500,TSLA
2016-10-05,13.897333145141602,14.210000038146973,13.874667167663574,14.149333000183105,28162500,TSLA
2016-10-06,13.399999618530273,13.61400032043457,13.347332954406738,13.497332572937012,70551000,TSLA
2016-10-07,13.107333183288574,13.421333312988281,13.053333282470703,13.399999618530273,52395000,TSLA
2016-10-10,13.396666526794434,13.609333038330078,13.310667037963867,13.423333168029785,49744500,TSLA
2016-10-11,13.34000015258789,13.479999542236328,13.220666885375977,13.456666946411133,34926000,TSLA
2016-10-12,13.434000015258789,13.592000007629395,13.361332893371582,13.396666526794434,29560500,TSLA
2016-10-13,13.349332809448242,13.393333435058594,13.136667251586914,13.366666793823242,37419000,TSLA
2016-10-14,13.100666999816895,13.428667068481445,13.08666706085205,13.37733268737793,64048500,TSLA
2016-10-17,12.93066692352295,13.22599983215332,12.800000190734863,13.136667251586914,68311500,TSLA
2016-10-18,13.273332595825195,13.29800033569336,12.883999824523926,13.065999984741211,85207500,TSLA
2016-10-19,13.570667266845703,13.77733325958252,13.204000473022461,13.315999984741211,104868000,TSLA
2016-10-20,13.273332595825195,13.533332824707031,13.136667251586914,13.474666595458984,76093500,TSLA
2016-10-21,13.339332580566406,13.437999725341797,13.160667419433594,13.239999771118164,44151000,TSLA
2016-10-24,13.517333030700684,13.596667289733887,13.350000381469727,13.399999618530273,41274000,TSLA
2016-10-25,13.489333152770996,13.645999908447266,13.41333293914795,13.526666641235352,36675000,TSLA
2016-10-26,13.482666969299316,13.545999526977539,13.34000015258789,13.399999618530273,84492000,TSLA
2016-10-27,13.600666999816895,14.24666690826416,13.44333267211914,14.089332580566406,196405500,TSLA
2016-10-28,13.33133316040039,13.687999725341797,13.321999549865723,13.600000381469727,64201500,TSLA
2016-10-31,13.182000160217285,13.499333381652832,13.053999900817871,13.499333381652832,70384500,TSLA
2016-11-01,12.719332695007324,13.233332633972168,12.540666580200195,13.202667236328125,105900000,TSLA
2016-11-02,12.534667015075684,12.846667289733887,12.500666618347168,12.670000076293945,63801000,TSLA
2016-11-03,12.494667053222656,12.764666557312012,12.469332695007324,12.600000381469727,39795000,TSLA
2016-11-04,12.704000473022461,12.897333145141602,12.397333145141602,12.600000381469727,77190000,TSLA
2016-11-07,12.880666732788086,12.952667236328125,12.670000076293945,12.906000137329102,58051500,TSLA
2016-11-08,12.996000289916992,13.166000366210938,12.750666618347168,12.919333457946777,49014000,TSLA
2016-11-09,12.670666694641113,12.800000190734863,12.263333320617676,12.458666801452637,122596500,TSLA
2016-11-10,12.356666564941406,12.77400016784668,12.027999877929688,12.736666679382324,101254500,TSLA
2016-11-11,12.570667266845703,12.592000007629395,12.199999809265137,12.28266716003418,59827500,TSLA
2016-11-14,12.096667289733887,12.550000190734863,11.879332542419434,12.533332824707031,98283000,TSLA
2016-11-15,12.251333236694336,12.428667068481445,12.136667251586914,12.185333251953125,58530000,TSLA
2016-11-16,12.26200008392334,12.315333366394043,12.080666542053223,12.176667213439941,51516000,TSLA
2016-11-17,12.577333450317383,12.63266658782959,12.140666961669922,12.232666969299316,73306500,TSLA
2016-11-18,12.334667205810547,12.866666793823242,12.333333015441895,12.710000038146973,78154500,TSLA
2016-11-21,12.3013334274292,12.592666625976562,12.293999671936035,12.336000442504883,65415000,TSLA
2016-11-22,12.744667053222656,12.764666557312012,12.247332572937012,12.38933277130127,84051000,TSLA
2016-11-23,12.87600040435791,13.042667388916016,12.600000381469727,12.707332611083984,73378500,TSLA
2016-11-25,13.109999656677246,13.149333000183105,12.909333229064941,12.909333229064941,35491500,TSLA
2016-11-28,13.074666976928711,13.289999961853027,12.970000267028809,13.031999588012695,67938000,TSLA
2016-11-29,12.637999534606934,13.11533260345459,12.633333206176758,13.037332534790039,66589500,TSLA
2016-11-30,12.626667022705078,12.792667388916016,12.5,12.733332633972168,53206500,TSLA
2016-12-01,12.125332832336426,12.5686674118042,12.066666603088379,12.550000190734863,76896000,TSLA
2016-12-02,12.097999572753906,12.325332641601562,12.0,12.192000389099121,60634500,TSLA
2016-12-05,12.453332901000977,12.592666625976562,12.167332649230957,12.167332649230957,61083000,TSLA
2016-12-06,12.390000343322754,12.438667297363281,12.178667068481445,12.368000030517578,50874000,TSLA
2016-12-07,12.876667022705078,12.893333435058594,12.333333015441895,12.40999984741211,81928500,TSLA
2016-12-08,12.81933307647705,12.833333015441895,12.63599967956543,12.803333282470703,47911500,TSLA
2016-12-09,12.812000274658203,12.922666549682617,12.720666885375977,12.724666595458984,40837500,TSLA
2016-12-12,12.828666687011719,12.961333274841309,12.745332717895508,12.853333473205566,36583500,TSLA
2016-12-13,13.210000038146973,13.41866683959961,12.866666793823242,12.878666877746582,102358500,TSLA
2016-12-14,13.246000289916992,13.533332824707031,13.11733341217041,13.249333381652832,62263500,TSLA
2016-12-15,13.17199993133545,13.38266658782959,13.159333229064941,13.227333068847656,48294000,TSLA
2016-12-16,13.499333381652832,13.505999565124512,13.173333168029785,13.20533275604248,56953500,TSLA
2016-12-19,13.51533317565918,13.630000114440918,13.322667121887207,13.499333381652832,52321500,TSLA
2016-12-20,13.919333457946777,13.933333396911621,13.5,13.536666870117188,70336500,TSLA
2016-12-21,13.846667289733887,14.148667335510254,13.827333450317383,13.896666526794434,78114000,TSLA
2016-12-22,13.896666526794434,13.999333381652832,13.766667366027832,13.881333351135254,46666500,TSLA
2016-12-23,14.22266674041748,14.229999542236328,13.847332954406738,13.866666793823242,70057500,TSLA
2016-12-27,14.635333061218262,14.816666603088379,14.29466724395752,14.325332641601562,88735500,TSLA
2016-12-28,14.649333000183105,14.920000076293945,14.479999542236328,14.768667221069336,56737500,TSLA
2016-12-29,14.312000274658203,14.613332748413086,14.274666786193848,14.570667266845703,60675000,TSLA
2016-12-30,14.246000289916992,14.5,14.112000465393066,14.420000076293945,69639000,TSLA
2017-01-03,14.465999603271484,14.688667297363281,14.064000129699707,14.324000358581543,88849500,TSLA
2017-01-04,15.13266658782959,15.199999809265137,14.287332534790039,14.316666603088379,168202500,TSLA
2017-01-05,15.116666793823242,15.165332794189453,14.796667098999023,15.094667434692383,88675500,TSLA
2017-01-06,15.267333030700684,15.354000091552734,15.029999732971191,15.128666877746582,82918500,TSLA
2017-01-09,15.41866683959961,15.461333274841309,15.199999809265137,15.264666557312012,59692500,TSLA
2017-01-10,15.324666976928711,15.466667175292969,15.12600040435791,15.466667175292969,54900000,TSLA
2017-01-11,15.315333366394043,15.331999778747559,15.112000465393066,15.271332740783691,54762000,TSLA
2017-01-12,15.305999755859375,15.380000114440918,15.038666725158691,15.27066707611084,56853000,TSLA
2017-01-13,15.850000381469727,15.856666564941406,15.305999755859375,15.333333015441895,91395000,TSLA
2017-01-17,15.70533275604248,15.997332572937012,15.624667167663574,15.779999732971191,69262500,TSLA
2017-01-18,15.890666961669922,15.980667114257812,15.70533275604248,15.776666641235352,56535000,TSLA
2017-01-19,16.250667572021484,16.57866668701172,16.049999237060547,16.483333587646484,115984500,TSLA
2017-01-20,16.315332412719727,16.399999618530273,16.200666427612305,16.36400032043457,63064500,TSLA
2017-01-23,16.594667434692383,16.72599983215332,16.366666793823242,16.389999389648438,93943500,TSLA
2017-01-24,16.974000930786133,16.98666763305664,16.643333435058594,16.666667938232422,74482500,TSLA
2017-01-25,16.96466636657715,17.230667114257812,16.786666870117188,17.15399932861328,77139000,TSLA
2017-01-26,16.833999633789062,17.049333572387695,16.71666717529297,16.952667236328125,47281500,TSLA
2017-01-27,16.863332748413086,16.866666793823242,16.56800079345703,16.7586669921875,47494500,TSLA
2017-01-30,16.708667755126953,17.019332885742188,16.47333335876465,16.8353328704834,57016500,TSLA
2017-01-31,16.795333862304688,17.05933380126953,16.51333236694336,16.615999221801758,61741500,TSLA
2017-02-01,16.615999221801758,16.8799991607666,16.60333251953125,16.8700008392334,59382000,TSLA
2017-02-02,16.770000457763672,16.827999114990234,16.513999938964844,16.555999755859375,37497000,TSLA
2017-02-03,16.755332946777344,16.812000274658203,16.64533233642578,16.79400062561035,32800500,TSLA
2017-02-06,17.184667587280273,17.187999725341797,16.708667755126953,16.733333587646484,53437500,TSLA
2017-02-07,17.165332794189453,17.333332061767578,17.094667434692383,17.21266746520996,63672000,TSLA
2017-02-08,17.472000122070312,17.55733299255371,17.079999923706055,17.156667709350586,58995000,TSLA
2017-02-09,17.946666717529297,18.07866668701172,17.74333381652832,17.75,117303000,TSLA
2017-02-10,17.948667526245117,18.06333351135254,17.74066734313965,17.986000061035156,54295500,TSLA
2017-02-13,18.706666946411133,18.71933364868164,18.034000396728516,18.049333572387695,105444000,TSLA
2017-02-14,18.73200035095215,19.159332275390625,18.573999404907227,18.601999282836914,110178000,TSLA
2017-02-15,18.650667190551758,18.81599998474121,18.429332733154297,18.666667938232422,74218500,TSLA
2017-02-16,17.93000030517578,18.666667938232422,17.899999618530273,18.50666618347168,106159500,TSLA
2017-02-17,18.148666381835938,18.19266700744629,17.610000610351562,17.719999313354492,93856500,TSLA
2017-02-21,18.492666244506836,18.760000228881836,18.267332077026367,18.363332748413086,85150500,TSLA
2017-02-22,18.233999252319336,18.89666748046875,18.17333221435547,18.687332153320312,131325000,TSLA
2017-02-23,17.06599998474121,17.643999099731445,17.03733253479004,17.600000381469727,223728000,TSLA
2017-02-24,17.133333206176758,17.21666717529297,16.68000030517578,16.8439998626709,122574000,TSLA
2017-02-27,16.415332794189453,16.55733299255371,16.134000778198242,16.544666290283203,171912000,TSLA
2017-02-28,16.666000366210938,16.733333587646484,16.260000228881836,16.279333114624023,91171500,TSLA
2017-03-01,16.667999267578125,16.989999771118164,16.607332229614258,16.94533348083496,72142500,TSLA
2017-03-02,16.698667526245117,16.885332107543945,16.551332473754883,16.6473331451416,50277000,TSLA
2017-03-03,16.771333694458008,16.793333053588867,16.600000381469727,16.715999603271484,43791000,TSLA
2017-03-06,16.747333526611328,16.780000686645508,16.500667572021484,16.527332305908203,50332500,TSLA
2017-03-07,16.57266616821289,16.926000595092773,16.55466651916504,16.794666290283203,51892500,TSLA
2017-03-08,16.45800018310547,16.67133331298828,16.35466766357422,16.46666717529297,55878000,TSLA
2017-03-09,16.32666778564453,16.577333450317383,16.200000762939453,16.5086669921875,58189500,TSLA
2017-03-10,16.246000289916992,16.433332443237305,16.200000762939453,16.413999557495117,45994500,TSLA
2017-03-13,16.411333084106445,16.456666946411133,16.185333251953125,16.321332931518555,45339000,TSLA
2017-03-14,17.200000762939453,17.20800018310547,16.40133285522461,16.407333374023438,113976000,TSLA
2017-03-15,17.048667907714844,17.399999618530273,16.951332092285156,17.133333206176758,79962000,TSLA
2017-03-16,17.469999313354492,17.71666717529297,17.270666122436523,17.49333381652832,106983000,TSLA
2017-03-17,17.433332443237305,17.68866729736328,17.413333892822266,17.600000381469727,97462500,TSLA
2017-03-20,17.461332321166992,17.636667251586914,17.254667282104492,17.373332977294922,54214500,TSLA
2017-03-21,16.711999893188477,17.65333366394043,16.682666778564453,17.52199935913086,103629000,TSLA
2017-03-22,17.000667572021484,17.004667282104492,16.700666427612305,16.770666122436523,60889500,TSLA
2017-03-23,16.985332489013672,17.17799949645996,16.886667251586914,17.025999069213867,49803000,TSLA
2017-03-24,17.54400062561035,17.592666625976562,17.000667572021484,17.046667098999023,84709500,TSLA
2017-03-27,18.014667510986328,18.038000106811523,17.316667556762695,17.373332977294922,93462000,TSLA
2017-03-28,18.496667861938477,18.711999893188477,18.333332061767578,18.468000411987305,119814000,TSLA
2017-03-29,18.492000579833984,18.639999389648438,18.369333267211914,18.555999755859375,55143000,TSLA
2017-03-30,18.527999877929688,18.799999237060547,18.480667114257812,18.535999298095703,62226000,TSLA
2017-03-31,18.553333282470703,18.64533233642578,18.42133331298828,18.582000732421875,49419000,TSLA
2017-04-03,19.90133285522461,19.933332443237305,18.972000122070312,19.126667022705078,208329000,TSLA
2017-04-04,20.246667861938477,20.320667266845703,19.635332107543945,19.792667388916016,152019000,TSLA
2017-04-05,19.666667938232422,20.325332641601562,19.613332748413086,20.13599967956543,118213500,TSLA
2017-04-06,19.913333892822266,20.12933349609375,19.606666564941406,19.79199981689453,82809000,TSLA
2017-04-07,20.16933250427246,20.179332733154297,19.809999465942383,19.833332061767578,68694000,TSLA
2017-04-10,20.826000213623047,20.915332794189453,20.58066749572754,20.610000610351562,114967500,TSLA
2017-04-11,20.58066749572754,20.898000717163086,20.366666793823242,20.892000198364258,85869000,TSLA
2017-04-12,19.78933334350586,20.56333351135254,19.754667282104492,20.422666549682617,90760500,TSLA
2017-04-13,20.266666412353516,20.492666244506836,19.68666648864746,19.780000686645508,139269000,TSLA
2017-04-17,20.09600067138672,20.266666412353516,19.91200065612793,20.18000030517578,62080500,TSLA
2017-04-18,20.016666412353516,20.055999755859375,19.860000610351562,19.979999542236328,45535500,TSLA
2017-04-19,20.368000030517578,20.441333770751953,20.140666961669922,20.163999557495117,58470000,TSLA
2017-04-20,20.167333602905273,20.610000610351562,20.01533317565918,20.43400001525879,92241000,TSLA
2017-04-21,20.373332977294922,20.426666259765625,20.027999877929688,20.133333206176758,67647000,TSLA
2017-04-24,20.53533363342285,20.703332901000977,20.40133285522461,20.614667892456055,76252500,TSLA
2017-04-25,20.91933250427246,20.93199920654297,20.390666961669922,20.53333282470703,101065500,TSLA
2017-04-26,20.67799949645996,20.96666717529297,20.600000381469727,20.82466697692871,70425000,TSLA
2017-04-27,20.575332641601562,20.87266731262207,20.5,20.779333114624023,52029000,TSLA
2017-04-28,20.937999725341797,20.98666763305664,20.53333282470703,20.655332565307617,67582500,TSLA
2017-05-01,21.52199935913086,21.816667556762695,20.987333297729492,20.992000579833984,132444000,TSLA
2017-05-02,21.25933265686035,21.8439998626709,21.104000091552734,21.600000381469727,80742000,TSLA
2017-05-03,20.73466682434082,21.435333251953125,20.696666717529297,21.17799949645996,107001000,TSLA
2017-05-04,19.69733238220215,20.51799964904785,19.384000778198242,20.496000289916992,212280000,TSLA
2017-05-05,20.55666732788086,20.56999969482422,19.786666870117188,19.866666793823242,122659500,TSLA
2017-05-08,20.479333877563477,20.91933250427246,20.38800048828125,20.726667404174805,105097500,TSLA
2017-05-09,21.417333602905273,21.465999603271484,20.606666564941406,20.625333786010742,145147500,TSLA
2017-05-10,21.681333541870117,21.700000762939453,21.20800018310547,21.437332153320312,86124000,TSLA
2017-05-11,21.540000915527344,21.733333587646484,21.30666732788086,21.559999465942383,71307000,TSLA
2017-05-12,21.65399932861328,21.799999237060547,21.435333251953125,21.698667526245117,61824000,TSLA
2017-05-15,21.058666229248047,21.34666633605957,20.8353328704834,21.225332260131836,114330000,TSLA
2017-05-16,21.134000778198242,21.33733367919922,21.00933265686035,21.172666549682617,62287500,TSLA
2017-05-17,20.407333374023438,20.975332260131836,20.366666793823242,20.959333419799805,100678500,TSLA
2017-05-18,20.87066650390625,20.929332733154297,20.354000091552734,20.46666717529297,84807000,TSLA
2017-05-19,20.722000122070312,21.100000381469727,20.68000030517578,21.03333282470703,70314000,TSLA
2017-05-22,20.690000534057617,20.95800018310547,20.453332901000977,20.85333251953125,64938000,TSLA
2017-05-23,20.257333755493164,20.715333938598633,20.23200035095215,20.69733238220215,64776000,TSLA
2017-05-24,20.681333541870117,20.733333587646484,20.360000610351562,20.43400001525879,75499500,TSLA
2017-05-25,21.121999740600586,21.131332397460938,20.520666122436523,20.73466682434082,75210000,TSLA
2017-05-26,21.676000595092773,21.69933319091797,21.08733367919922,21.152000427246094,117033000,TSLA
2017-05-30,22.34000015258789,22.41866683959961,21.71733283996582,21.733333587646484,116743500,TSLA
2017-05-31,22.733999252319336,22.859333038330078,22.3439998626709,22.512666702270508,149451000,TSLA
2017-06-01,22.691333770751953,22.992000579833984,22.486000061035156,22.933332443237305,114120000,TSLA
2017-06-02,22.656667709350586,22.858667373657227,22.39533233642578,22.65133285522461,83853000,TSLA
2017-06-05,23.154666900634766,23.229333877563477,22.28066635131836,22.566667556762695,101766000,TSLA
2017-06-06,23.523332595825195,23.965999603271484,22.6646671295166,22.979999542236328,166302000,TSLA
2017-06-07,23.976667404174805,24.03333282470703,23.676000595092773,23.756000518798828,140970000,TSLA
2017-06-08,24.666667938232422,24.793333053588867,24.014667510986328,24.25,135922500,TSLA
2017-06-09,23.821332931518555,25.124666213989258,23.65333366394043,24.961332321166992,258921000,TSLA
2017-06-12,23.93400001525879,24.299999237060547,23.374666213989258,23.865999221801758,157765500,TSLA
2017-06-13,25.06333351135254,25.066667556762695,24.44066619873047,24.507999420166016,177118500,TSLA
2017-06-14,25.37733268737793,25.616666793823242,25.08733367919922,25.4060001373291,192276000,TSLA
2017-06-15,25.022666931152344,25.03066635131836,24.432666778564453,24.833332061767578,156397500,TSLA
2017-06-16,24.760000228881836,25.200666427612305,24.67333221435547,25.198667526245117,100965000,TSLA
2017-06-19,24.65333366394043,25.113332748413086,24.520000457763672,25.0,98239500,TSLA
2017-06-20,24.81599998474121,25.2586669921875,24.648666381835938,25.1113338470459,111580500,TSLA
2017-06-21,25.093332290649414,25.132667541503906,24.534666061401367,24.956666946411133,73848000,TSLA
2017-06-22,25.507333755493164,25.666667938232422,24.904666900634766,25.19933319091797,112947000,TSLA
2017-06-23,25.56333351135254,25.799333572387695,25.290000915527344,25.496667861938477,96687000,TSLA
2017-06-26,25.166000366210938,25.796667098999023,24.873332977294922,25.779333114624023,99061500,TSLA
2017-06-27,24.158000946044922,25.093332290649414,24.134666442871094,25.093332290649414,104946000,TSLA
2017-06-28,24.749332427978516,24.78266716003418,24.167999267578125,24.44533348083496,94537500,TSLA
2017-06-29,24.049999237060547,24.733333587646484,23.606666564941406,24.707332611083984,123315000,TSLA
2017-06-30,24.107332229614258,24.451332092285156,23.974666595458984,24.247333526611328,87727500,TSLA
2017-07-03,23.507999420166016,24.75666618347168,23.433332443237305,24.682666778564453,94581000,TSLA
2017-07-05,21.805999755859375,23.14933204650879,21.755332946777344,23.14666748046875,255700500,TSLA
2017-07-06,20.588666915893555,21.38599967956543,20.420000076293945,21.150667190551758,289867500,TSLA
2017-07-07,20.881332397460938,21.133333206176758,20.492000579833984,20.899999618530273,212653500,TSLA
2017-07-10,21.06999969482422,21.195999145507812,20.208667755126953,20.860000610351562,207313500,TSLA
2017-07-11,21.814666748046875,21.818666458129883,20.953332901000977,21.066667556762695,173391000,TSLA
2017-07-12,21.968000411987305,22.206666946411133,21.633333206176758,22.02666664123535,155191500,TSLA
2017-07-13,21.560667037963867,22.106666564941406,21.33133316040039,22.007333755493164,128917500,TSLA
2017-07-14,21.851999282836914,21.89466667175293,21.4146671295166,21.54599952697754,84378000,TSLA
2017-07-17,21.30466651916504,21.80666732788086,20.89666748046875,21.702667236328125,148153500,TSLA
2017-07-18,21.882667541503906,21.941999435424805,21.04400062561035,21.166667938232422,95605500,TSLA
2017-07-19,21.68400001525879,22.110000610351562,21.54800033569336,21.881999969482422,95355000,TSLA
2017-07-20,21.994667053222656,22.014667510986328,21.613332748413086,21.793333053588867,77493000,TSLA
2017-07-21,21.893333435058594,22.083999633789062,21.719999313354492,21.964000701904297,73524000,TSLA
2017-07-24,22.834667205810547,22.893333435058594,22.000667572021484,22.016000747680664,129556500,TSLA
2017-07-25,22.639999389648438,23.040000915527344,22.27666664123535,23.0,104838000,TSLA
2017-07-26,22.92333221435547,23.03333282470703,22.541332244873047,22.69066619873047,72312000,TSLA
2017-07-27,22.297332763671875,23.166667938232422,21.752666473388672,23.066667556762695,124536000,TSLA
2017-07-28,22.33799934387207,22.639999389648438,22.167333602905273,22.459333419799805,73206000,TSLA
2017-07-31,21.564666748046875,22.766000747680664,21.402666091918945,22.366666793823242,128026500,TSLA
2017-08-01,21.30466651916504,21.6299991607666,21.075332641601562,21.53333282470703,124546500,TSLA
2017-08-02,21.72599983215332,21.808000564575195,20.74799919128418,21.262666702270508,196372500,TSLA
2017-08-03,23.139333724975586,23.333332061767578,22.876667022705078,23.02199935913086,203025000,TSLA
2017-08-04,23.79400062561035,23.81800079345703,22.886667251586914,23.133333206176758,139033500,TSLA
2017-08-07,23.67799949645996,23.965333938598633,23.516666412353516,23.823333740234375,94867500,TSLA
2017-08-08,24.347999572753906,24.57200050354004,23.82666778564453,23.8353328704834,111747000,TSLA
2017-08-09,24.235332489013672,24.666667938232422,23.93000030517578,24.066667556762695,103381500,TSLA
2017-08-10,23.69333267211914,24.44333267211914,23.643999099731445,24.106666564941406,106393500,TSLA
2017-08-11,23.857999801635742,24.083999633789062,23.57466697692871,23.79800033569336,65487000,TSLA
2017-08-14,24.253332138061523,24.51066780090332,24.17333221435547,24.308666229248047,67788000,TSLA
2017-08-15,24.155332565307617,24.365999221801758,23.95800018310547,24.34666633605957,46276500,TSLA
2017-08-16,24.194000244140625,24.433332443237305,24.167999267578125,24.200000762939453,51207000,TSLA
2017-08-17,23.461332321166992,24.219999313354492,23.439332962036133,24.08066749572754,75415500,TSLA
2017-08-18,23.163999557495117,23.600000381469727,23.053333282470703,23.527332305908203,81123000,TSLA
2017-08-21,22.52400016784668,23.05466651916504,22.123332977294922,23.05466651916504,97431000,TSLA
2017-08-22,22.75666618347168,22.81599998474121,22.4913330078125,22.742000579833984,64830000,TSLA
2017-08-23,23.51799964904785,23.56599998474121,22.553333282470703,22.599332809448242,74317500,TSLA
2017-08-24,23.528667449951172,23.777332305908203,23.31599998474121,23.501333236694336,68770500,TSLA
2017-08-25,23.203332901000977,23.71266746520996,23.15333366394043,23.615999221801758,52260000,TSLA
2017-08-28,23.04400062561035,23.156667709350586,22.648000717163086,23.152000427246094,56460000,TSLA
2017-08-29,23.157333374023438,23.270000457763672,22.583332061767578,22.631999969482422,61105500,TSLA
2017-08-30,23.545333862304688,23.564666748046875,23.133333206176758,23.31133270263672,51193500,TSLA
2017-08-31,23.726667404174805,23.895999908447266,23.521333694458008,23.56999969482422,61092000,TSLA
2017-09-01,23.69333267211914,23.839332580566406,23.57933235168457,23.7413330078125,45742500,TSLA
2017-09-05,23.305999755859375,23.69933319091797,23.05933380126953,23.586666107177734,57526500,TSLA
2017-09-06,22.968666076660156,23.398666381835938,22.770666122436523,23.299999237060547,61371000,TSLA
2017-09-07,23.374000549316406,23.498666763305664,22.89666748046875,23.065332412719727,63588000,TSLA
2017-09-08,22.893333435058594,23.318666458129883,22.81999969482422,23.266000747680664,48952500,TSLA
2017-09-11,24.246000289916992,24.247333526611328,23.333332061767578,23.42333221435547,115006500,TSLA
2017-09-12,24.183332443237305,24.583999633789062,24.02666664123535,24.299333572387695,89593500,TSLA
2017-09-13,24.415332794189453,24.538000106811523,23.972667694091797,24.254667282104492,62778000,TSLA
2017-09-14,25.176000595092773,25.19733238220215,24.17533302307129,24.288667678833008,108037500,TSLA
2017-09-15,25.320667266845703,25.333332061767578,24.84666633605957,24.96733283996582,81307500,TSLA
2017-09-18,25.666667938232422,25.974000930786133,25.178667068481445,25.350000381469727,107820000,TSLA
2017-09-19,25.00666618347168,25.492666244506836,24.904666900634766,25.333332061767578,96778500,TSLA
2017-09-20,24.92733383178711,25.21666717529297,24.738000869750977,24.866666793823242,73786500,TSLA
2017-09-21,24.43199920654297,25.121999740600586,24.30066680908203,24.99333381652832,69273000,TSLA
2017-09-22,23.4060001373291,24.65999984741211,23.392000198364258,24.432666778564453,122391000,TSLA
2017-09-25,22.999332427978516,23.83133316040039,22.858667373657227,23.543333053588867,114088500,TSLA
2017-09-26,23.016666412353516,23.416000366210938,22.726667404174805,23.39533233642578,107344500,TSLA
2017-09-27,22.731332778930664,23.432666778564453,22.700000762939453,23.32666778564453,90904500,TSLA
2017-09-28,22.639999389648438,22.850000381469727,22.360000610351562,22.658666610717773,79794000,TSLA
2017-09-29,22.739999771118164,22.978666305541992,22.573333740234375,22.790666580200195,76606500,TSLA
2017-10-02,22.768667221069336,22.913333892822266,22.367332458496094,22.834667205810547,79302000,TSLA
2017-10-03,23.209333419799805,23.23666763305664,22.0853328704834,22.393333435058594,152304000,TSLA
2017-10-04,23.667333602905273,23.908000946044922,23.30666732788086,23.416667938232422,122452500,TSLA
2017-10-05,23.68866729736328,23.82933235168457,23.42333221435547,23.733333587646484,62575500,TSLA
2017-10-06,23.79199981689453,24.00666618347168,23.483333587646484,23.540000915527344,64462500,TSLA
2017-10-09,22.862667083740234,23.450000762939453,22.844667434692383,23.309999465942383,112405500,TSLA
2017-10-10,23.70599937438965,23.708667755126953,23.03533363342285,23.1200008392334,104677500,TSLA
2017-10-11,23.639999389648438,23.84000015258789,23.40999984741211,23.592666625976562,67512000,TSLA
2017-10-12,23.711999893188477,23.985332489013672,23.50933265686035,23.530000686645508,61305000,TSLA
2017-10-13,23.704666137695312,23.89933204650879,23.57866668701172,23.798667907714844,53107500,TSLA
2017-10-16,23.373332977294922,23.631999969482422,23.143999099731445,23.583999633789062,80632500,TSLA
2017-10-17,23.71666717529297,23.74799919128418,23.33799934387207,23.393999099731445,49399500,TSLA
2017-10-18,23.976667404174805,24.200000762939453,23.608667373657227,23.731332778930664,74086500,TSLA
2017-10-19,23.45400047302246,23.809999465942383,23.213333129882812,23.70400047302246,75927000,TSLA
2017-10-20,23.00666618347168,23.636667251586914,22.95599937438965,23.512666702270508,73956000,TSLA
2017-10-23,22.468000411987305,23.329999923706055,22.416667938232422,23.325332641601562,86209500,TSLA
2017-10-24,22.48933219909668,22.85333251953125,22.410667419433594,22.586666107177734,67375500,TSLA
2017-10-25,21.722667694091797,22.5,21.570667266845703,22.446666717529297,128911500,TSLA
2017-10-26,21.744667053222656,22.01533317565918,21.546667098999023,21.851999282836914,75352500,TSLA
2017-10-27,21.391332626342773,21.639333724975586,21.110666275024414,21.316667556762695,104695500,TSLA
2017-10-30,21.338666915893555,21.5853328704834,21.149999618530273,21.278667449951172,63816000,TSLA
2017-10-31,22.101999282836914,22.1299991607666,21.345333099365234,21.34866714477539,85084500,TSLA
2017-11-01,21.405332565307617,22.173999786376953,21.35066795349121,22.149999618530273,126859500,TSLA
2017-11-02,19.950666427612305,20.57933235168457,19.5086669921875,20.0086669921875,296871000,TSLA
2017-11-03,20.4060001373291,20.416667938232422,19.67533302307129,19.96666717529297,133410000,TSLA
2017-11-06,20.185333251953125,20.5,19.93400001525879,20.46666717529297,97290000,TSLA
2017-11-07,20.40333366394043,20.433332443237305,20.00200080871582,20.06800079345703,79414500,TSLA
2017-11-08,20.292667388916016,20.459333419799805,20.086666107177734,20.366666793823242,70879500,TSLA
2017-11-09,20.19933319091797,20.297332763671875,19.753332138061523,20.166667938232422,81706500,TSLA
2017-11-10,20.19933319091797,20.55733299255371,20.123332977294922,20.166667938232422,69381000,TSLA
2017-11-13,21.02666664123535,21.1200008392334,19.94066619873047,20.0086669921875,113773500,TSLA
2017-11-14,20.579999923706055,21.09000015258789,20.459999084472656,21.0,85141500,TSLA
2017-11-15,20.753332138061523,20.832666397094727,20.100000381469727,20.400667190551758,89680500,TSLA
2017-11-16,20.833332061767578,21.209333419799805,20.753332138061523,20.932666778564453,87331500,TSLA
2017-11-17,21.003332138061523,21.777999877929688,20.876667022705078,21.711332321166992,206026500,TSLA
2017-11-20,20.582666397094727,21.03333282470703,20.316667556762695,20.91933250427246,123715500,TSLA
2017-11-21,21.187332153320312,21.215333938598633,20.58066749572754,20.724000930786133,108919500,TSLA
2017-11-22,20.84000015258789,21.161333084106445,20.78933334350586,21.118000030517578,73764000,TSLA
2017-11-24,21.036666870117188,21.0939998626709,20.733333587646484,20.91933250427246,48661500,TSLA
2017-11-27,21.12066650390625,21.1560001373291,20.634000778198242,20.883333206176758,68338500,TSLA
2017-11-28,21.170000076293945,21.333332061767578,20.92799949645996,21.090667724609375,74242500,TSLA
2017-11-29,20.502666473388672,21.200000762939453,20.082000732421875,21.15333366394043,131511000,TSLA
2017-11-30,20.59000015258789,20.713333129882812,20.30266761779785,20.570667266845703,65274000,TSLA
2017-12-01,20.435333251953125,20.687999725341797,20.336666107177734,20.362667083740234,64393500,TSLA
2017-12-04,20.34666633605957,20.551332473754883,20.040666580200195,20.433332443237305,87526500,TSLA
2017-12-05,20.246667861938477,20.53333282470703,20.066667556762695,20.133333206176758,69697500,TSLA
2017-12-06,20.884000778198242,20.892667770385742,20.0,20.00666618347168,107929500,TSLA
2017-12-07,20.749332427978516,21.242000579833984,20.73666763305664,20.799999237060547,71709000,TSLA
2017-12-08,21.0086669921875,21.131999969482422,20.750667572021484,20.97333335876465,52027500,TSLA
2017-12-11,21.92733383178711,21.93400001525879,20.916667938232422,20.975332260131836,119070000,TSLA
2017-12-12,22.735332489013672,22.762666702270508,22.00200080871582,22.030000686645508,130998000,TSLA
2017-12-13,22.601999282836914,22.947999954223633,22.433332443237305,22.728666305541992,93322500,TSLA
2017-12-14,22.525999069213867,23.16266632080078,22.459999084472656,22.733999252319336,86998500,TSLA
2017-12-15,22.89666748046875,22.926666259765625,22.384000778198242,22.80266761779785,103998000,TSLA
2017-12-18,22.591333389282227,23.115333557128906,22.505332946777344,22.99333381652832,82143000,TSLA
2017-12-19,22.073333740234375,22.766000747680664,22.020000457763672,22.68400001525879,102375000,TSLA
2017-12-20,21.93199920654297,22.206666946411133,21.66933250427246,22.179332733154297,89307000,TSLA
2017-12-21,22.110666275024414,22.249332427978516,21.81399917602539,21.972667694091797,65778000,TSLA
2017-12-22,21.68000030517578,22.06133270263672,21.654666900634766,21.96733283996582,63237000,TSLA
2017-12-26,21.152666091918945,21.59600067138672,21.10533332824707,21.588666915893555,65676000,TSLA
2017-12-27,20.775999069213867,21.178667068481445,20.71666717529297,21.066667556762695,70681500,TSLA
2017-12-28,21.02400016784668,21.05466651916504,20.63599967956543,20.78333282470703,64744500,TSLA
2017-12-29,20.75666618347168,21.0939998626709,20.666667938232422,21.07866668701172,56658000,TSLA
2018-01-02,21.368667602539062,21.474000930786133,20.733333587646484,20.799999237060547,65283000,TSLA
2018-01-03,21.149999618530273,21.683332443237305,21.036666870117188,21.399999618530273,67822500,TSLA
2018-01-04,20.974666595458984,21.23666763305664,20.3786678314209,20.857999801635742,149194500,TSLA
2018-01-05,21.10533332824707,21.14933204650879,20.799999237060547,21.107999801635742,68868000,TSLA
2018-01-08,22.42733383178711,22.468000411987305,21.03333282470703,21.066667556762695,147891000,TSLA
2018-01-09,22.246000289916992,22.586666107177734,21.82666778564453,22.3439998626709,107199000,TSLA
2018-01-10,22.31999969482422,22.46666717529297,22.0,22.14666748046875,64648500,TSLA
2018-01-11,22.530000686645508,22.987333297729492,22.21733283996582,22.349332809448242,99682500,TSLA
2018-01-12,22.4146671295166,22.694000244140625,22.244667053222656,22.575332641601562,72376500,TSLA
2018-01-16,22.67066764831543,23.0,22.31999969482422,22.502666473388672,97114500,TSLA
2018-01-17,23.143999099731445,23.266666412353516,22.649999618530273,22.697999954223633,106552500,TSLA
2018-01-18,22.971332550048828,23.48666763305664,22.916000366210938,23.044666290283203,85287000,TSLA
2018-01-19,23.334667205810547,23.37266731262207,22.84000015258789,23.0,73324500,TSLA
2018-01-22,23.437332153320312,23.85533332824707,23.280000686645508,23.293333053588867,93156000,TSLA
2018-01-23,23.519332885742188,24.03333282470703,23.399999618530273,24.0,81981000,TSLA
2018-01-24,23.05933380126953,23.649999618530273,22.90133285522461,23.6386661529541,79312500,TSLA
2018-01-25,22.50933265686035,23.280000686645508,22.426666259765625,23.218000411987305,101104500,TSLA
2018-01-26,22.856666564941406,22.933332443237305,22.380666732788086,22.766666412353516,68091000,TSLA
2018-01-29,23.302000045776367,23.389999389648438,22.552000045776367,22.656667709350586,71206500,TSLA
2018-01-30,23.05466651916504,23.218000411987305,22.81133270263672,23.00933265686035,70765500,TSLA
2018-01-31,23.62066650390625,23.746000289916992,23.012666702270508,23.167333602905273,93211500,TSLA
2018-02-01,23.28333282470703,23.977333068847656,23.242000579833984,23.399999618530273,62965500,TSLA
2018-02-02,22.916667938232422,23.463333129882812,22.700666427612305,23.229333877563477,55572000,TSLA
2018-02-05,22.208667755126953,22.96466636657715,22.200000762939453,22.531333923339844,66961500,TSLA
2018-02-06,22.264667510986328,22.4146671295166,21.566667556762695,21.680667877197266,76326000,TSLA
2018-02-07,23.0,23.066667556762695,22.37733268737793,22.599332809448242,104538000,TSLA
2018-02-08,21.01533317565918,23.2413330078125,20.97333335876465,22.887332916259766,154719000,TSLA
2018-02-09,20.69466781616211,21.398666381835938,19.650667190551758,21.32866668701172,194005500,TSLA
2018-02-12,21.048667907714844,21.205333709716797,20.416667938232422,21.075332641601562,93417000,TSLA
2018-02-13,21.577333450317383,21.612667083740234,20.833999633789062,21.001333236694336,68403000,TSLA
2018-02-14,21.487333297729492,21.744667053222656,21.23466682434082,21.389333724975586,59260500,TSLA
2018-02-15,22.271333694458008,22.274667739868164,21.49333381652832,21.633333206176758,88693500,TSLA
2018-02-16,22.365999221801758,22.874666213989258,22.109333038330078,22.166667938232422,84639000,TSLA
2018-02-20,22.31800079345703,22.722667694091797,22.100000381469727,22.29800033569336,60141000,TSLA
2018-02-21,22.219999313354492,22.645999908447266,22.211332321166992,22.402000427246094,48294000,TSLA
2018-02-22,23.077999114990234,23.16266632080078,22.316667556762695,22.368667602539062,104547000,TSLA
2018-02-23,23.469999313354492,23.666000366210938,23.139999389648438,23.18866729736328,87261000,TSLA
2018-02-26,23.827999114990234,23.933332443237305,23.49066734313965,23.566667556762695,65100000,TSLA
2018-02-27,23.39933204650879,23.999332427978516,23.333999633789062,23.75,71961000,TSLA
2018-02-28,22.87066650390625,23.682666778564453,22.814666748046875,23.504667282104492,91045500,TSLA
2018-03-01,22.062000274658203,23.244667053222656,22.004667282104492,23.000667572021484,103284000,TSLA
2018-03-02,22.341333389282227,22.347999572753906,21.531333923339844,21.798667907714844,76392000,TSLA
2018-03-05,22.22333335876465,22.516666412353516,21.952667236328125,22.159332275390625,57357000,TSLA
2018-03-06,21.8799991607666,22.424667358398438,21.802000045776367,22.25,64285500,TSLA
2018-03-07,22.15333366394043,22.166667938232422,21.44933319091797,21.695999145507812,75109500,TSLA
2018-03-08,21.940000534057617,22.219999313354492,21.751333236694336,22.19066619873047,53493000,TSLA
2018-03-09,21.81133270263672,21.89933204650879,21.4913330078125,21.606666564941406,82602000,TSLA
2018-03-12,23.034000396728516,23.1473331451416,21.766666412353516,21.907333374023438,123960000,TSLA
2018-03-13,22.78933334350586,23.1473331451416,21.766666412353516,21.907333374023438,89487000,TSLA
2018-03-14,21.775333404541016,22.65399932861328,21.595333099365234,22.450666427612305,119511000,TSLA
2018-03-15,21.706666946411133,22.190000534057617,21.406667709350586,21.958667755126953,98472000,TSLA
2018-03-16,21.42333221435547,21.82666778564453,21.271333694458008,21.528667449951172,91759500,TSLA
2018-03-19,20.90399932861328,21.383333206176758,20.64466667175293,21.100000381469727,112264500,TSLA
2018-03-20,20.703332901000977,21.083332061767578,20.583999633789062,20.9913330078125,71464500,TSLA
2018-03-21,21.101999282836914,21.496000289916992,20.679332733154297,20.683332443237305,89376000,TSLA
2018-03-22,20.606666564941406,21.254667282104492,20.545333862304688,20.926000595092773,74097000,TSLA
2018-03-23,20.1026668548584,20.75,20.030000686645508,20.75,99823500,TSLA
2018-03-26,20.278667449951172,20.506000518798828,19.423999786376953,20.48933219909668,125628000,TSLA
2018-03-27,18.61199951171875,20.284666061401367,18.478666305541992,20.266666412353516,208080000,TSLA
2018-03-28,17.185333251953125,17.91200065612793,16.80666732788086,17.6386661529541,315021000,TSLA
2018-03-29,17.742000579833984,18.06399917602539,16.547332763671875,17.099332809448242,227560500,TSLA
2018-04-02,16.832000732421875,17.35533332824707,16.305999755859375,17.083999633789062,241710000,TSLA
2018-04-03,17.8353328704834,18.22333335876465,16.965999603271484,17.988000869750977,282666000,TSLA
2018-04-04,19.12933349609375,19.224666595458984,16.799999237060547,16.851999282836914,298450500,TSLA
2018-04-05,20.381332397460938,20.417333602905273,19.213333129882812,19.28933334350586,286816500,TSLA
2018-04-06,19.953332901000977,20.618667602539062,19.700000762939453,20.066667556762695,202804500,TSLA
2018-04-09,19.310667037963867,20.633333206176758,19.28066635131836,20.024667739868164,153747000,TSLA
2018-04-10,20.31333351135254,20.47333335876465,19.57866668701172,19.931333541870117,164847000,TSLA
2018-04-11,20.062000274658203,20.59866714477539,19.977333068847656,20.049333572387695,112243500,TSLA
2018-04-12,19.60533332824707,20.26333236694336,19.57866668701172,20.154666900634766,114132000,TSLA
2018-04-13,20.022666931152344,20.26333236694336,19.73200035095215,20.239999771118164,109908000,TSLA
2018-04-16,19.413999557495117,19.977333068847656,19.267332077026367,19.933332443237305,95077500,TSLA
2018-04-17,19.179332733154297,19.47800064086914,18.833999633789062,19.257999420166016,105000000,TSLA
2018-04-18,19.55666732788086,20.016000747680664,19.21066665649414,19.405332565307617,98365500,TSLA
2018-04-19,20.005332946777344,20.067333221435547,19.23666763305664,19.405332565307617,91359000,TSLA
2018-04-20,19.349332809448242,19.998666763305664,19.316667556762695,19.67799949645996,84418500,TSLA
2018-04-23,18.891332626342773,19.441333770751953,18.82200050354004,19.41933250427246,73401000,TSLA
2018-04-24,18.8973331451416,19.139333724975586,18.56399917602539,19.0,85279500,TSLA
2018-04-25,18.71266746520996,19.01066780090332,18.483333587646484,18.899999618530273,60204000,TSLA
2018-04-26,19.031999588012695,19.05266761779785,18.433332443237305,18.583332061767578,65340000,TSLA
2018-04-27,19.60533332824707,19.631332397460938,18.922000885009766,19.024667739868164,65469000,TSLA
2018-04-30,19.593332290649414,19.915332794189453,19.5,19.573999404907227,63423000,TSLA
2018-05-01,19.994667053222656,20.05466651916504,19.54800033569336,19.567333221435547,69384000,TSLA
2018-05-02,20.07666778564453,20.456666946411133,19.851999282836914,19.904666900634766,134556000,TSLA
2018-05-03,18.963333129882812,19.202667236328125,18.34866714477539,18.586000442504883,260281500,TSLA
2018-05-04,19.606000900268555,19.790666580200195,18.634666442871094,18.866666793823242,128541000,TSLA
2018-05-07,20.184667587280273,20.3973331451416,19.67799949645996,19.833332061767578,130173000,TSLA
2018-05-08,20.131332397460938,20.516666412353516,19.933332443237305,20.053333282470703,88950000,TSLA
2018-05-09,20.456666946411133,20.46733283996582,20.003332138061523,20.027332305908203,85911000,TSLA
2018-05-10,20.334667205810547,20.865999221801758,20.27400016784668,20.5,84774000,TSLA
2018-05-11,20.070667266845703,20.591999053955078,19.93866729736328,20.51333236694336,70194000,TSLA
2018-05-14,19.46466636657715,20.32933235168457,19.441333770751953,20.221332550048828,109302000,TSLA
2018-05-15,18.94533348083496,19.130666732788086,18.700000762939453,19.000667572021484,142788000,TSLA
2018-05-16,19.09866714477539,19.253999710083008,18.770666122436523,18.922000885009766,85110000,TSLA
2018-05-17,18.96933364868164,19.279333114624023,18.931333541870117,19.059999465942383,66309000,TSLA
2018-05-18,18.454666137695312,18.976667404174805,18.266666412353516,18.976667404174805,108778500,TSLA
2018-05-21,18.965999603271484,19.432666778564453,18.753332138061523,18.755332946777344,137739000,TSLA
2018-05-22,18.333999633789062,19.200000762939453,18.22800064086914,19.18400001525879,134187000,TSLA
2018-05-23,18.60466766357422,18.660667419433594,18.266666412353516,18.517332077026367,89776500,TSLA
2018-05-24,18.523332595825195,18.74066734313965,18.326000213623047,18.559999465942383,62650500,TSLA
2018-05-25,18.59000015258789,18.642667770385742,18.374000549316406,18.5086669921875,58126500,TSLA
2018-05-29,18.917333602905273,19.100000381469727,18.40999984741211,18.567333221435547,84999000,TSLA
2018-05-30,19.447999954223633,19.667333602905273,18.773332595825195,18.88599967956543,112345500,TSLA
2018-05-31,18.98200035095215,19.357999801635742,18.86199951171875,19.1473331451416,88795500,TSLA
2018-06-01,19.454666137695312,19.463333129882812,18.922666549682617,19.05733299255371,81366000,TSLA
2018-06-04,19.78266716003418,19.933332443237305,19.56999969482422,19.62266731262207,71967000,TSLA
2018-06-05,19.408666610717773,19.85333251953125,19.115999221801758,19.84666633605957,89928000,TSLA
2018-06-06,21.299999237060547,21.47800064086914,19.832000732421875,20.03333282470703,281509500,TSLA
2018-06-07,21.07266616821289,22.0,20.905332565307617,21.07666778564453,215179500,TSLA
2018-06-08,21.17733383178711,21.631999969482422,21.143333435058594,21.266666412353516,123078000,TSLA
2018-06-11,22.139999389648438,22.310667037963867,21.5,21.500667572021484,197752500,TSLA
2018-06-12,22.851333618164062,23.6646671295166,22.53333282470703,22.979999542236328,335211000,TSLA
2018-06-13,22.985332489013672,23.14666748046875,22.65333366394043,23.11400032043457,142047000,TSLA
2018-06-14,23.847999572753906,23.916667938232422,23.106666564941406,23.17533302307129,164715000,TSLA
2018-06-15,23.878000259399414,24.31133270263672,23.416667938232422,23.589332580566406,162724500,TSLA
2018-06-18,24.722000122070312,24.915332794189453,23.633333206176758,23.69333267211914,181098000,TSLA
2018-06-19,23.503332138061523,24.666667938232422,23.083332061767578,24.3439998626709,191428500,TSLA
2018-06-20,24.148000717163086,24.29199981689453,23.46666717529297,23.869333267211914,125755500,TSLA
2018-06-21,23.167333602905273,24.413999557495117,23.084667205810547,24.133333206176758,119506500,TSLA
2018-06-22,22.242000579833984,23.483333587646484,22.133333206176758,23.43600082397461,153991500,TSLA
2018-06-25,22.200666427612305,22.564666748046875,21.833332061767578,22.007999420166016,103969500,TSLA
2018-06-26,22.799999237060547,22.90333366394043,21.719999313354492,22.40333366394043,111787500,TSLA
2018-06-27,22.96666717529297,23.38599967956543,22.633333206176758,23.0,125005500,TSLA
2018-06-28,23.32866668701172,23.801332473754883,23.073999404907227,23.243999481201172,125970000,TSLA
2018-06-29,22.863332748413086,23.590667724609375,22.827333450317383,23.55533218383789,97386000,TSLA
2018-07-02,22.33799934387207,24.318666458129883,21.989999771118164,24.004667282104492,281397000,TSLA
2018-07-03,20.724000930786133,22.166000366210938,20.645999908447266,22.116666793823242,184239000,TSLA
2018-07-05,20.610666275024414,20.959333419799805,19.74799919128418,20.917333602905273,262146000,TSLA
2018-07-06,20.593332290649414,20.80466651916504,20.133333206176758,20.329999923706055,132982500,TSLA
2018-07-09,21.233999252319336,21.23466682434082,20.53333282470703,20.799333572387695,113952000,TSLA
2018-07-10,21.49799919128418,21.845333099365234,21.280000686645508,21.637332916259766,142072500,TSLA
2018-07-11,21.263999938964844,21.46266746520996,21.004667282104492,21.053333282470703,73261500,TSLA
2018-07-12,21.11400032043457,21.548667907714844,20.851333618164062,21.428667068481445,85818000,TSLA
2018-07-13,21.257999420166016,21.30533218383789,20.616666793823242,21.038667678833008,88047000,TSLA
2018-07-16,20.67333221435547,21.01066780090332,20.416667938232422,20.78066635131836,117280500,TSLA
2018-07-17,21.512666702270508,21.64933204650879,20.566667556762695,20.58733367919922,104943000,TSLA
2018-07-18,21.59000015258789,21.700000762939453,21.083332061767578,21.666667938232422,84363000,TSLA
2018-07-19,21.34866714477539,21.569332122802734,20.93400001525879,21.088666915893555,88729500,TSLA
2018-07-20,20.905332565307617,21.549333572387695,20.78066635131836,21.415332794189453,77433000,TSLA
2018-07-23,20.213333129882812,20.366666793823242,19.52400016784668,20.12266731262207,164893500,TSLA
2018-07-24,19.82866668701172,20.514667510986328,19.503332138061523,20.294666290283203,143862000,TSLA
2018-07-25,20.582666397094727,20.641332626342773,19.633333206176758,19.78266716003418,106131000,TSLA
2018-07-26,20.44333267211914,20.713333129882812,20.242666244506836,20.323333740234375,69457500,TSLA
2018-07-27,19.812000274658203,20.512666702270508,19.689332962036133,20.483333587646484,85549500,TSLA
2018-07-30,19.344667434692383,19.739999771118164,19.075332641601562,19.726667404174805,102211500,TSLA
2018-07-31,19.875999450683594,19.88800048828125,19.271333694458008,19.483333587646484,76153500,TSLA
2018-08-01,20.055999755859375,20.200000762939453,19.53333282470703,19.865999221801758,151941000,TSLA
2018-08-02,23.30266761779785,23.332666397094727,21.54400062561035,21.895999908447266,348225000,TSLA
2018-08-03,23.211332321166992,23.666667938232422,22.8353328704834,23.187332153320312,204847500,TSLA
2018-08-06,22.799333572387695,23.665332794189453,22.788000106811523,23.03066635131836,128464500,TSLA
2018-08-07,25.30466651916504,25.83066749572754,22.610000610351562,22.922666549682617,463137000,TSLA
2018-08-08,24.689332962036133,25.50933265686035,24.474666595458984,24.606000900268555,368568000,TSLA
2018-08-09,23.496667861938477,24.46733283996582,23.048667907714844,24.3700008392334,257757000,TSLA
2018-08-10,23.69933319091797,24.0,23.066667556762695,23.600000381469727,173280000,TSLA
2018-08-13,23.76066780090332,24.21266746520996,23.26799964904785,24.075332641601562,156958500,TSLA
2018-08-14,23.176000595092773,23.946666717529297,23.139999389648438,23.89666748046875,104796000,TSLA
2018-08-15,22.57933235168457,22.965999603271484,22.142667770385742,22.79400062561035,136519500,TSLA
2018-08-16,22.363332748413086,22.818666458129883,22.254667282104492,22.660667419433594,90960000,TSLA
2018-08-17,20.366666793823242,21.784666061401367,20.235332489013672,21.566667556762695,284379000,TSLA
2018-08-20,20.562667846679688,20.566667556762695,19.213333129882812,19.446666717529297,261034500,TSLA
2018-08-21,21.459999084472656,21.652666091918945,20.600000381469727,20.707332611083984,197583000,TSLA
2018-08-22,21.44266700744629,21.591999053955078,20.97800064086914,21.391332626342773,89190000,TSLA
2018-08-23,21.34000015258789,21.821332931518555,21.206666946411133,21.275999069213867,77209500,TSLA
2018-08-24,21.521333694458008,21.59000015258789,21.293333053588867,21.3799991607666,54039000,TSLA
2018-08-27,21.284666061401367,21.496000289916992,20.58733367919922,21.200000762939453,196189500,TSLA
2018-08-28,20.790666580200195,21.2586669921875,20.746000289916992,21.227333068847656,114736500,TSLA
2018-08-29,20.333999633789062,20.790000915527344,20.246000289916992,20.684667587280273,111711000,TSLA
2018-08-30,20.209999084472656,20.30666732788086,19.847999572753906,20.150667190551758,108250500,TSLA
2018-08-31,20.110666275024414,20.354000091552734,19.906667709350586,20.133333206176758,80626500,TSLA
2018-09-04,19.26333236694336,19.87933349609375,19.200000762939453,19.79599952697754,125257500,TSLA
2018-09-05,18.715999603271484,19.118667602539062,18.478666305541992,19.003332138061523,115812000,TSLA
2018-09-06,18.729999542236328,19.411333084106445,18.591999053955078,18.98666763305664,112212000,TSLA
2018-09-07,17.549333572387695,17.889999389648438,16.816667556762695,17.34000015258789,337378500,TSLA
2018-09-10,19.03333282470703,19.068666458129883,18.066667556762695,18.21733283996582,214252500,TSLA
2018-09-11,18.62933349609375,18.799999237060547,18.23666763305664,18.631332397460938,137550000,TSLA
2018-09-12,19.369333267211914,19.5,18.57666778564453,18.762666702270508,150231000,TSLA
2018-09-13,19.297332763671875,19.666667938232422,19.011999130249023,19.201332092285156,95104500,TSLA
2018-09-14,19.68000030517578,19.82200050354004,19.101333618164062,19.250667572021484,101484000,TSLA
2018-09-17,19.6560001373291,20.058000564575195,19.208667755126953,19.336000442504883,103314000,TSLA
2018-09-18,18.997333526611328,20.176000595092773,18.366666793823242,19.779333114624023,248212500,TSLA
2018-09-19,19.934667587280273,20.0,18.700000762939453,18.700666427612305,124423500,TSLA
2018-09-20,19.8886661529541,20.398666381835938,19.55533218383789,20.237333297729492,110241000,TSLA
2018-09-21,19.940000534057617,20.038667678833008,19.691333770751953,19.84666633605957,75757500,TSLA
2018-09-24,19.978666305541992,20.200000762939453,19.57200050354004,19.898666381835938,72645000,TSLA
2018-09-25,20.06599998474121,20.30666732788086,19.766666412353516,20.0,67225500,TSLA
2018-09-26,20.6386661529541,20.926000595092773,20.073999404907227,20.12733268737793,117648000,TSLA
2018-09-27,20.501333236694336,20.997333526611328,20.46066665649414,20.860000610351562,127636500,TSLA
2018-09-28,17.65133285522461,18.53333282470703,17.37066650390625,18.017332077026367,504745500,TSLA
2018-10-01,20.713333129882812,20.762666702270508,20.06999969482422,20.384666442871094,326664000,TSLA
2018-10-02,20.06800079345703,21.12266731262207,19.94333267211914,20.93000030517578,176152500,TSLA
2018-10-03,19.65333366394043,20.30666732788086,19.437999725341797,20.222000122070312,119925000,TSLA
2018-10-04,18.788667678833008,19.600000381469727,18.511333465576172,19.59666633605957,147213000,TSLA
2018-10-05,17.463333129882812,18.325332641601562,17.333332061767578,18.309999465942383,269167500,TSLA
2018-10-08,16.70400047302246,17.85066795349121,16.600000381469727,17.634666442871094,202090500,TSLA
2018-10-09,17.520000457763672,17.784666061401367,16.886667251586914,17.016666412353516,180909000,TSLA
2018-10-10,17.125333786010742,17.700666427612305,16.51799964904785,17.640666961669922,192229500,TSLA
2018-10-11,16.815332412719727,17.483333587646484,16.601999282836914,17.16866683959961,122515500,TSLA
2018-10-12,17.25200080871582,17.465999603271484,16.80066680908203,17.399999618530273,108021000,TSLA
2018-10-15,17.305999755859375,17.552000045776367,16.96933364868164,17.270666122436523,93000000,TSLA
2018-10-16,18.439332962036133,18.492000579833984,17.482667922973633,17.713333129882812,142896000,TSLA
2018-10-17,18.118667602539062,18.84666633605957,17.719999313354492,18.82666778564453,129832500,TSLA
2018-10-18,17.5939998626709,18.066667556762695,17.53333282470703,17.952667236328125,81318000,TSLA
2018-10-19,17.333332061767578,17.977333068847656,16.899999618530273,17.826000213623047,140632500,TSLA
2018-10-22,17.39666748046875,17.457332611083984,16.839332580566406,17.3786678314209,84004500,TSLA
2018-10-23,19.609333038330078,19.86199951171875,17.47333335876465,17.591333389282227,285417000,TSLA
2018-10-24,19.233333587646484,20.29599952697754,19.048667907714844,20.06999969482422,300874500,TSLA
2018-10-25,20.99066734313965,21.399999618530273,20.067333221435547,21.148000717163086,312610500,TSLA
2018-10-26,22.059999465942383,22.65999984741211,20.44333267211914,20.549999237060547,411382500,TSLA
2018-10-29,22.323333740234375,23.143999099731445,21.766666412353516,22.49799919128418,217290000,TSLA
2018-10-30,21.99333381652832,22.52666664123535,21.483999252319336,21.892667770385742,136900500,TSLA
2018-10-31,22.488000869750977,22.799999237060547,21.940000534057617,22.16933250427246,114364500,TSLA
2018-11-01,22.95199966430664,23.189332962036133,22.315332412719727,22.55066680908203,120001500,TSLA
2018-11-02,23.0939998626709,23.280000686645508,22.727333068847656,22.916000366210938,117120000,TSLA
2018-11-05,22.760000228881836,22.930667877197266,22.00933265686035,22.700000762939453,117465000,TSLA
2018-11-06,22.737333297729492,23.253332138061523,22.4060001373291,22.60466766357422,101443500,TSLA
2018-11-07,23.21066665649414,23.41200065612793,22.719999313354492,22.889333724975586,110617500,TSLA
2018-11-08,23.426666259765625,23.838666915893555,23.229333877563477,23.233333587646484,106360500,TSLA
2018-11-09,23.367332458496094,23.600000381469727,23.01533317565918,23.266666412353516,76482000,TSLA
2018-11-12,22.0853328704834,23.318666458129883,22.022666931152344,23.224666595458984,104122500,TSLA
2018-11-13,22.582000732421875,22.979999542236328,22.14666748046875,22.21066665649414,81729000,TSLA
2018-11-14,22.933332443237305,23.140666961669922,22.476667404174805,22.84666633605957,75604500,TSLA
2018-11-15,23.229333877563477,23.238666534423828,22.6026668548584,22.82200050354004,69385500,TSLA
2018-11-16,23.62066650390625,23.713333129882812,23.007999420166016,23.012666702270508,108093000,TSLA
2018-11-19,23.564666748046875,24.450000762939453,23.525333404541016,23.756000518798828,145633500,TSLA
2018-11-20,23.166000366210938,23.31999969482422,22.23666763305664,22.78333282470703,120070500,TSLA
2018-11-21,22.54599952697754,23.540000915527344,22.49333381652832,23.46666717529297,70302000,TSLA
2018-11-23,21.722000122070312,22.5,21.703332901000977,22.290000915527344,63039000,TSLA
2018-11-26,23.066667556762695,23.08133316040039,21.666667938232422,21.666667938232422,119881500,TSLA
2018-11-27,22.92799949645996,23.130666732788086,22.366666793823242,22.670000076293945,95374500,TSLA
2018-11-28,23.191333770751953,23.218666076660156,22.81399917602539,23.06599998474121,61914000,TSLA
2018-11-29,22.744667053222656,23.166667938232422,22.636667251586914,23.133333206176758,46210500,TSLA
2018-11-30,23.365333557128906,23.440000534057617,22.55066680908203,22.788667678833008,84436500,TSLA
2018-12-03,23.89933204650879,24.399999618530273,23.46666717529297,24.0,124597500,TSLA
2018-12-04,23.979999542236328,24.57866668701172,23.46666717529297,23.73666763305664,126928500,TSLA
2018-12-06,24.20400047302246,24.492000579833984,23.384000778198242,23.733999252319336,117637500,TSLA
2018-12-07,23.864667892456055,25.299333572387695,23.843332290649414,24.600000381469727,172668000,TSLA
2018-12-10,24.343332290649414,24.398666381835938,23.541332244873047,24.0,99202500,TSLA
2018-12-11,24.450666427612305,24.81133270263672,24.01533317565918,24.660667419433594,94632000,TSLA
2018-12-12,24.440000534057617,24.79400062561035,24.3439998626709,24.628000259399414,75405000,TSLA
2018-12-13,25.119333267211914,25.16266632080078,24.450000762939453,24.676666259765625,110488500,TSLA
2018-12-14,24.380666732788086,25.191333770751953,24.288667678833008,25.0,95064000,TSLA
2018-12-17,23.22800064086914,24.3799991607666,22.92533302307129,24.133333206176758,115110000,TSLA
2018-12-18,22.468666076660156,23.43666648864746,22.246000289916992,23.369333267211914,106500000,TSLA
2018-12-19,22.197999954223633,23.134000778198242,21.982667922973633,22.50666618347168,124113000,TSLA
2018-12-20,21.025333404541016,22.019332885742188,20.791332244873047,21.803333282470703,136078500,TSLA
2018-12-21,21.31800079345703,21.564666748046875,20.82933235168457,21.15999984741211,120252000,TSLA
2018-12-24,19.69266700744629,20.96666717529297,19.68000030517578,20.899999618530273,83398500,TSLA
2018-12-26,21.73933219909668,21.79800033569336,19.606000900268555,20.0,122446500,TSLA
2018-12-27,21.075332641601562,21.47800064086914,20.100000381469727,21.32266616821289,128626500,TSLA
2018-12-28,22.257999420166016,22.416000366210938,21.227333068847656,21.540000915527344,149085000,TSLA
2018-12-31,22.18666648864746,22.61400032043457,21.68400001525879,22.519332885742188,94534500,TSLA
2019-01-02,20.674667358398438,21.0086669921875,19.920000076293945,20.406667709350586,174879000,TSLA
2019-01-03,20.02400016784668,20.626667022705078,19.825332641601562,20.46666717529297,104478000,TSLA
2019-01-04,21.179332733154297,21.200000762939453,20.18199920654297,20.399999618530273,110911500,TSLA
2019-01-07,22.33066749572754,22.44933319091797,21.183332443237305,21.447999954223633,113268000,TSLA
2019-01-08,22.356666564941406,22.93400001525879,21.801332473754883,22.797332763671875,105127500,TSLA
2019-01-09,22.568666458129883,22.899999618530273,22.097999572753906,22.366666793823242,81493500,TSLA
2019-01-10,22.99799919128418,23.025999069213867,22.119333267211914,22.293333053588867,90846000,TSLA
2019-01-11,23.150667190551758,23.227333068847656,22.584667205810547,22.805999755859375,75586500,TSLA
2019-01-14,22.293333053588867,22.833332061767578,22.266666412353516,22.825332641601562,78709500,TSLA
2019-01-15,22.961999893188477,23.253332138061523,22.299999237060547,22.333332061767578,90849000,TSLA
2019-01-16,23.06999969482422,23.46666717529297,22.899999618530273,22.985332489013672,70375500,TSLA
2019-01-17,23.15399932861328,23.433332443237305,22.94333267211914,23.08066749572754,55150500,TSLA
2019-01-18,20.150667190551758,21.808666229248047,19.98200035095215,21.53333282470703,362262000,TSLA
2019-01-22,19.92799949645996,20.53333282470703,19.700000762939453,20.321332931518555,181000500,TSLA
2019-01-23,19.172666549682617,19.633333206176758,18.779333114624023,19.5,187950000,TSLA
2019-01-24,19.43400001525879,19.57866668701172,18.618667602539062,18.868667602539062,120183000,TSLA
2019-01-25,19.80266761779785,19.90133285522461,19.303333282470703,19.625999450683594,108744000,TSLA
2019-01-28,19.7586669921875,19.83066749572754,19.183332443237305,19.527332305908203,96349500,TSLA
2019-01-29,19.83066749572754,19.90399932861328,19.453332901000977,19.684667587280273,69325500,TSLA
2019-01-30,20.584667205810547,20.600000381469727,19.89933204650879,20.030000686645508,168754500,TSLA
2019-01-31,20.468000411987305,20.770666122436523,19.600000381469727,20.066667556762695,188538000,TSLA
2019-02-01,20.81399917602539,21.073333740234375,20.233333587646484,20.3613338470459,109251000,TSLA
2019-02-04,20.859333038330078,21.020000457763672,20.125333786010742,20.865333557128906,110281500,TSLA
2019-02-05,21.42333221435547,21.496000289916992,20.816667556762695,20.832666397094727,101142000,TSLA
2019-02-06,21.148000717163086,21.615999221801758,21.041332244873047,21.305999755859375,75577500,TSLA
2019-02-07,20.500667572021484,20.979999542236328,20.200000762939453,20.886667251586914,97809000,TSLA
2019-02-08,20.386667251586914,20.496667861938477,19.899999618530273,20.455333709716797,87663000,TSLA
2019-02-11,20.856000900268555,21.239999771118164,20.700000762939453,20.773332595825195,106945500,TSLA
2019-02-12,20.78733253479004,21.21266746520996,20.641332626342773,21.079999923706055,82764000,TSLA
2019-02-13,20.544666290283203,20.850000381469727,20.3713321685791,20.823333740234375,77124000,TSLA
2019-02-14,20.251333236694336,20.451332092285156,20.066667556762695,20.225332260131836,78012000,TSLA
2019-02-15,20.525333404541016,20.53333282470703,20.260000228881836,20.299999237060547,58573500,TSLA
2019-02-19,20.375999450683594,20.769332885742188,20.364667892456055,20.437332153320312,62526000,TSLA
2019-02-20,20.17066764831543,20.420000076293945,19.933332443237305,20.29400062561035,107131500,TSLA
2019-02-21,19.415332794189453,20.215999603271484,19.366666793823242,20.12066650390625,133638000,TSLA
2019-02-22,19.6473331451416,19.766666412353516,19.47333335876465,19.632667541503906,86109000,TSLA
2019-02-25,19.917999267578125,20.19333267211914,19.799999237060547,19.860666275024414,99397500,TSLA
2019-02-26,19.857332229614258,20.134000778198242,19.251333236694336,19.481332778930664,128737500,TSLA
2019-02-27,20.982667922973633,21.086666107177734,20.036666870117188,20.118667602539062,167758500,TSLA
2019-02-28,21.325332641601562,21.333332061767578,20.720666885375977,21.261333465576172,157810500,TSLA
2019-03-01,19.652666091918945,20.475332260131836,19.459999084472656,20.46266746520996,343671000,TSLA
2019-03-04,19.02400016784668,19.933332443237305,18.851999282836914,19.874666213989258,256452000,TSLA
2019-03-05,18.43600082397461,18.933332443237305,18.00666618347168,18.799999237060547,281470500,TSLA
2019-03-06,18.416000366210938,18.767332077026367,18.292667388916016,18.43199920654297,155032500,TSLA
2019-03-07,18.439332962036133,18.979999542236328,18.28333282470703,18.589332580566406,141637500,TSLA
2019-03-08,18.94266700744629,19.03933334350586,18.392667770385742,18.46066665649414,132294000,TSLA
2019-03-11,19.39466667175293,19.41866683959961,18.700000762939453,18.90133285522461,110884500,TSLA
2019-03-12,18.890666961669922,19.204666137695312,18.737333297729492,19.099332809448242,112561500,TSLA
2019-03-13,19.263999938964844,19.465999603271484,18.84666633605957,18.926666259765625,102670500,TSLA
2019-03-14,19.33066749572754,19.69266700744629,19.21933364868164,19.496667861938477,106551000,TSLA
2019-03-15,18.36199951171875,18.9146671295166,18.293333053588867,18.900667190551758,221782500,TSLA
2019-03-18,17.965999603271484,18.536666870117188,17.81999969482422,18.399999618530273,154215000,TSLA
2019-03-19,17.83133316040039,18.219999313354492,17.56399917602539,17.833332061767578,177009000,TSLA
2019-03-20,18.239999771118164,18.33133316040039,17.753332138061523,17.979333877563477,103623000,TSLA
2019-03-21,18.26799964904785,18.43000030517578,17.89666748046875,18.17333221435547,89206500,TSLA
2019-03-22,17.635332107543945,18.18666648864746,17.600000381469727,18.172000885009766,131184000,TSLA
2019-03-25,17.3613338470459,17.545333862304688,16.964000701904297,17.31399917602539,153225000,TSLA
2019-03-26,17.851333618164062,18.017332077026367,17.6286678314209,17.62933349609375,110263500,TSLA
2019-03-27,18.32200050354004,18.357999801635742,17.8786678314209,17.916667938232422,131688000,TSLA
2019-03-28,18.57466697692871,18.68866729736328,18.34000015258789,18.477333068847656,101611500,TSLA
2019-03-29,18.657333374023438,18.67733383178711,18.299999237060547,18.579999923706055,89869500,TSLA
2019-04-01,19.278667449951172,19.280000686645508,18.75200080871582,18.841333389282227,121656000,TSLA
2019-04-02,19.058666229248047,19.29599952697754,18.92533302307129,19.219999313354492,82183500,TSLA
2019-04-03,19.45400047302246,19.744667053222656,19.14466667175293,19.154666900634766,118791000,TSLA
2019-04-04,17.851999282836914,18.079999923706055,17.37266731262207,17.459333419799805,355810500,TSLA
2019-04-05,18.33066749572754,18.406667709350586,17.74066734313965,17.99066734313965,195574500,TSLA
2019-04-08,18.213333129882812,18.743999481201172,18.029333114624023,18.512666702270508,156156000,TSLA
2019-04-09,18.15399932861328,18.333332061767578,17.974000930786133,18.110000610351562,88560000,TSLA
2019-04-10,18.40399932861328,18.558666229248047,18.19266700744629,18.44933319091797,105919500,TSLA
2019-04-11,17.89466667175293,18.03333282470703,17.706666946411133,17.886667251586914,147538500,TSLA
2019-04-12,17.84666633605957,18.1299991607666,17.788667678833008,18.014667510986328,101190000,TSLA
2019-04-15,17.7586669921875,17.92533302307129,17.242000579833984,17.908666610717773,150579000,TSLA
2019-04-16,18.224000930786133,18.333332061767578,17.648000717163086,17.71666717529297,109093500,TSLA
2019-04-17,18.082000732421875,18.319332122802734,17.902666091918945,18.316667556762695,76897500,TSLA
2019-04-18,18.21733283996582,18.32266616821289,17.983333587646484,18.082000732421875,88144500,TSLA
2019-04-22,17.516666412353516,17.978666305541992,17.498666763305664,17.933332443237305,182206500,TSLA
2019-04-23,17.593332290649414,17.706666946411133,17.049999237060547,17.343332290649414,164158500,TSLA
2019-04-24,17.243999481201172,17.687999725341797,17.200000762939453,17.59000015258789,160912500,TSLA
2019-04-25,16.5086669921875,17.266666412353516,16.404666900634766,17.0,327741000,TSLA
2019-04-26,15.675999641418457,16.44533348083496,15.408666610717773,16.433332443237305,335410500,TSLA
2019-04-29,16.097999572753906,16.26533317565918,15.477999687194824,15.723999977111816,250717500,TSLA
2019-04-30,15.912667274475098,16.28066635131836,15.800000190734863,16.137332916259766,141969000,TSLA
2019-05-01,15.600666999816895,16.0,15.433333396911621,15.923333168029785,160566000,TSLA
2019-05-02,16.273332595825195,16.475332260131836,15.847999572753906,16.368000030517578,272389500,TSLA
2019-05-03,17.00200080871582,17.107332229614258,16.232667922973633,16.257333755493164,355602000,TSLA
2019-05-06,17.022666931152344,17.22333335876465,16.566667556762695,16.667999267578125,162508500,TSLA
2019-05-07,16.470666885375977,17.1473331451416,16.34000015258789,17.1200008392334,151971000,TSLA
2019-05-08,16.32266616821289,16.706666946411133,16.280000686645508,16.46266746520996,92646000,TSLA
2019-05-09,16.131999969482422,16.245332717895508,15.795999526977539,16.133333206176758,100671000,TSLA
2019-05-10,15.968000411987305,16.132667541503906,15.73466682434082,15.983332633972168,105124500,TSLA
2019-05-13,15.133999824523926,15.498000144958496,14.966667175292969,15.46733283996582,162522000,TSLA
2019-05-14,15.487333297729492,15.633333206176758,15.199999809265137,15.286666870117188,108786000,TSLA
2019-05-15,15.463333129882812,15.496000289916992,15.016667366027832,15.288000106811523,109440000,TSLA
2019-05-16,15.222000122070312,15.399999618530273,15.100000381469727,15.299332618713379,112249500,TSLA
2019-05-17,14.0686674118042,14.815999984741211,13.928000450134277,14.797332763671875,266800500,TSLA
2019-05-20,13.690667152404785,13.733332633972168,13.016667366027832,13.520000457763672,307893000,TSLA
2019-05-21,13.67199993133545,13.826666831970215,13.06933307647705,13.184000015258789,270058500,TSLA
2019-05-22,12.84866714477539,13.595999717712402,12.785332679748535,13.273332595825195,280278000,TSLA
2019-05-23,13.03266716003418,13.29800033569336,12.414667129516602,12.956000328063965,398206500,TSLA
2019-05-24,12.708666801452637,13.331999778747559,12.583333015441895,13.321999549865723,212049000,TSLA
2019-05-28,12.579999923706055,13.0,12.523332595825195,12.74666690826416,154693500,TSLA
2019-05-29,12.657333374023438,12.826000213623047,12.336000442504883,12.473333358764648,179529000,TSLA
2019-05-30,12.54800033569336,12.817333221435547,12.468000411987305,12.583333015441895,118897500,TSLA
2019-05-31,12.343999862670898,12.661333084106445,12.273332595825195,12.34000015258789,156100500,TSLA
2019-06-03,11.9313325881958,12.445332527160645,11.799332618713379,12.36733341217041,195966000,TSLA
2019-06-04,12.90666675567627,12.932000160217285,11.973999977111816,12.073332786560059,207112500,TSLA
2019-06-05,13.105999946594238,13.41866683959961,12.789999961853027,13.245332717895508,202662000,TSLA
2019-06-06,13.729999542236328,14.066666603088379,13.453332901000977,13.629332542419434,303633000,TSLA
2019-06-07,13.633333206176758,14.055999755859375,13.566666603088379,13.666666984558105,240052500,TSLA
2019-06-10,14.192000389099121,14.462667465209961,13.934000015258789,14.016667366027832,158775000,TSLA
2019-06-11,14.473333358764648,14.726667404174805,14.233332633972168,14.609333038330078,174802500,TSLA
2019-06-12,13.950667381286621,14.892000198364258,13.933333396911621,14.863332748413086,227962500,TSLA
2019-06-13,14.260666847229004,14.326666831970215,13.833999633789062,14.025333404541016,122524500,TSLA
2019-06-14,14.32800006866455,14.44333267211914,14.026666641235352,14.083333015441895,111501000,TSLA
2019-06-17,15.001999855041504,15.133333206176758,14.284667015075684,14.36533260345459,184752000,TSLA
2019-06-18,14.982666969299316,15.649333000183105,14.837332725524902,15.248000144958496,190737000,TSLA
2019-06-19,15.095333099365234,15.184666633605957,14.737333297729492,15.007332801818848,98626500,TSLA
2019-06-20,14.641332626342773,15.126667022705078,14.423333168029785,14.866666793823242,177952500,TSLA
2019-06-21,14.790666580200195,14.812000274658203,14.366666793823242,14.414667129516602,123031500,TSLA
2019-06-24,14.909333229064941,15.057332992553711,14.73466682434082,14.88266658782959,86262000,TSLA
2019-06-25,14.650667190551758,15.022666931152344,14.63266658782959,14.959333419799805,92731500,TSLA
2019-06-26,14.618000030517578,15.148667335510254,14.539999961853027,14.687333106994629,127608000,TSLA
2019-06-27,14.855999946594238,14.859999656677246,14.489999771118164,14.630000114440918,95095500,TSLA
2019-06-28,14.897333145141602,15.011333465576172,14.720000267028809,14.732666969299316,102771000,TSLA
2019-07-01,15.14466667175293,15.539999961853027,15.085332870483398,15.347332954406738,123201000,TSLA
2019-07-02,14.970000267028809,15.276666641235352,14.814666748046875,15.259332656860352,138885000,TSLA
2019-07-03,15.65999984741211,16.10466766357422,15.633999824523926,15.959333419799805,213016500,TSLA
2019-07-05,15.539999961853027,15.696666717529297,15.386667251586914,15.637999534606934,105985500,TSLA
2019-07-08,15.355999946594238,15.483332633972168,15.244000434875488,15.416000366210938,88207500,TSLA
2019-07-09,15.337332725524902,15.399999618530273,15.152000427246094,15.264666557312012,92862000,TSLA
2019-07-10,15.928000450134277,15.929332733154297,15.542667388916016,15.609999656677246,137185500,TSLA
2019-07-11,15.90666675567627,16.100000381469727,15.720000267028809,15.87600040435791,112716000,TSLA
2019-07-12,16.338666915893555,16.358667373657227,15.980667114257812,15.983332633972168,138007500,TSLA
2019-07-15,16.899999618530273,16.961332321166992,16.323999404907227,16.53333282470703,165001500,TSLA
2019-07-16,16.825332641601562,16.902000427246094,16.528667449951172,16.6200008392334,122235000,TSLA
2019-07-17,16.99066734313965,17.220666885375977,16.889999389648438,17.044666290283203,146470500,TSLA
2019-07-18,16.902666091918945,17.049999237060547,16.792667388916016,17.003332138061523,71379000,TSLA
2019-07-19,17.211999893188477,17.33066749572754,16.974666595458984,17.04599952697754,105726000,TSLA
2019-07-22,17.045333862304688,17.476667404174805,16.945999145507812,17.25,102636000,TSLA
2019-07-23,17.344667434692383,17.365333557128906,16.96666717529297,17.11400032043457,75346500,TSLA
2019-07-24,17.658666610717773,17.738000869750977,17.21066665649414,17.277999877929688,166092000,TSLA
2019-07-25,15.254667282104492,15.633333206176758,15.036666870117188,15.566666603088379,336274500,TSLA
2019-07-26,15.202667236328125,15.350666999816895,14.816666603088379,15.128000259399414,150415500,TSLA
2019-07-29,15.718000411987305,15.72933292388916,15.0686674118042,15.13933277130127,139099500,TSLA
2019-07-30,16.150667190551758,16.224000930786133,15.478667259216309,15.526666641235352,121635000,TSLA
2019-07-31,16.107332229614258,16.44533348083496,15.776666641235352,16.200000762939453,137673000,TSLA
2019-08-01,15.59000015258789,16.30066680908203,15.451333045959473,16.176666259765625,123892500,TSLA
2019-08-02,15.62266731262207,15.751333236694336,15.281999588012695,15.423333168029785,92047500,TSLA
2019-08-05,15.221332550048828,15.424667358398438,15.052000045776367,15.30666732788086,105424500,TSLA
2019-08-06,15.383333206176758,15.5,15.050000190734863,15.458666801452637,83463000,TSLA
2019-08-07,15.561332702636719,15.571332931518555,15.053333282470703,15.100000381469727,71647500,TSLA
2019-08-08,15.886667251586914,15.986666679382324,15.510000228881836,15.630000114440918,79114500,TSLA
2019-08-09,15.667332649230957,15.93066692352295,15.587332725524902,15.736666679382324,58473000,TSLA
2019-08-12,15.267333030700684,15.718000411987305,15.25,15.53266716003418,69958500,TSLA
2019-08-13,15.666666984558105,15.733332633972168,15.170000076293945,15.253999710083008,72721500,TSLA
2019-08-14,14.641332626342773,15.433333396911621,14.446000099182129,15.413999557495117,143439000,TSLA
2019-08-15,14.37600040435791,14.77066707611084,14.103333473205566,14.723999977111816,122394000,TSLA
2019-08-16,14.662667274475098,14.815999984741211,14.40133285522461,14.444000244140625,76477500,TSLA
2019-08-19,15.121999740600586,15.188667297363281,14.779999732971191,14.947333335876465,79644000,TSLA
2019-08-20,15.057332992553711,15.272666931152344,14.969332695007324,15.174667358398438,61878000,TSLA
2019-08-21,14.722000122070312,14.881333351135254,14.506667137145996,14.800666809082031,116914500,TSLA
2019-08-22,14.8100004196167,15.026666641235352,14.54800033569336,14.853333473205566,98385000,TSLA
2019-08-23,14.09333324432373,14.744667053222656,14.066666603088379,14.664667129516602,128079000,TSLA
2019-08-26,14.333333015441895,14.334667205810547,14.102666854858398,14.239999771118164,75778500,TSLA
2019-08-27,14.272000312805176,14.58666706085205,14.135333061218262,14.38266658782959,81243000,TSLA
2019-08-28,14.37266731262207,14.483332633972168,14.154000282287598,14.246000289916992,48382500,TSLA
2019-08-29,14.780667304992676,14.893333435058594,14.533332824707031,14.600000381469727,77692500,TSLA
2019-08-30,15.040666580200195,15.496000289916992,14.947333335876465,15.276666641235352,139809000,TSLA
2019-09-03,15.000666618347168,15.263333320617676,14.87733268737793,14.938667297363281,80311500,TSLA
2019-09-04,14.711999893188477,15.230667114257812,14.61400032043457,15.12600040435791,86415000,TSLA
2019-09-05,15.305333137512207,15.319999694824219,14.723333358764648,14.833333015441895,110929500,TSLA
2019-09-06,15.16333293914795,15.309332847595215,15.011333465576172,15.146666526794434,62841000,TSLA
2019-09-09,15.452667236328125,15.583999633789062,15.281999588012695,15.333333015441895,72040500,TSLA
2019-09-10,15.702667236328125,15.702667236328125,15.262666702270508,15.386667251586914,73255500,TSLA
2019-09-11,16.47333335876465,16.544666290283203,15.733332633972168,15.825332641601562,150642000,TSLA
2019-09-12,16.391332626342773,16.899999618530273,16.293333053588867,16.51333236694336,128718000,TSLA
2019-09-13,16.34666633605957,16.56333351135254,16.32466697692871,16.464000701904297,79696500,TSLA
2019-09-16,16.187332153320312,16.495332717895508,16.077999114990234,16.399999618530273,70921500,TSLA
2019-09-17,16.319332122802734,16.373332977294922,16.024667739868164,16.1646671295166,57981000,TSLA
2019-09-18,16.232667922973633,16.544666290283203,16.158000946044922,16.333332061767578,62553000,TSLA
2019-09-19,16.440000534057617,16.529333114624023,16.32266616821289,16.399999618530273,71937000,TSLA
2019-09-20,16.041332244873047,16.463333129882812,15.87733268737793,16.432666778564453,95295000,TSLA
2019-09-23,16.082000732421875,16.345333099365234,15.947999954223633,16.0,65103000,TSLA
2019-09-24,14.880666732788086,16.132667541503906,14.840666770935059,16.101333618164062,193372500,TSLA
2019-09-25,15.24666690826416,15.26533317565918,14.557332992553711,14.970666885375977,141406500,TSLA
2019-09-26,16.17066764831543,16.220666885375977,15.15999984741211,15.37733268737793,178267500,TSLA
2019-09-27,16.142000198364258,16.58066749572754,15.915332794189453,16.14666748046875,166746000,TSLA
2019-09-30,16.058000564575195,16.26533317565918,15.740667343139648,16.200000762939453,88197000,TSLA
2019-10-01,16.312667846679688,16.39666748046875,15.942000389099121,16.100000381469727,92439000,TSLA
2019-10-02,16.208667755126953,16.309999465942383,15.961999893188477,16.21933364868164,84471000,TSLA
2019-10-03,15.535332679748535,15.631999969482422,14.95199966430664,15.457332611083984,226267500,TSLA
2019-10-04,15.428667068481445,15.652000427246094,15.204667091369629,15.440667152404785,119925000,TSLA
2019-10-07,15.847999572753906,15.904000282287598,15.236666679382324,15.319999694824219,120963000,TSLA
2019-10-08,16.003332138061523,16.262666702270508,15.633333206176758,15.724666595458984,130173000,TSLA
2019-10-09,16.302000045776367,16.48666763305664,16.043333053588867,16.08799934387207,103416000,TSLA
2019-10-10,16.31599998474121,16.618667602539062,16.10533332824707,16.351999282836914,94249500,TSLA
2019-10-11,16.525999069213867,16.738666534423828,16.45400047302246,16.476667404174805,127131000,TSLA
2019-10-14,17.130666732788086,17.23666763305664,16.475332260131836,16.52666664123535,153075000,TSLA
2019-10-15,17.19266700744629,17.333332061767578,16.941333770751953,17.18000030517578,96492000,TSLA
2019-10-16,17.316667556762695,17.47333335876465,17.128000259399414,17.159332275390625,100261500,TSLA
2019-10-17,17.46466636657715,17.652000427246094,17.344667434692383,17.5,71539500,TSLA
2019-10-18,17.1299991607666,17.520000457763672,17.00666618347168,17.3799991607666,86247000,TSLA
2019-10-21,16.899999618530273,17.299999237060547,16.678667068481445,17.222000122070312,75304500,TSLA
2019-10-22,17.038667678833008,17.222000122070312,16.72333335876465,16.954666137695312,69012000,TSLA
2019-10-23,16.978666305541992,17.076000213623047,16.75666618347168,16.96666717529297,78916500,TSLA
2019-10-24,19.978666305541992,20.32866668701172,19.280000686645508,19.891332626342773,445813500,TSLA
2019-10-25,21.875333786010742,22.0,19.74066734313965,19.847999572753906,450091500,TSLA
2019-10-28,21.847333908081055,22.722667694091797,21.50666618347168,21.836000442504883,283054500,TSLA
2019-10-29,21.08133316040039,21.6200008392334,20.983333587646484,21.332666397094727,190264500,TSLA
2019-10-30,21.000667572021484,21.252666473388672,20.6646671295166,20.866666793823242,144627000,TSLA
2019-10-31,20.994667053222656,21.266666412353516,20.866666793823242,20.873332977294922,76005000,TSLA
2019-11-01,20.887332916259766,21.09866714477539,20.65333366394043,21.08799934387207,95758500,TSLA
2019-11-04,21.1646671295166,21.46266746520996,20.617332458496094,20.98666763305664,131805000,TSLA
2019-11-05,21.148000717163086,21.567333221435547,21.07466697692871,21.308000564575195,104151000,TSLA
2019-11-06,21.77199935913086,21.781333923339844,20.96666717529297,21.200000762939453,119113500,TSLA
2019-11-07,22.369333267211914,22.766666412353516,21.868000030517578,21.94266700744629,217009500,TSLA
2019-11-08,22.47599983215332,22.497333526611328,22.166667938232422,22.299999237060547,91038000,TSLA
2019-11-11,23.006000518798828,23.279333114624023,22.799999237060547,22.93000030517578,149800500,TSLA
2019-11-12,23.32866668701172,23.357999801635742,22.93600082397461,23.126667022705078,110391000,TSLA
2019-11-13,23.073999404907227,23.755332946777344,23.011999130249023,23.666667938232422,126301500,TSLA
2019-11-14,23.290000915527344,23.589332580566406,22.860666275024414,23.073999404907227,96973500,TSLA
2019-11-15,23.47800064086914,23.520000457763672,23.224000930786133,23.375999450683594,72135000,TSLA
2019-11-18,23.332666397094727,23.543333053588867,23.073333740234375,23.527999877929688,66006000,TSLA
2019-11-19,23.968000411987305,23.999332427978516,23.18666648864746,23.450000762939453,115872000,TSLA
2019-11-20,23.481332778930664,24.079999923706055,23.30466651916504,24.0,100876500,TSLA
2019-11-21,23.655332565307617,24.055999755859375,23.600000381469727,23.634000778198242,91650000,TSLA
2019-11-22,22.202667236328125,22.733333587646484,22.0,22.67733383178711,253059000,TSLA
2019-11-25,22.422666549682617,22.971332550048828,22.297332763671875,22.954666137695312,185092500,TSLA
2019-11-26,21.92799949645996,22.366666793823242,21.80666732788086,22.351333618164062,119211000,TSLA
2019-11-27,22.086000442504883,22.261999130249023,21.904666900634766,22.07466697692871,83334000,TSLA
2019-11-29,21.996000289916992,22.083999633789062,21.833332061767578,22.073999404907227,36984000,TSLA
2019-12-02,22.32466697692871,22.42533302307129,21.91266632080078,21.959999084472656,91117500,TSLA
2019-12-03,22.413333892822266,22.527332305908203,22.145999908447266,22.174667358398438,98605500,TSLA
2019-12-04,22.20199966430664,22.52400016784668,22.190000534057617,22.516666412353516,82995000,TSLA
2019-12-05,22.024667739868164,22.294666290283203,21.816667556762695,22.18866729736328,55869000,TSLA
2019-12-06,22.392667770385742,22.590667724609375,22.31800079345703,22.333332061767578,114186000,TSLA
2019-12-09,22.635332107543945,22.963333129882812,22.338666915893555,22.439332962036133,135346500,TSLA
2019-12-10,23.256000518798828,23.381999969482422,22.62066650390625,22.663999557495117,132424500,TSLA
2019-12-11,23.51333236694336,23.812667846679688,23.4060001373291,23.458667755126953,103467000,TSLA
2019-12-12,23.978666305541992,24.182666778564453,23.548667907714844,23.661333084106445,116458500,TSLA
2019-12-13,23.892667770385742,24.347333908081055,23.642667770385742,24.06999969482422,98563500,TSLA
2019-12-16,25.433332443237305,25.573999404907227,24.166667938232422,24.170000076293945,272613000,TSLA
2019-12-17,25.266000747680664,25.700000762939453,25.059999465942383,25.266000747680664,127452000,TSLA
2019-12-18,26.209999084472656,26.347999572753906,25.371999740600586,25.375333786010742,211815000,TSLA
2019-12-19,26.93600082397461,27.123332977294922,26.433332443237305,26.488000869750977,271606500,TSLA
2019-12-20,27.03933334350586,27.53333282470703,26.679332733154297,27.3526668548584,221290500,TSLA
2019-12-23,27.947999954223633,28.134000778198242,27.333332061767578,27.45199966430664,199794000,TSLA
2019-12-24,28.350000381469727,28.364667892456055,27.512666702270508,27.890666961669922,120820500,TSLA
2019-12-26,28.729333877563477,28.898666381835938,28.42333221435547,28.527332305908203,159508500,TSLA
2019-12-27,28.691999435424805,29.020666122436523,28.407333374023438,29.0,149185500,TSLA
2019-12-30,27.64666748046875,28.600000381469727,27.284000396728516,28.586000442504883,188796000,TSLA
2019-12-31,27.8886661529541,28.086000442504883,26.80533218383789,27.0,154285500,TSLA
2020-01-02,28.68400001525879,28.713333129882812,28.11400032043457,28.299999237060547,142981500,TSLA
2020-01-03,29.534000396728516,30.266666412353516,29.128000259399414,29.366666793823242,266677500,TSLA
2020-01-06,30.1026668548584,30.104000091552734,29.333332061767578,29.364667892456055,151995000,TSLA
2020-01-07,31.270666122436523,31.441999435424805,30.224000930786133,30.760000228881836,268231500,TSLA
2020-01-08,32.80933380126953,33.232666015625,31.215333938598633,31.579999923706055,467164500,TSLA
2020-01-09,32.089332580566406,33.253334045410156,31.524667739868164,33.13999938964844,426606000,TSLA
2020-01-10,31.876667022705078,32.3293342590332,31.579999923706055,32.11933135986328,194392500,TSLA
2020-01-13,34.990665435791016,35.04199981689453,32.79999923706055,32.900001525878906,397764000,TSLA
2020-01-14,35.861331939697266,36.49399948120117,34.99333190917969,36.284000396728516,434943000,TSLA
2020-01-15,34.56666564941406,35.85599899291992,34.452667236328125,35.31733322143555,260532000,TSLA
2020-01-16,34.232666015625,34.297332763671875,32.81133270263672,32.91666793823242,326050500,TSLA
2020-01-17,34.03333282470703,34.37799835205078,33.54399871826172,33.840667724609375,204436500,TSLA
2020-01-21,36.47999954223633,36.571998596191406,35.227333068847656,35.349998474121094,267052500,TSLA
2020-01-22,37.97066879272461,39.633331298828125,37.27333450317383,38.125999450683594,470535000,TSLA
2020-01-23,38.14666748046875,38.79999923706055,37.040000915527344,37.616668701171875,294765000,TSLA
2020-01-24,37.654666900634766,38.25733184814453,36.95066833496094,38.04199981689453,215304000,TSLA
2020-01-27,37.201332092285156,37.62933349609375,35.95199966430664,36.132667541503906,204121500,TSLA
2020-01-28,37.793331146240234,38.45399856567383,37.2053337097168,37.89933395385742,176827500,TSLA
2020-01-29,38.732666015625,39.31999969482422,37.82866668701172,38.37933349609375,267022500,TSLA
2020-01-30,42.72066879272461,43.391998291015625,41.20000076293945,42.16133117675781,435085500,TSLA
2020-01-31,43.371334075927734,43.53333282470703,42.167999267578125,42.66666793823242,235789500,TSLA
2020-02-03,52.0,52.409332275390625,44.90133285522461,44.91266632080078,705975000,TSLA
2020-02-04,59.137332916259766,64.59933471679688,55.59199905395508,58.86399841308594,914082000,TSLA
2020-02-05,48.97999954223633,56.39866638183594,46.94066619873047,54.88399887084961,726357000,TSLA
2020-02-06,49.930667877197266,53.05533218383789,45.79999923706055,46.66133117675781,598212000,TSLA
2020-02-07,49.871334075927734,51.31666564941406,48.66666793823242,48.70333480834961,255952500,TSLA
2020-02-10,51.41866683959961,54.66600036621094,50.15999984741211,53.33333206176758,370338000,TSLA
2020-02-11,51.62533187866211,52.23400115966797,50.53333282470703,51.25266647338867,175462500,TSLA
2020-02-12,51.15266799926758,52.650001525878906,50.891334533691406,51.858001708984375,180337500,TSLA
2020-02-13,53.599998474121094,54.53333282470703,49.0,49.45600128173828,394339500,TSLA
2020-02-14,53.33533477783203,54.198001861572266,52.366668701171875,52.4813346862793,235405500,TSLA
2020-02-18,57.22666549682617,57.33333206176758,55.490665435791016,56.106666564941406,245725500,TSLA
2020-02-19,61.16133117675781,62.98533248901367,60.06800079345703,61.56666564941406,381345000,TSLA
2020-02-20,59.96066665649414,60.79999923706055,57.3293342590332,60.79666519165039,264523500,TSLA
2020-02-21,60.06666564941406,60.87066650390625,58.6966667175293,60.46533203125,214722000,TSLA
2020-02-24,55.58599853515625,57.56666564941406,54.813331604003906,55.93333435058594,227883000,TSLA
2020-02-25,53.32733154296875,57.106666564941406,52.46666717529297,56.599998474121094,259357500,TSLA
2020-02-26,51.91999816894531,54.22066879272461,51.740665435791016,52.16666793823242,211282500,TSLA
2020-02-27,45.266666412353516,49.31800079345703,44.599998474121094,48.66666793823242,364158000,TSLA
2020-02-28,44.53266525268555,46.03466796875,40.768001556396484,41.97999954223633,363343500,TSLA
2020-03-02,49.574668884277344,49.5793342590332,45.77799987792969,47.41733169555664,302925000,TSLA
2020-03-03,49.70066833496094,53.798667907714844,47.740665435791016,53.66666793823242,386760000,TSLA
2020-03-04,49.96666717529297,51.10133361816406,48.31533432006836,50.930667877197266,225735000,TSLA
2020-03-05,48.30266571044922,49.71666717529297,47.871334075927734,48.2513313293457,162790500,TSLA
2020-03-06,46.89866638183594,47.133331298828125,45.61800003051758,46.0,189943500,TSLA
2020-03-09,40.53333282470703,44.20000076293945,40.33333206176758,40.35933303833008,256105500,TSLA
2020-03-10,43.02199935913086,44.53333282470703,40.53333282470703,43.96200180053711,233916000,TSLA
2020-03-11,42.28200149536133,43.571998596191406,40.866668701171875,42.68000030517578,199837500,TSLA
2020-03-12,37.369998931884766,39.633331298828125,36.41666793823242,38.72600173950195,283636500,TSLA
2020-03-13,36.44133377075195,40.50466537475586,33.46666717529297,39.66666793823242,339604500,TSLA
2020-03-16,29.67133331298828,32.9913330078125,29.47800064086914,31.299999237060547,307342500,TSLA
2020-03-17,28.68000030517578,31.456666946411133,26.399999618530273,29.333999633789062,359919000,TSLA
2020-03-18,24.08133316040039,26.99066734313965,23.367332458496094,25.933332443237305,356793000,TSLA
2020-03-19,28.50933265686035,30.133333206176758,23.8973331451416,24.979999542236328,452932500,TSLA
2020-03-20,28.50200080871582,31.799999237060547,28.38599967956543,29.213333129882812,424282500,TSLA
2020-03-23,28.952667236328125,29.46666717529297,27.366666793823242,28.906667709350586,246817500,TSLA
2020-03-24,33.66666793823242,34.24599838256836,31.600000381469727,31.81999969482422,343428000,TSLA
2020-03-25,35.95000076293945,37.133331298828125,34.07400131225586,36.349998474121094,318340500,TSLA
2020-03-26,35.21066665649414,37.33333206176758,34.150001525878906,36.49266815185547,260710500,TSLA
2020-03-27,34.29066848754883,35.0533332824707,32.935333251953125,33.66666793823242,215661000,TSLA
2020-03-30,33.47533416748047,34.44333267211914,32.7486686706543,34.017333984375,179971500,TSLA
2020-03-31,34.93333435058594,36.19733428955078,33.133331298828125,33.41666793823242,266572500,TSLA
2020-04-01,32.104000091552734,34.26333236694336,31.67333221435547,33.599998474121094,200298000,TSLA
2020-04-02,30.29800033569336,32.95066833496094,29.760000228881836,32.068668365478516,297876000,TSLA
2020-04-03,32.000667572021484,34.36600112915039,31.22599983215332,33.96666717529297,338431500,TSLA
2020-04-06,34.41600036621094,34.733333587646484,33.19733428955078,34.08000183105469,223527000,TSLA
2020-04-07,36.36333465576172,37.66666793823242,35.48933410644531,36.33333206176758,268797000,TSLA
2020-04-08,36.589332580566406,37.14733123779297,35.55533218383789,36.9466667175293,189840000,TSLA
2020-04-09,38.20000076293945,38.345333099365234,37.14066696166992,37.4726676940918,204750000,TSLA
2020-04-13,43.39666748046875,43.46666717529297,38.70199966430664,39.34400177001953,337131000,TSLA
2020-04-14,47.32600021362305,49.45866775512695,46.1619987487793,46.597999572753906,458647500,TSLA
2020-04-15,48.65533447265625,50.20866775512695,47.33333206176758,49.46666717529297,353655000,TSLA
2020-04-16,49.680667877197266,50.630001068115234,47.11466598510742,47.79600143432617,309868500,TSLA
2020-04-17,50.259334564208984,51.663333892822266,49.84400177001953,51.48533248901367,196923000,TSLA
2020-04-20,49.75733184814453,51.03799819946289,47.48066711425781,48.8466682434082,221199000,TSLA
2020-04-21,45.781333923339844,50.22200012207031,44.919334411621094,48.67466735839844,303136500,TSLA
2020-04-22,48.807334899902344,48.93333435058594,45.91400146484375,46.93199920654297,212482500,TSLA
2020-04-23,47.04199981689453,48.93333435058594,46.87533187866211,48.50666809082031,198550500,TSLA
2020-04-24,48.34333419799805,48.71533203125,46.54533386230469,47.387332916259766,198180000,TSLA
2020-04-27,53.25,53.29933166503906,49.0,49.17399978637695,310221000,TSLA
2020-04-28,51.27466583251953,53.66666793823242,50.44599914550781,53.042667388916016,228330000,TSLA
2020-04-29,53.367332458496094,53.54666519165039,52.21066665649414,52.678001403808594,243240000,TSLA
2020-04-30,52.12533187866211,57.987998962402344,50.900001525878906,57.01266860961914,427078500,TSLA
2020-05-01,46.75466537475586,51.518001556396484,45.5359992980957,50.33333206176758,487977000,TSLA
2020-05-04,50.74599838256836,50.79999923706055,46.53333282470703,46.733333587646484,288556500,TSLA
2020-05-05,51.2140007019043,53.26133346557617,50.8120002746582,52.65266799926758,254875500,TSLA
2020-05-06,52.172000885009766,52.6533317565918,50.740665435791016,51.766666412353516,166848000,TSLA
2020-05-07,52.00266647338867,53.09333419799805,51.4900016784668,51.81399917602539,172915500,TSLA
2020-05-08,54.62799835205078,54.93333435058594,52.46733474731445,52.917999267578125,241297500,TSLA
2020-05-11,54.08599853515625,54.93333435058594,52.33333206176758,52.70066833496094,247794000,TSLA
2020-05-12,53.96066665649414,56.21933364868164,53.866668701171875,55.133331298828125,238603500,TSLA
2020-05-13,52.73066711425781,55.06666564941406,50.88666534423828,54.72200012207031,285982500,TSLA
2020-05-14,53.55533218383789,53.557334899902344,50.93333435058594,52.0,205233000,TSLA
2020-05-15,53.27799987792969,53.66999816894531,52.436668395996094,52.689998626708984,157776000,TSLA
2020-05-18,54.242000579833984,55.64799880981445,53.59199905395508,55.185333251953125,174987000,TSLA
2020-05-19,53.867332458496094,54.80466842651367,53.73866653442383,54.34466552734375,144547500,TSLA
2020-05-20,54.37066650390625,55.06666564941406,54.119998931884766,54.70000076293945,109639500,TSLA
2020-05-21,55.17333221435547,55.5,53.06666564941406,54.400001525878906,183819000,TSLA
2020-05-22,54.45866775512695,55.45199966430664,54.133331298828125,54.81133270263672,149812500,TSLA
2020-05-26,54.591331481933594,55.63999938964844,54.38066864013672,55.633331298828125,121345500,TSLA
2020-05-27,54.68199920654297,55.180667877197266,52.33333206176758,54.7239990234375,173242500,TSLA
2020-05-28,53.72066879272461,54.983333587646484,53.44599914550781,54.23400115966797,108834000,TSLA
2020-05-29,55.66666793823242,55.66666793823242,53.61399841308594,53.91666793823242,176467500,TSLA
2020-06-01,59.87333297729492,59.93333435058594,56.939998626708984,57.20000076293945,224092500,TSLA
2020-06-02,58.770668029785156,60.57733154296875,58.06666564941406,59.64666748046875,203484000,TSLA
2020-06-03,58.86399841308594,59.862667083740234,58.67333221435547,59.20800018310547,119242500,TSLA
2020-06-04,57.62533187866211,59.71666717529297,57.229331970214844,59.32533264160156,133315500,TSLA
2020-06-05,59.04399871826172,59.10133361816406,57.746665954589844,58.522666931152344,117178500,TSLA
2020-06-08,63.327999114990234,63.33333206176758,60.61066818237305,61.266666412353516,212620500,TSLA
2020-06-09,62.711334228515625,63.62933349609375,61.595333099365234,62.66733169555664,170823000,TSLA
2020-06-10,68.336669921875,68.49866485595703,65.5,66.12533569335938,278451000,TSLA
2020-06-11,64.85600280761719,67.9306640625,64.80000305175781,66.01333618164062,238747500,TSLA
2020-06-12,62.35200119018555,65.8653335571289,60.84000015258789,65.33333587646484,251451000,TSLA
2020-06-15,66.05999755859375,66.5893325805664,60.56666564941406,61.18600082397461,235458000,TSLA
2020-06-16,65.47533416748047,67.52532958984375,64.15933227539062,67.4566650390625,210766500,TSLA
2020-06-17,66.11933135986328,67.0,65.50466918945312,65.84733581542969,148362000,TSLA
2020-06-18,66.9306640625,67.94667053222656,66.2979965209961,66.86666870117188,146278500,TSLA
2020-06-19,66.72666931152344,67.73133087158203,66.0893325805664,67.51866912841797,130195500,TSLA
2020-06-22,66.28800201416016,67.2586669921875,66.00133514404297,66.663330078125,95436000,TSLA
2020-06-23,66.78533172607422,67.46666717529297,66.267333984375,66.59200286865234,95479500,TSLA
2020-06-24,64.0566635131836,66.72533416748047,63.542667388916016,66.27400207519531,164394000,TSLA
2020-06-25,65.73200225830078,65.73200225830078,62.47666549682617,63.61800003051758,138817500,TSLA
2020-06-26,63.982666015625,66.33333587646484,63.65800094604492,66.31866455078125,132823500,TSLA
2020-06-29,67.29000091552734,67.33333587646484,63.23466873168945,64.60066986083984,135396000,TSLA
2020-06-30,71.98733520507812,72.51266479492188,66.91533660888672,67.0999984741211,253777500,TSLA
2020-07-01,74.64199829101562,75.68866729736328,72.03333282470703,72.19999694824219,199903500,TSLA
2020-07-02,80.57733154296875,81.86666870117188,79.04000091552734,81.43199920654297,258751500,TSLA
2020-07-06,91.43866729736328,91.85266876220703,84.40266418457031,85.11266326904297,308548500,TSLA
2020-07-07,92.65733337402344,95.30000305175781,89.11399841308594,93.6673355102539,322345500,TSLA
2020-07-08,91.05867004394531,94.48400115966797,87.42266845703125,93.66666412353516,244669500,TSLA
2020-07-09,92.9520034790039,93.90399932861328,90.08533477783203,93.1326675415039,175764000,TSLA
2020-07-10,102.97666931152344,103.2613296508789,91.73400115966797,93.06666564941406,350064000,TSLA
2020-07-13,99.80400085449219,119.66600036621094,98.0739974975586,110.5999984741211,584781000,TSLA
2020-07-14,101.12000274658203,106.0,95.4000015258789,103.73332977294922,351271500,TSLA
2020-07-15,103.06732940673828,103.33333587646484,97.13333129882812,102.86666870117188,245517000,TSLA
2020-07-16,100.04266357421875,102.11399841308594,97.73332977294922,98.47733306884766,214512000,TSLA
2020-07-17,100.05599975585938,102.50066375732422,99.33333587646484,100.89666748046875,139950000,TSLA
2020-07-20,109.53333282470703,110.0,99.19999694824219,101.267333984375,256821000,TSLA
2020-07-21,104.55733489990234,111.66666412353516,103.86666870117188,109.32866668701172,241608000,TSLA
2020-07-22,106.15533447265625,108.4280014038086,104.13333129882812,106.5999984741211,212416500,TSLA
2020-07-23,100.87133026123047,112.5999984741211,98.71800231933594,111.93000030517578,364927500,TSLA
2020-07-24,94.46666717529297,97.66666412353516,91.10266876220703,94.40066528320312,290949000,TSLA
2020-07-27,102.63999938964844,103.19599914550781,94.19999694824219,95.66666412353516,240730500,TSLA
2020-07-28,98.43267059326172,104.3133316040039,98.29467010498047,100.26667022705078,237130500,TSLA
2020-07-29,99.94066619873047,102.32066345214844,99.13333129882812,100.06666564941406,141403500,TSLA
2020-07-30,99.16600036621094,100.8826675415039,98.06666564941406,99.19999694824219,114315000,TSLA
2020-07-31,95.38400268554688,101.13666534423828,94.73200225830078,101.0,183123000,TSLA
2020-08-03,99.0,100.65399932861328,96.29199981689453,96.61333465576172,132139500,TSLA
2020-08-04,99.13333129882812,101.82733154296875,97.46666717529297,99.6673355102539,126225000,TSLA
2020-08-05,99.00133514404297,99.98933410644531,97.88733673095703,99.53266906738281,74217000,TSLA
2020-08-06,99.30533599853516,101.15399932861328,98.48400115966797,99.38866424560547,89884500,TSLA
2020-08-07,96.84733581542969,99.98332977294922,94.33399963378906,99.96932983398438,133446000,TSLA
2020-08-10,94.57133483886719,97.16666412353516,92.38933563232422,96.53333282470703,112834500,TSLA
2020-08-11,91.6259994506836,94.66666412353516,91.0,93.06666564941406,129387000,TSLA
2020-08-12,103.65066528320312,105.66666412353516,95.66666412353516,98.0,327441000,TSLA
2020-08-13,108.06666564941406,110.07866668701172,104.48400115966797,107.4000015258789,306379500,TSLA
2020-08-14,110.04733276367188,111.25333404541016,108.44266510009766,110.99933624267578,188664000,TSLA
2020-08-17,122.3759994506836,123.05733489990234,111.52200317382812,111.80000305175781,303634500,TSLA
2020-08-18,125.80599975585938,128.25999450683594,123.00733184814453,126.59933471679688,247117500,TSLA
2020-08-19,125.23533630371094,127.4000015258789,122.74732971191406,124.33333587646484,183079500,TSLA
2020-08-20,133.45533752441406,134.79933166503906,123.80400085449219,124.04533386230469,309177000,TSLA
2020-08-21,136.6653289794922,139.69932556152344,135.00332641601562,136.3173370361328,322344000,TSLA
2020-08-24,134.27999877929688,141.93333435058594,128.50132751464844,141.7519989013672,300954000,TSLA
2020-08-25,134.8893280029297,135.19667053222656,131.1999969482422,131.65933227539062,159883500,TSLA
2020-08-26,143.54466247558594,144.39999389648438,136.90866088867188,137.3333282470703,213591000,TSLA
2020-08-27,149.25,153.0399932861328,142.8333282470703,145.36399841308594,355395000,TSLA
2020-08-28,147.55999755859375,154.5659942626953,145.76800537109375,153.00799560546875,301218000,TSLA
2020-08-31,166.10667419433594,166.7133331298828,146.70333862304688,148.20333862304688,355123200,TSLA
2020-09-01,158.35000610351562,167.49667358398438,156.836669921875,167.3800048828125,269523300,TSLA
2020-09-02,149.1233367919922,159.67999267578125,135.0399932861328,159.663330078125,288528300,TSLA
2020-09-03,135.6666717529297,143.93333435058594,134.0,135.7433319091797,262788300,TSLA
2020-09-04,139.44000244140625,142.6666717529297,124.00666809082031,134.27000427246094,330965700,TSLA
2020-09-08,110.06999969482422,122.913330078125,109.95999908447266,118.66666412353516,346397100,TSLA
2020-09-09,122.09333038330078,123.0,113.836669921875,118.86666870117188,238397400,TSLA
2020-09-10,123.77999877929688,132.99667358398438,120.1866683959961,128.73666381835938,254791800,TSLA
2020-09-11,124.23999786376953,127.5,120.16666412353516,127.3133316040039,182152500,TSLA
2020-09-14,139.8733367919922,140.0,124.43333435058594,126.98332977294922,249061800,TSLA
2020-09-15,149.9199981689453,153.97999572753906,143.56666564941406,145.52000427246094,291894600,TSLA
2020-09-16,147.25332641601562,152.59666442871094,145.10333251953125,146.6233367919922,216837900,TSLA
2020-09-17,141.14332580566406,145.92999267578125,136.0,138.53334045410156,230337600,TSLA
2020-09-18,147.38333129882812,150.3333282470703,142.93333435058594,149.31333923339844,259220400,TSLA
2020-09-21,149.79666137695312,151.89332580566406,135.69000244140625,151.0433349609375,328430400,TSLA
2020-09-22,141.41000366210938,145.9199981689453,139.1999969482422,143.1999969482422,238742400,TSLA
2020-09-23,126.78666687011719,137.38333129882812,125.2933349609375,135.05332946777344,285222600,TSLA
2020-09-24,129.26333618164062,133.1666717529297,117.0999984741211,121.26667022705078,289683300,TSLA
2020-09-25,135.77999877929688,136.2433319091797,130.43333435058594,131.1566619873047,201625500,TSLA
2020-09-28,140.39999389648438,142.69332885742188,138.51666259765625,141.5399932861328,149158800,TSLA
2020-09-29,139.69000244140625,142.8333282470703,137.1999969482422,138.6666717529297,150657900,TSLA
2020-09-30,143.00332641601562,144.64332580566406,140.1566619873047,140.44000244140625,144436800,TSLA
2020-10-01,149.3866729736328,149.6266632080078,144.80667114257812,146.9199981689453,152224500,TSLA
2020-10-02,138.3633270263672,146.3766632080078,138.3333282470703,140.4633331298828,214290000,TSLA
2020-10-05,141.89332580566406,144.54666137695312,139.77667236328125,141.11666870117188,134168400,TSLA
2020-10-06,137.9933319091797,142.92666625976562,135.35000610351562,141.26333618164062,147438900,TSLA
2020-10-07,141.76666259765625,143.3000030517578,137.9499969482422,139.9566650390625,129383100,TSLA
2020-10-08,141.97332763671875,146.3333282470703,141.76666259765625,146.14666748046875,121263300,TSLA
2020-10-09,144.6666717529297,144.8633270263672,142.15333557128906,143.3766632080078,86777100,TSLA
2020-10-12,147.43333435058594,149.5800018310547,146.19332885742188,147.3333282470703,116373300,TSLA
2020-10-13,148.88333129882812,149.6300048828125,145.53334045410156,147.78334045410156,103391100,TSLA
2020-10-14,153.76666259765625,155.3000030517578,149.11666870117188,149.92666625976562,143639100,TSLA
2020-10-15,149.6266632080078,152.19000244140625,147.5,150.10333251953125,107017200,TSLA
2020-10-16,146.55667114257812,151.98333740234375,146.28334045410156,151.47999572753906,98327700,TSLA
2020-10-19,143.61000061035156,149.0,142.9566650390625,148.74667358398438,108863400,TSLA
2020-10-20,140.64666748046875,143.9166717529297,139.68333435058594,143.9166717529297,94968900,TSLA
2020-10-21,140.8800048828125,144.31666564941406,140.4166717529297,140.89999389648438,97111500,TSLA
2020-10-22,141.92999267578125,148.41000366210938,141.50332641601562,147.30667114257812,119979600,TSLA
2020-10-23,140.2100067138672,140.9633331298828,135.7933349609375,140.6133270263672,101151000,TSLA
2020-10-26,140.0933380126953,141.9199981689453,136.6666717529297,137.2100067138672,84717600,TSLA
2020-10-27,141.55999755859375,143.5,140.03334045410156,141.25332641601562,68059500,TSLA
2020-10-28,135.33999633789062,139.53334045410156,135.3333282470703,138.82666015625,76354200,TSLA
2020-10-29,136.94332885742188,139.35333251953125,135.48666381835938,136.65333557128906,67965900,TSLA
2020-10-30,129.34666442871094,135.8633270263672,126.37000274658203,135.63333129882812,127533900,TSLA
2020-11-02,133.50332641601562,135.66000366210938,130.76666259765625,131.3333282470703,87063300,TSLA
2020-11-03,141.3000030517578,142.58999633789062,135.56333923339844,136.57666015625,103055100,TSLA
2020-11-04,140.32666015625,145.13333129882812,139.03334045410156,143.5399932861328,96429300,TSLA
2020-11-05,146.02999877929688,146.6666717529297,141.3333282470703,142.76666259765625,85243500,TSLA
2020-11-06,143.31666564941406,145.52333068847656,141.42666625976562,145.36666870117188,65118000,TSLA
2020-11-09,140.4199981689453,150.8333282470703,140.3333282470703,146.5,104499000,TSLA
2020-11-10,136.7866668701172,140.02999877929688,132.00999450683594,140.02999877929688,90852600,TSLA
2020-11-11,139.0433349609375,139.56666564941406,136.86000061035156,138.81666564941406,52073100,TSLA
2020-11-12,137.25332641601562,141.0,136.5066680908203,138.35000610351562,59565300,TSLA
2020-11-13,136.1666717529297,137.50999450683594,133.8866729736328,136.9499969482422,59313300,TSLA
2020-11-16,136.02999877929688,137.48333740234375,134.69667053222656,136.30999755859375,80515800,TSLA
2020-11-17,147.20333862304688,154.0,144.336669921875,153.38999938964844,183564900,TSLA
2020-11-18,162.2133331298828,165.3333282470703,147.8333282470703,149.4499969482422,234132000,TSLA
2020-11-19,166.42333984375,169.5366668701172,162.52333068847656,164.0,187425900,TSLA
2020-11-20,163.20333862304688,167.5,163.02000427246094,165.99667358398438,98735700,TSLA
2020-11-23,173.9499969482422,175.3333282470703,167.26333618164062,167.8333282470703,150780900,TSLA
2020-11-24,185.1266632080078,186.663330078125,175.39999389648438,180.13333129882812,160945500,TSLA
2020-11-25,191.3333282470703,191.3333282470703,181.7899932861328,183.35333251953125,146790600,TSLA
2020-11-27,195.25332641601562,199.5933380126953,192.81666564941406,193.72000122070312,112683300,TSLA
2020-11-30,189.1999969482422,202.60000610351562,184.836669921875,200.73666381835938,189009300,TSLA
2020-12-01,194.9199981689453,199.28334045410156,190.68333435058594,199.19667053222656,120310500,TSLA
2020-12-02,189.60667419433594,190.51333618164062,180.40333557128906,185.47999572753906,143327100,TSLA
2020-12-03,197.7933349609375,199.6566619873047,194.14332580566406,196.67333984375,127656000,TSLA
2020-12-04,199.67999267578125,199.67999267578125,195.1666717529297,197.00332641601562,88203900,TSLA
2020-12-07,213.9199981689453,216.26333618164062,201.01666259765625,201.63999938964844,168929100,TSLA
2020-12-08,216.6266632080078,217.0933380126953,206.1666717529297,208.50332641601562,192795000,TSLA
2020-12-09,201.4933319091797,218.10667419433594,196.0,217.89666748046875,213873600,TSLA
2020-12-10,209.02333068847656,209.25,188.77999877929688,191.4566650390625,201249600,TSLA
2020-12-11,203.3300018310547,208.0,198.93333435058594,205.00332641601562,139425000,TSLA
2020-12-14,213.27667236328125,214.25,203.39999389648438,206.3333282470703,156121800,TSLA
2020-12-15,211.0833282470703,215.63333129882812,207.93333435058594,214.42666625976562,135214500,TSLA
2020-12-16,207.58999633789062,210.8333282470703,201.6666717529297,209.41000366210938,126287400,TSLA
2020-12-17,218.63333129882812,219.60667419433594,206.5,209.39666748046875,168810300,TSLA
2020-12-18,231.6666717529297,231.6666717529297,209.51333618164062,222.96665954589844,666378600,TSLA
2020-12-21,216.6199951171875,222.8333282470703,215.35667419433594,222.0800018310547,174135900,TSLA
2020-12-22,213.44667053222656,216.6266632080078,204.7433319091797,216.0,155148000,TSLA
2020-12-23,215.32666015625,217.1666717529297,207.52333068847656,210.73333740234375,99519000,TSLA
2020-12-24,220.58999633789062,222.02999877929688,213.6666717529297,214.3300018310547,68596800,TSLA
2020-12-28,221.22999572753906,227.13333129882812,220.26666259765625,224.836669921875,96835800,TSLA
2020-12-29,221.99667358398438,223.3000030517578,218.3333282470703,220.3333282470703,68732400,TSLA
2020-12-30,231.5933380126953,232.1999969482422,222.7866668701172,224.0,128538000,TSLA
2020-12-31,235.22332763671875,239.57333374023438,230.3733367919922,233.3300018310547,148949700,TSLA
2021-01-04,243.2566680908203,248.163330078125,239.06333923339844,239.82000732421875,145914600,TSLA
2021-01-05,245.0366668701172,246.94667053222656,239.73333740234375,241.22000122070312,96735600,TSLA
2021-01-06,251.9933319091797,258.0,249.6999969482422,252.8300018310547,134100000,TSLA
2021-01-07,272.0133361816406,272.3299865722656,258.3999938964844,259.2099914550781,154496700,TSLA
2021-01-08,293.3399963378906,294.8299865722656,279.46331787109375,285.3333435058594,225166500,TSLA
2021-01-11,270.39666748046875,284.80999755859375,267.8733215332031,283.1333312988281,177904800,TSLA
2021-01-12,283.14666748046875,289.3333435058594,275.7799987792969,277.0,138812100,TSLA
2021-01-13,284.8033447265625,286.8233337402344,277.3333435058594,284.2533264160156,99937500,TSLA
2021-01-14,281.6666564941406,287.6666564941406,279.5833435058594,281.1300048828125,93798900,TSLA
2021-01-15,275.38665771484375,286.6333312988281,273.0333251953125,284.0,116332800,TSLA
2021-01-19,281.51666259765625,283.3333435058594,277.6666564941406,279.26666259765625,76101000,TSLA
2021-01-20,283.48333740234375,286.5,279.09332275390625,286.2466735839844,76997700,TSLA
2021-01-21,281.663330078125,285.239990234375,280.47332763671875,285.0,61563300,TSLA
2021-01-22,282.21331787109375,282.6666564941406,276.2066650390625,278.10333251953125,60199500,TSLA
2021-01-25,293.6000061035156,300.1333312988281,279.6066589355469,285.0,123520200,TSLA
2021-01-26,294.36334228515625,298.6333312988281,290.5333251953125,297.1266784667969,69394800,TSLA
2021-01-27,288.0533447265625,297.1666564941406,286.2200012207031,290.1166687011719,82002000,TSLA
2021-01-28,278.4766540527344,282.6666564941406,267.0,273.3333435058594,79134000,TSLA
2021-01-29,264.510009765625,280.8033447265625,260.0333251953125,276.6666564941406,104972400,TSLA
2021-02-01,279.9366760253906,280.6666564941406,265.1866760253906,271.42999267578125,76174200,TSLA
2021-02-02,290.92999267578125,293.5,280.73333740234375,281.55999755859375,73038600,TSLA
2021-02-03,284.89666748046875,292.6933288574219,284.35333251953125,292.3399963378906,55030500,TSLA
2021-02-04,283.3299865722656,285.5,277.8066711425781,285.0,47438100,TSLA
2021-02-05,284.07666015625,288.25665283203125,279.65667724609375,281.6666564941406,55699800,TSLA
2021-02-08,287.8066711425781,292.5899963378906,284.9166564941406,289.8900146484375,60485100,TSLA
2021-02-09,283.1533203125,286.6000061035156,280.5833435058594,285.0400085449219,45473100,TSLA
2021-02-10,268.2733459472656,281.6066589355469,266.67333984375,281.21331787109375,108648300,TSLA
2021-02-11,270.5533447265625,276.6266784667969,267.24334716796875,270.8133239746094,64868400,TSLA
2021-02-12,272.0400085449219,272.4433288574219,261.77667236328125,267.086669921875,71304900,TSLA
2021-02-16,265.40667724609375,273.6666564941406,264.14666748046875,272.6666564941406,59406900,TSLA
2021-02-17,266.04998779296875,266.61334228515625,254.00332641601562,259.6966552734375,77989500,TSLA
2021-02-18,262.4599914550781,264.89666748046875,258.75665283203125,260.29998779296875,53871300,TSLA
2021-02-19,260.4333190917969,265.5966796875,259.1233215332031,265.0,56874900,TSLA
2021-02-22,238.1666717529297,256.1666564941406,236.73333740234375,254.2133331298828,111809100,TSLA
2021-02-23,232.94667053222656,237.8699951171875,206.3333282470703,220.7100067138672,199820700,TSLA
2021-02-24,247.33999633789062,248.3333282470703,231.38999938964844,237.28334045410156,110301000,TSLA
2021-02-25,227.4066619873047,245.73666381835938,223.52667236328125,242.0500030517578,117071700,TSLA
2021-02-26,225.1666717529297,235.56666564941406,219.836669921875,233.3333282470703,123267600,TSLA
2021-03-01,239.47666931152344,239.6666717529297,228.35000610351562,230.0366668701172,81408600,TSLA
2021-03-02,228.81333923339844,240.3699951171875,228.3333282470703,239.42666625976562,71196600,TSLA
2021-03-03,217.73333740234375,233.56666564941406,217.23666381835938,229.3300018310547,90624000,TSLA
2021-03-04,207.14666748046875,222.81666564941406,200.0,218.60000610351562,197758500,TSLA
2021-03-05,199.31666564941406,209.27999877929688,179.8300018310547,208.68666076660156,268189500,TSLA
2021-03-08,187.6666717529297,206.7100067138672,186.26333618164062,200.18333435058594,155361000,TSLA
2021-03-09,224.52667236328125,226.02999877929688,198.40333557128906,202.72666931152344,202569900,TSLA
2021-03-10,222.68666076660156,239.28334045410156,218.35333251953125,233.43333435058594,181817100,TSLA
2021-03-11,233.1999969482422,234.1666717529297,225.72666931152344,233.13333129882812,108761700,TSLA
2021-03-12,231.2433319091797,231.6266632080078,222.04666137695312,223.3333282470703,100751400,TSLA
2021-03-15,235.97999572753906,237.72666931152344,228.01333618164062,231.3633270263672,88006800,TSLA
2021-03-16,225.6266632080078,235.97332763671875,223.6666717529297,234.4499969482422,96587100,TSLA
2021-03-17,233.93666076660156,234.57666015625,217.00332641601562,218.9566650390625,121117500,TSLA
2021-03-18,217.72000122070312,229.7433319091797,217.3333282470703,228.09666442871094,99674400,TSLA
2021-03-19,218.2899932861328,219.07666015625,208.2066650390625,215.53334045410156,128682000,TSLA
2021-03-22,223.3333282470703,233.2066650390625,222.9166717529297,228.19667053222656,118536600,TSLA
2021-03-23,220.72000122070312,225.93333435058594,219.1699981689453,225.2566680908203,91475700,TSLA
2021-03-24,210.08999633789062,222.67333984375,210.0366668701172,222.6366729736328,101385600,TSLA
2021-03-25,213.4633331298828,215.1666717529297,203.1666717529297,204.3333282470703,117674700,TSLA
2021-03-26,206.23666381835938,214.60667419433594,199.9633331298828,213.9566650390625,101558400,TSLA
2021-03-29,203.76333618164062,205.4933319091797,198.67333984375,205.2133331298828,85911000,TSLA
2021-03-30,211.8733367919922,212.55332946777344,197.00332641601562,200.5833282470703,118297200,TSLA
2021-03-31,222.64332580566406,224.0,213.70333862304688,215.5399932861328,100011900,TSLA
2021-04-01,220.5833282470703,230.80667114257812,219.80667114257812,229.4566650390625,105895200,TSLA
2021-04-05,230.35000610351562,236.05332946777344,228.23333740234375,235.90333557128906,125528400,TSLA
2021-04-06,230.5399932861328,232.18333435058594,227.1233367919922,230.10000610351562,84815400,TSLA
2021-04-07,223.6566619873047,230.4600067138672,222.6133270263672,229.0,78928200,TSLA
2021-04-08,227.93333435058594,229.85000610351562,223.88333129882812,225.7933349609375,71772900,TSLA
2021-04-09,225.67333984375,226.99000549316406,223.14332580566406,225.92333984375,64311300,TSLA
2021-04-12,233.9933319091797,234.93333435058594,227.3633270263672,228.56666564941406,87407100,TSLA
2021-04-13,254.10667419433594,254.3333282470703,236.8866729736328,237.56666564941406,133958400,TSLA
2021-04-14,244.07666015625,260.2633361816406,242.67666625976562,256.8999938964844,147052200,TSLA
2021-04-15,246.28334045410156,247.89666748046875,240.43666076660156,247.6999969482422,83546700,TSLA
2021-04-16,246.5933380126953,249.80332946777344,241.53334045410156,242.88333129882812,83938500,TSLA
2021-04-19,238.2100067138672,241.8000030517578,230.60000610351562,239.86666870117188,119058600,TSLA
2021-04-20,239.663330078125,245.75,236.89666748046875,239.13999938964844,106827000,TSLA
2021-04-21,248.0399932861328,248.27999877929688,232.6666717529297,234.92333984375,93646500,TSLA
2021-04-22,239.89666748046875,251.2566680908203,239.34666442871094,247.1666717529297,106770900,TSLA
2021-04-23,243.13333129882812,245.7866668701172,238.48666381835938,239.93333435058594,85110000,TSLA
2021-04-26,246.06666564941406,249.76666259765625,244.20333862304688,247.0,93115500,TSLA
2021-04-27,234.913330078125,241.3333282470703,234.4499969482422,239.32000732421875,88311000,TSLA
2021-04-28,231.46665954589844,236.1666717529297,231.1999969482422,232.1366729736328,66813000,TSLA
2021-04-29,225.6666717529297,234.0833282470703,222.8333282470703,233.1699981689453,86536200,TSLA
2021-04-30,236.47999572753906,238.49000549316406,222.04666137695312,222.52999877929688,122276100,TSLA
2021-05-03,228.3000030517578,235.3333282470703,226.8333282470703,234.60000610351562,81129300,TSLA
2021-05-04,224.53334045410156,227.81666564941406,219.23333740234375,226.31333923339844,89217900,TSLA
2021-05-05,223.64666748046875,228.43333435058594,222.44667053222656,227.02000427246094,65705700,TSLA
2021-05-06,221.17999267578125,227.0066680908203,216.6666717529297,226.9199981689453,83353800,TSLA
2021-05-07,224.1233367919922,230.0,220.07333374023438,221.93333435058594,70407600,TSLA
2021-05-10,209.67999267578125,221.68333435058594,209.20333862304688,221.63333129882812,94177200,TSLA
2021-05-11,205.73333740234375,209.03334045410156,198.53334045410156,199.74667358398438,139511700,TSLA
2021-05-12,196.6300048828125,206.80332946777344,195.58999633789062,200.8300018310547,101470800,TSLA
2021-05-13,190.56333923339844,202.15333557128906,186.5500030517578,200.51333618164062,132554700,TSLA
2021-05-14,196.5800018310547,197.6233367919922,190.15333557128906,194.47000122070312,100112700,TSLA
2021-05-17,192.27667236328125,196.57666015625,187.06666564941406,191.85000610351562,97171200,TSLA
2021-05-18,192.6233367919922,198.75,187.7933349609375,189.3333282470703,110491800,TSLA
2021-05-19,187.82000732421875,188.73666381835938,182.32666015625,184.18333435058594,118735200,TSLA
2021-05-20,195.5933380126953,196.28334045410156,190.35667419433594,191.6666717529297,92463300,TSLA
2021-05-21,193.6266632080078,198.89332580566406,193.3333282470703,198.70333862304688,78091800,TSLA
2021-05-24,202.14666748046875,204.82666015625,191.21665954589844,193.86666870117188,103674300,TSLA
2021-05-25,201.56333923339844,204.663330078125,198.57000732421875,202.43666076660156,84017700,TSLA
2021-05-26,206.3766632080078,208.72332763671875,200.5,202.52000427246094,85917900,TSLA
2021-05-27,210.28334045410156,210.3766632080078,205.40333557128906,206.74667358398438,79111800,TSLA
2021-05-28,208.4066619873047,211.8633270263672,207.4600067138672,209.5,68211000,TSLA
2021-06-01,207.96665954589844,211.26666259765625,206.85000610351562,209.26666259765625,54254700,TSLA
2021-06-02,201.7066650390625,207.7866668701172,199.7133331298828,206.7100067138672,69908400,TSLA
2021-06-03,190.94667053222656,201.51666259765625,190.4066619873047,200.60000610351562,90335700,TSLA
2021-06-04,199.68333435058594,200.20333862304688,192.39999389648438,193.23666381835938,72110700,TSLA
2021-06-07,201.7100067138672,203.3333282470703,194.2933349609375,197.27667236328125,67631100,TSLA
2021-06-08,201.19667053222656,207.69667053222656,198.5,207.6699981689453,78160200,TSLA
2021-06-09,199.5933380126953,203.92999267578125,199.2100067138672,200.72332763671875,49753800,TSLA
2021-06-10,203.3733367919922,205.52999877929688,200.1666717529297,201.2933349609375,71758800,TSLA
2021-06-11,203.29666137695312,204.18666076660156,200.5066680908203,203.41000366210938,48615900,TSLA
2021-06-14,205.89666748046875,208.49667358398438,203.05999755859375,204.07666015625,61272000,TSLA
2021-06-15,199.7866668701172,205.59666442871094,199.41000366210938,205.56333923339844,53292300,TSLA
2021-06-16,201.6233367919922,202.8333282470703,197.8333282470703,199.17999267578125,66432300,TSLA
2021-06-17,205.53334045410156,207.1566619873047,200.44667053222656,200.6300048828125,68104200,TSLA
2021-06-18,207.77000427246094,209.4499969482422,203.93333435058594,204.4566650390625,73682700,TSLA
2021-06-21,206.94332885742188,210.4633331298828,202.9600067138672,208.16000366210938,74438100,TSLA
2021-06-22,207.90333557128906,209.52333068847656,205.1666717529297,206.0833282470703,57476700,TSLA
2021-06-23,218.85667419433594,219.06666564941406,210.01333618164062,210.6666717529297,93297600,TSLA
2021-06-24,226.60667419433594,232.5399932861328,222.5366668701172,224.99667358398438,137947200,TSLA
2021-06-25,223.9566650390625,231.27000427246094,222.89999389648438,229.86000061035156,97490100,TSLA
2021-06-28,229.57333374023438,231.56666564941406,223.44000244140625,223.8800048828125,64884600,TSLA
2021-06-29,226.9199981689453,229.1699981689453,225.29666137695312,228.21665954589844,52143900,TSLA
2021-06-30,226.56666564941406,230.93666076660156,226.04666137695312,226.58999633789062,56774700,TSLA
2021-07-01,225.97332763671875,229.3300018310547,224.26666259765625,227.97332763671875,55903500,TSLA
2021-07-02,226.3000030517578,233.3333282470703,224.4199981689453,226.32666015625,81163500,TSLA
2021-07-06,219.86000061035156,228.0,217.13333129882812,227.23666381835938,69853500,TSLA
2021-07-07,214.88333129882812,221.89999389648438,212.77333068847656,221.42333984375,56376000,TSLA
2021-07-08,217.60333251953125,218.14332580566406,206.82000732421875,209.4566650390625,68319900,TSLA
2021-07-09,218.98333740234375,219.6366729736328,214.89666748046875,217.72666931152344,54421500,TSLA
2021-07-12,228.56666564941406,229.0800018310547,220.72000122070312,220.73333740234375,77781000,TSLA
2021-07-13,222.84666442871094,231.0933380126953,222.10000610351562,228.77333068847656,62898300,TSLA
2021-07-14,217.7933349609375,226.20333862304688,217.6133270263672,223.5833282470703,64923600,TSLA
2021-07-15,216.86666870117188,222.04666137695312,212.6266632080078,219.4633331298828,60628800,TSLA
2021-07-16,214.74000549316406,218.89999389648438,214.06666564941406,218.22666931152344,49113000,TSLA
2021-07-19,215.4066619873047,215.73333740234375,207.09666442871094,209.9633331298828,63891300,TSLA
2021-07-20,220.1666717529297,220.79666137695312,213.5,217.3300018310547,46461300,TSLA
2021-07-21,218.42999267578125,221.6199951171875,216.76333618164062,219.8699951171875,41859900,TSLA
2021-07-22,216.4199981689453,220.72332763671875,214.86666870117188,218.81333923339844,45317100,TSLA
2021-07-23,214.4600067138672,216.26666259765625,212.43333435058594,215.45333862304688,43814700,TSLA
2021-07-26,219.2066650390625,222.73333740234375,215.70333862304688,216.99000549316406,76009800,TSLA
2021-07-27,214.92666625976562,222.1666717529297,209.0800018310547,221.13333129882812,98439900,TSLA
2021-07-28,215.66000366210938,218.32333374023438,213.13333129882812,215.6666717529297,48019800,TSLA
2021-07-29,225.78334045410156,227.89666748046875,216.26666259765625,216.59666442871094,91183800,TSLA
2021-07-30,229.06666564941406,232.50999450683594,223.0,223.9199981689453,88969200,TSLA
2021-08-02,236.55667114257812,242.31333923339844,232.8000030517578,233.3333282470703,100847400,TSLA
2021-08-03,236.5800018310547,240.88333129882812,233.6699981689453,239.6666717529297,64860900,TSLA
2021-08-04,236.97332763671875,241.63333129882812,236.30999755859375,237.0,51007800,TSLA
2021-08-05,238.2100067138672,240.31666564941406,237.1366729736328,238.6666717529297,38758800,TSLA
2021-08-06,233.03334045410156,238.77667236328125,232.5433349609375,237.3000030517578,46869000,TSLA
2021-08-09,237.9199981689453,239.67666625976562,235.0433349609375,236.72332763671875,44145900,TSLA
2021-08-10,236.663330078125,238.8633270263672,233.9600067138672,237.99667358398438,40296900,TSLA
2021-08-11,235.94000244140625,238.39332580566406,234.73666381835938,237.57000732421875,29401800,TSLA
2021-08-12,240.75,240.93333435058594,233.13333129882812,235.44667053222656,52377300,TSLA
2021-08-13,239.05667114257812,243.3000030517578,238.1133270263672,241.23666381835938,50194500,TSLA
2021-08-16,228.72332763671875,236.5,225.46665954589844,235.02333068847656,68032200,TSLA
2021-08-17,221.90333557128906,224.86000061035156,216.27999877929688,224.22000122070312,71163900,TSLA
2021-08-18,229.663330078125,231.92333984375,223.11666870117188,223.25,61048200,TSLA
2021-08-19,224.49000549316406,228.85000610351562,222.52999877929688,226.07000732421875,42940500,TSLA
2021-08-20,226.75332641601562,230.7100067138672,224.56666564941406,227.61666870117188,44525700,TSLA
2021-08-23,235.43333435058594,237.3766632080078,226.9166717529297,228.47999572753906,60794700,TSLA
2021-08-24,236.163330078125,238.4066619873047,234.2133331298828,236.89332580566406,39249300,TSLA
2021-08-25,237.06666564941406,238.99000549316406,234.6666717529297,235.67666625976562,37936800,TSLA
2021-08-26,233.72000122070312,238.46665954589844,232.5399932861328,236.10333251953125,39642900,TSLA
2021-08-27,237.30667114257812,238.3333282470703,234.03334045410156,235.0,41501400,TSLA
2021-08-30,243.6366729736328,243.6666717529297,237.57666015625,238.24000549316406,55812600,TSLA
2021-08-31,245.24000549316406,246.79666137695312,242.14666748046875,244.3333282470703,62566200,TSLA
2021-09-01,244.69667053222656,247.3300018310547,243.7566680908203,244.69332885742188,39612900,TSLA
2021-09-02,244.1300048828125,246.99000549316406,243.51333618164062,244.8333282470703,38331900,TSLA
2021-09-03,244.52333068847656,244.6666717529297,241.39999389648438,244.0833282470703,45738300,TSLA
2021-09-07,250.97332763671875,253.39999389648438,246.4199981689453,246.6666717529297,60119400,TSLA
2021-09-08,251.2899932861328,254.81666564941406,246.92333984375,253.86000061035156,56379000,TSLA
2021-09-09,251.6199951171875,254.03334045410156,250.5433349609375,251.1366729736328,42233100,TSLA
2021-09-10,245.42333984375,254.20333862304688,244.83999633789062,253.1999969482422,45552600,TSLA
2021-09-13,247.6666717529297,248.25999450683594,236.28334045410156,246.73666381835938,68857500,TSLA
2021-09-14,248.163330078125,251.49000549316406,245.46665954589844,247.52333068847656,55574700,TSLA
2021-09-15,251.94332885742188,252.2866668701172,246.1199951171875,248.3333282470703,46073100,TSLA
2021-09-16,252.3300018310547,252.97000122070312,249.20333862304688,250.94332885742188,41770200,TSLA
2021-09-17,253.163330078125,253.67999267578125,250.0,252.38333129882812,84612600,TSLA
2021-09-20,243.38999938964844,247.3333282470703,239.5399932861328,244.85333251953125,74273100,TSLA
2021-09-21,246.4600067138672,248.24667358398438,243.47999572753906,244.92999267578125,48992100,TSLA
2021-09-22,250.64666748046875,251.22332763671875,246.3733367919922,247.8433380126953,45378900,TSLA
2021-09-23,251.2133331298828,252.73333740234375,249.30667114257812,251.6666717529297,35842500,TSLA
2021-09-24,258.1300048828125,258.26666259765625,248.18666076660156,248.6300048828125,64119000,TSLA
2021-09-27,263.78668212890625,266.3333435058594,256.4366760253906,257.7066650390625,84212100,TSLA
2021-09-28,259.1866760253906,265.21331787109375,255.39332580566406,262.3999938964844,76144200,TSLA
2021-09-29,260.4366760253906,264.5,256.8933410644531,259.9333190917969,62828700,TSLA
2021-09-30,258.49334716796875,263.0433349609375,258.3333435058594,260.3333435058594,53868000,TSLA
2021-10-01,258.40667724609375,260.260009765625,254.52999877929688,259.4666748046875,51094200,TSLA
2021-10-04,260.510009765625,268.989990234375,258.7066650390625,265.5,91449900,TSLA
2021-10-05,260.1966552734375,265.7699890136719,258.0666809082031,261.6000061035156,55297800,TSLA
2021-10-06,260.9166564941406,262.2200012207031,257.739990234375,258.73333740234375,43898400,TSLA
2021-10-07,264.53668212890625,268.3333435058594,261.1266784667969,261.82000732421875,57587400,TSLA
2021-10-08,261.8299865722656,265.4599914550781,260.3033447265625,265.4033203125,50215800,TSLA
2021-10-11,263.9800109863281,267.0799865722656,261.8333435058594,262.54998779296875,42600900,TSLA
2021-10-12,268.5733337402344,270.7733459472656,265.5233459472656,266.9766540527344,66060000,TSLA
2021-10-13,270.3599853515625,271.8033447265625,268.59332275390625,270.15667724609375,42360300,TSLA
2021-10-14,272.7733459472656,273.4166564941406,271.1166687011719,271.8299865722656,36741600,TSLA
2021-10-15,281.010009765625,281.07000732421875,274.1166687011719,274.5799865722656,56773800,TSLA
2021-10-18,290.03668212890625,291.7533264160156,283.8233337402344,283.92999267578125,72621600,TSLA
2021-10-19,288.0899963378906,292.6499938964844,287.5033264160156,292.510009765625,52143300,TSLA
2021-10-20,288.6000061035156,289.8299865722656,285.7933349609375,288.45001220703125,42096300,TSLA
2021-10-21,298.0,300.0,285.1666564941406,285.3333435058594,94444500,TSLA
2021-10-22,303.2266540527344,303.3333435058594,296.9866638183594,298.5,68642400,TSLA
2021-10-25,341.6199951171875,348.3399963378906,314.73333740234375,316.84332275390625,188556300,TSLA
2021-10-26,339.4766540527344,364.9800109863281,333.8133239746094,341.5633239746094,187245000,TSLA
2021-10-27,345.9533386230469,356.9599914550781,343.59332275390625,346.5533447265625,115579500,TSLA
2021-10-28,359.0133361816406,360.3333435058594,351.3999938964844,356.10333251953125,81639600,TSLA
2021-10-29,371.3333435058594,371.7366638183594,357.7366638183594,360.6199951171875,89755200,TSLA
2021-11-01,402.86334228515625,403.25,372.88665771484375,381.6666564941406,168146100,TSLA
2021-11-02,390.6666564941406,402.86334228515625,382.0,386.4533386230469,128213400,TSLA
2021-11-03,404.6199951171875,405.1300048828125,384.2066650390625,392.4433288574219,103885500,TSLA
2021-11-04,409.9700012207031,414.4966735839844,405.6666564941406,411.4700012207031,76192200,TSLA
2021-11-05,407.36334228515625,413.2900085449219,402.6666564941406,409.3333435058594,64886400,TSLA
2021-11-08,387.64666748046875,399.0,377.6666564941406,383.2633361816406,100337100,TSLA
2021-11-09,341.1666564941406,391.5,337.17333984375,391.20001220703125,177317400,TSLA
2021-11-10,355.98333740234375,359.3666687011719,329.10333251953125,336.8033447265625,128408100,TSLA
2021-11-11,354.5033264160156,368.3233337402344,351.55999755859375,367.5899963378906,67189800,TSLA
2021-11-12,344.47332763671875,351.5,339.73333740234375,349.1666564941406,76719300,TSLA
2021-11-15,337.7966613769531,343.99334716796875,326.20001220703125,339.2099914550781,104326800,TSLA
2021-11-16,351.57666015625,352.3999938964844,334.05999755859375,334.4366760253906,79627200,TSLA
2021-11-17,363.0033264160156,373.21331787109375,351.8333435058594,354.5033264160156,94336200,TSLA
2021-11-18,365.4599914550781,370.6666564941406,358.3399963378906,368.8500061035156,62696700,TSLA
2021-11-19,379.0199890136719,379.5733337402344,364.23333740234375,366.2900085449219,64926900,TSLA
2021-11-22,385.6233215332031,400.6499938964844,377.4766540527344,387.4433288574219,99217500,TSLA
2021-11-23,369.6766662597656,393.5,354.23333740234375,389.1700134277344,108515100,TSLA
2021-11-24,372.0,377.5899963378906,354.0,360.1300048828125,67680600,TSLA
2021-11-26,360.6400146484375,369.59332275390625,360.3333435058594,366.489990234375,35042700,TSLA
2021-11-29,378.9966735839844,380.8900146484375,366.7300109863281,366.9966735839844,58393500,TSLA
2021-11-30,381.586669921875,389.3333435058594,372.6666564941406,381.4566650390625,81276000,TSLA
2021-12-01,365.0,390.9466552734375,363.586669921875,386.8999938964844,68450400,TSLA
2021-12-02,361.5333251953125,371.0,352.2166748046875,366.35333251953125,73114800,TSLA
2021-12-03,338.3233337402344,363.52667236328125,333.4033203125,361.5966796875,92322000,TSLA
2021-12-06,336.336669921875,340.5466613769531,316.8333435058594,333.836669921875,81663000,TSLA
2021-12-07,350.5833435058594,352.5566711425781,342.2699890136719,348.0666809082031,56084700,TSLA
2021-12-08,356.32000732421875,357.4599914550781,344.3333435058594,350.9033203125,41906400,TSLA
2021-12-09,334.6000061035156,354.163330078125,334.1199951171875,353.5466613769531,59438400,TSLA
2021-12-10,339.010009765625,340.32666015625,327.510009765625,336.25,59664300,TSLA
2021-12-13,322.13665771484375,335.0,317.1400146484375,333.6966552734375,78595500,TSLA
2021-12-14,319.5033264160156,322.13665771484375,310.0,315.0,70806300,TSLA
2021-12-15,325.3299865722656,326.25,309.4166564941406,317.7366638183594,75169200,TSLA
2021-12-16,308.97332763671875,331.6600036621094,307.2833251953125,331.5,82771500,TSLA
2021-12-17,310.8566589355469,320.2200012207031,303.0133361816406,304.92333984375,100437300,TSLA
2021-12-20,299.9800109863281,307.2300109863281,297.7966613769531,303.5666809082031,56480100,TSLA
2021-12-21,312.84332275390625,313.1666564941406,295.3733215332031,305.6233215332031,71517900,TSLA
2021-12-22,336.2900085449219,338.5533447265625,319.01666259765625,321.88665771484375,93634200,TSLA
2021-12-23,355.6666564941406,357.6600036621094,332.5199890136719,335.6000061035156,92713200,TSLA
2021-12-27,364.64666748046875,372.3333435058594,356.90667724609375,357.8900146484375,71145900,TSLA
2021-12-28,362.8233337402344,373.0,359.47332763671875,369.8299865722656,60324000,TSLA
2021-12-29,362.0633239746094,368.0,354.71331787109375,366.21331787109375,56154000,TSLA
2021-12-30,356.7799987792969,365.1833190917969,351.04998779296875,353.77667236328125,47040900,TSLA
2021-12-31,352.260009765625,360.6666564941406,351.5299987792969,357.8133239746094,40733700,TSLA
2022-01-03,399.9266662597656,400.3566589355469,378.67999267578125,382.5833435058594,103931400,TSLA
2022-01-04,383.1966552734375,402.6666564941406,374.3500061035156,396.51666259765625,100248300,TSLA
2022-01-05,362.7066650390625,390.11334228515625,360.336669921875,382.2166748046875,80119800,TSLA
2022-01-06,354.8999938964844,362.6666564941406,340.1666564941406,359.0,90336600,TSLA
2022-01-07,342.32000732421875,360.30999755859375,336.6666564941406,360.1233215332031,84164700,TSLA
2022-01-10,352.7066650390625,353.0333251953125,326.6666564941406,333.3333435058594,91815000,TSLA
2022-01-11,354.79998779296875,358.6166687011719,346.2733459472656,351.22332763671875,66063300,TSLA
2022-01-12,368.739990234375,371.61334228515625,357.5299987792969,359.6166687011719,83739000,TSLA
2022-01-13,343.85333251953125,371.8666687011719,342.17999267578125,369.69000244140625,97209900,TSLA
2022-01-14,349.8699951171875,350.6666564941406,337.7933349609375,339.9599914550781,72924300,TSLA
2022-01-18,343.5033264160156,356.92999267578125,338.6866760253906,342.2033386230469,66743400,TSLA
2022-01-19,331.8833312988281,351.5566711425781,331.6666564941406,347.2366638183594,75442500,TSLA
2022-01-20,332.0899963378906,347.2200012207031,331.3333435058594,336.57666015625,70488600,TSLA
2022-01-21,314.6333312988281,334.8500061035156,313.5,332.11334228515625,103416000,TSLA
2022-01-24,310.0,311.1700134277344,283.8233337402344,301.586669921875,151565700,TSLA
2022-01-25,306.1333312988281,317.086669921875,301.07000732421875,304.73333740234375,86595900,TSLA
2022-01-26,312.4700012207031,329.2300109863281,302.0,317.4766540527344,104867400,TSLA
2022-01-27,276.3666687011719,311.7966613769531,276.3333435058594,311.1199951171875,147109500,TSLA
2022-01-28,282.1166687011719,285.8333435058594,264.0033264160156,277.1866760253906,134789100,TSLA
2022-01-31,312.239990234375,312.663330078125,287.3500061035156,290.9033203125,104436000,TSLA
2022-02-01,310.4166564941406,314.5666809082031,301.6666564941406,311.7366638183594,73138200,TSLA
2022-02-02,301.88665771484375,310.5,296.4700012207031,309.3933410644531,66792900,TSLA
2022-02-03,297.0466613769531,312.3333435058594,293.50665283203125,294.0,78855600,TSLA
2022-02-04,307.7733459472656,312.1666564941406,293.72332763671875,299.0733337402344,73625400,TSLA
2022-02-07,302.4466552734375,315.92333984375,300.9033203125,307.92999267578125,60994500,TSLA
2022-02-08,307.3333435058594,308.7633361816406,298.26666259765625,301.84332275390625,50729100,TSLA
2022-02-09,310.6666564941406,315.42333984375,306.6666564941406,311.6666564941406,52259400,TSLA
2022-02-10,301.51666259765625,314.60333251953125,298.8999938964844,302.7900085449219,66126900,TSLA
2022-02-11,286.6666564941406,305.32000732421875,283.5666809082031,303.2099914550781,79645800,TSLA
2022-02-14,291.9200134277344,299.6266784667969,284.3833312988281,287.19000244140625,67756500,TSLA
2022-02-15,307.4766540527344,307.6666564941406,297.7933349609375,300.0,57286200,TSLA
2022-02-16,307.7966613769531,308.80999755859375,300.4033203125,304.6833190917969,51294300,TSLA
2022-02-17,292.1166687011719,306.1666564941406,291.3666687011719,304.4200134277344,55178400,TSLA
2022-02-18,285.6600036621094,295.6233215332031,279.2033386230469,295.3333435058594,68501700,TSLA
2022-02-22,273.84332275390625,285.57666015625,267.0333251953125,278.0433349609375,83288100,TSLA
2022-02-23,254.67999267578125,278.4333190917969,253.52000427246094,276.80999755859375,95256900,TSLA
2022-02-24,266.92333984375,267.49334716796875,233.3333282470703,233.4633331298828,135322200,TSLA
2022-02-25,269.9566650390625,273.1666564941406,260.79998779296875,269.74334716796875,76067700,TSLA
2022-02-28,290.1433410644531,292.28668212890625,271.57000732421875,271.6700134277344,99006900,TSLA
2022-03-01,288.1233215332031,296.6266784667969,284.59332275390625,289.8933410644531,74766900,TSLA
2022-03-02,293.2966613769531,295.49334716796875,281.42333984375,290.7099914550781,74643300,TSLA
2022-03-03,279.7633361816406,295.4800109863281,277.5333251953125,292.92333984375,61623600,TSLA
2022-03-04,279.42999267578125,285.2166748046875,275.0533447265625,283.0333251953125,66999600,TSLA
2022-03-07,268.1933288574219,288.71331787109375,268.19000244140625,285.4333190917969,72494100,TSLA
2022-03-08,274.79998779296875,283.3299865722656,260.72332763671875,265.1766662597656,80399100,TSLA
2022-03-09,286.3233337402344,286.85333251953125,277.336669921875,279.82666015625,59184000,TSLA
2022-03-10,279.4333190917969,284.8166809082031,270.1199951171875,283.8166809082031,58648500,TSLA
2022-03-11,265.1166687011719,281.26666259765625,264.5899963378906,280.0666809082031,67037100,TSLA
2022-03-14,255.4566650390625,266.8999938964844,252.01333618164062,260.2033386230469,71152200,TSLA
2022-03-15,267.2966613769531,268.5233459472656,252.19000244140625,258.42333984375,66841200,TSLA
2022-03-16,280.07666015625,280.6666564941406,267.4200134277344,269.6666564941406,84028800,TSLA
2022-03-17,290.5333251953125,291.6666564941406,275.239990234375,276.9966735839844,66582900,TSLA
2022-03-18,301.7966613769531,302.6166687011719,289.1300048828125,291.4966735839844,100414200,TSLA
2022-03-21,307.0533447265625,314.2833251953125,302.36334228515625,304.99334716796875,81981600,TSLA
2022-03-22,331.32666015625,332.6199951171875,307.25,310.0,105868500,TSLA
2022-03-23,333.03668212890625,346.8999938964844,325.4666748046875,326.64666748046875,120676200,TSLA
2022-03-24,337.97332763671875,341.4966735839844,329.6000061035156,336.57666015625,68920800,TSLA
2022-03-25,336.8800048828125,340.6000061035156,332.44000244140625,336.0,62031600,TSLA
2022-03-28,363.9466552734375,365.9599914550781,351.20001220703125,355.0333251953125,102506100,TSLA
2022-03-29,366.5233459472656,371.5899963378906,357.7033386230469,369.3299865722656,73614900,TSLA
2022-03-30,364.663330078125,371.3166809082031,361.3333435058594,363.72332763671875,59865000,TSLA
2022-03-31,359.20001220703125,367.71331787109375,358.8800048828125,364.8566589355469,48992700,TSLA
2022-04-01,361.5299987792969,364.9166564941406,355.5466613769531,360.3833312988281,54263100,TSLA
2022-04-04,381.8166809082031,383.3033447265625,357.510009765625,363.1266784667969,82035900,TSLA
2022-04-05,363.7533264160156,384.2900085449219,362.4333190917969,378.76666259765625,80075100,TSLA
2022-04-06,348.586669921875,359.6666564941406,342.5666809082031,357.8233337402344,89348400,TSLA
2022-04-07,352.4200134277344,358.86334228515625,340.5133361816406,350.7966613769531,79447200,TSLA
2022-04-08,341.8299865722656,349.4800109863281,340.8133239746094,347.7366638183594,55013700,TSLA
2022-04-11,325.30999755859375,336.15667724609375,324.8800048828125,326.79998779296875,59357100,TSLA
2022-04-12,328.98333740234375,340.39666748046875,325.5333251953125,332.5466613769531,65976000,TSLA
2022-04-13,340.7900085449219,342.0799865722656,324.3666687011719,327.02667236328125,55121100,TSLA
2022-04-14,328.3333435058594,337.57000732421875,327.39666748046875,333.0966796875,58422300,TSLA
2022-04-18,334.7633361816406,338.3066711425781,324.4700012207031,329.6766662597656,51715200,TSLA
2022-04-19,342.7166748046875,344.9800109863281,331.77667236328125,335.0199890136719,49847700,TSLA
2022-04-20,325.73333740234375,344.6666564941406,325.0833435058594,343.3333435058594,70711200,TSLA
2022-04-21,336.260009765625,364.0733337402344,332.1400146484375,358.24334716796875,105416400,TSLA
2022-04-22,335.01666259765625,344.95001220703125,331.3333435058594,338.3033447265625,69696600,TSLA
2022-04-25,332.67333984375,336.2066650390625,325.1000061035156,326.3233337402344,68341200,TSLA
2022-04-26,292.1400146484375,333.3333435058594,291.6666564941406,331.80999755859375,136133700,TSLA
2022-04-27,293.836669921875,306.0,292.4533386230469,299.52667236328125,76956300,TSLA
2022-04-28,292.5033264160156,300.0,273.8999938964844,299.99334716796875,124948500,TSLA
2022-04-29,290.2533264160156,311.4666748046875,290.0,300.75,88133100,TSLA
2022-05-02,300.9800109863281,302.1199951171875,282.6766662597656,286.92333984375,75781500,TSLA
2022-05-03,303.0833435058594,308.02667236328125,296.1966552734375,301.05999755859375,63709500,TSLA
2022-05-04,317.5400085449219,318.5,295.09332275390625,301.3133239746094,81643800,TSLA
2022-05-05,291.09332275390625,315.20001220703125,285.8999938964844,313.00665283203125,92519100,TSLA
2022-05-06,288.54998779296875,296.0,281.03668212890625,295.6666564941406,72903000,TSLA
2022-05-09,262.3699951171875,281.8766784667969,260.3833312988281,278.8166809082031,90810300,TSLA
2022-05-10,266.67999267578125,275.1199951171875,258.0833435058594,273.10333251953125,84401700,TSLA
2022-05-11,244.6666717529297,269.92333984375,242.39999389648438,265.0,97224600,TSLA
2022-05-12,242.6666717529297,253.22000122070312,226.6666717529297,233.6666717529297,140313000,TSLA
2022-05-13,256.5299987792969,262.45001220703125,250.52333068847656,257.82666015625,92150700,TSLA
2022-05-16,241.4566650390625,256.586669921875,239.69667053222656,255.72000122070312,86098500,TSLA
2022-05-17,253.8699951171875,254.82666015625,242.9499969482422,249.1199951171875,80236200,TSLA
2022-05-18,236.60333251953125,253.5,233.60333251953125,248.17333984375,87811800,TSLA
2022-05-19,236.47332763671875,244.6666717529297,231.3699951171875,235.6666717529297,90296700,TSLA
2022-05-20,221.3000030517578,240.52667236328125,211.0,237.99667358398438,144973200,TSLA
2022-05-23,224.96665954589844,226.65333557128906,212.68666076660156,218.33999633789062,88903500,TSLA
2022-05-24,209.3866729736328,217.97332763671875,206.85667419433594,217.8433380126953,89092500,TSLA
2022-05-25,219.60000610351562,223.10667419433594,207.6699981689453,207.9499969482422,92139300,TSLA
2022-05-26,235.91000366210938,239.55667114257812,217.8866729736328,220.47332763671875,106003200,TSLA
2022-05-27,253.2100067138672,253.26666259765625,240.17666625976562,241.0833282470703,89295000,TSLA
2022-05-31,252.75332641601562,259.6000061035156,244.7433319091797,257.9466552734375,101914500,TSLA
2022-06-01,246.7899932861328,257.32666015625,243.63999938964844,251.72000122070312,77247900,TSLA
2022-06-02,258.3333435058594,264.2099914550781,242.06666564941406,244.1566619873047,93473100,TSLA
2022-06-03,234.51666259765625,247.79666137695312,233.4166717529297,243.22666931152344,112393800,TSLA
2022-06-06,238.27999877929688,244.86666870117188,234.35000610351562,244.35333251953125,84204600,TSLA
2022-06-07,238.8866729736328,239.99667358398438,230.0933380126953,234.0,72808500,TSLA
2022-06-08,241.86666870117188,249.9633331298828,239.17666625976562,240.086669921875,76210500,TSLA
2022-06-09,239.7066650390625,255.54666137695312,239.32666015625,249.33999633789062,96491400,TSLA
2022-06-10,232.22999572753906,239.5,227.913330078125,235.1566619873047,97536600,TSLA
2022-06-13,215.73666381835938,226.63333129882812,214.68333435058594,223.1666717529297,102767400,TSLA
2022-06-14,220.88999938964844,226.3300018310547,211.73666381835938,218.2866668701172,97988700,TSLA
2022-06-15,233.0,235.663330078125,218.14999389648438,220.9166717529297,119131800,TSLA
2022-06-16,213.10000610351562,225.1666717529297,208.69332885742188,222.73666381835938,107390700,TSLA
2022-06-17,216.75999450683594,220.97000122070312,213.19667053222656,213.43333435058594,92641800,TSLA
2022-06-21,237.0366668701172,243.57666015625,224.3333282470703,224.60333251953125,122793000,TSLA
2022-06-22,236.086669921875,246.8333282470703,233.82666015625,234.50332641601562,101107500,TSLA
2022-06-23,235.07000732421875,239.31666564941406,228.6366729736328,237.9066619873047,104202600,TSLA
2022-06-24,245.7066650390625,246.06666564941406,236.086669921875,237.47000122070312,95770800,TSLA
2022-06-27,244.9199981689453,252.07000732421875,242.56666564941406,249.36666870117188,89178300,TSLA
2022-06-28,232.663330078125,249.97000122070312,232.3433380126953,244.48333740234375,90391200,TSLA
2022-06-29,228.49000549316406,231.17333984375,222.27333068847656,230.5,82897200,TSLA
2022-06-30,224.47332763671875,229.4566650390625,218.8633270263672,224.50999450683594,94600500,TSLA
2022-07-01,227.26333618164062,230.22999572753906,222.1199951171875,227.0,74460300,TSLA
2022-07-05,233.06666564941406,233.14666748046875,216.1666717529297,223.0,84581100,TSLA
2022-07-06,231.73333740234375,234.56333923339844,227.18666076660156,230.77999877929688,71853600,TSLA
2022-07-07,244.5433349609375,245.3633270263672,232.2100067138672,233.9199981689453,81930600,TSLA
2022-07-08,250.76333618164062,254.97999572753906,241.16000366210938,242.3333282470703,101854200,TSLA
2022-07-11,234.3433380126953,253.06333923339844,233.6266632080078,252.10333251953125,99241200,TSLA
2022-07-12,233.07000732421875,239.77333068847656,228.3699951171875,236.84666442871094,87930900,TSLA
2022-07-13,237.0399932861328,242.05999755859375,225.03334045410156,225.5,97954500,TSLA
2022-07-14,238.31333923339844,238.65333557128906,229.3333282470703,234.89666748046875,78557400,TSLA
2022-07-15,240.06666564941406,243.6233367919922,236.88999938964844,240.0,69683100,TSLA
2022-07-18,240.54666137695312,250.51666259765625,239.60333251953125,244.93666076660156,82537500,TSLA
2022-07-19,245.52999877929688,247.13999938964844,236.97666931152344,245.0,80890200,TSLA
2022-07-20,247.5,250.663330078125,243.48333740234375,246.78334045410156,88864200,TSLA
2022-07-21,271.7066650390625,273.26666259765625,254.86666870117188,255.10667419433594,142032300,TSLA
2022-07-22,272.24334716796875,280.78668212890625,270.71331787109375,276.2200012207031,103472700,TSLA
2022-07-25,268.4333190917969,274.14666748046875,267.3999938964844,272.2166748046875,64073400,TSLA
2022-07-26,258.8599853515625,267.30999755859375,256.2633361816406,266.5133361816406,66820800,TSLA
2022-07-27,274.82000732421875,275.9266662597656,261.7900085449219,263.80999755859375,88110000,TSLA
2022-07-28,280.8999938964844,283.29998779296875,272.79998779296875,280.0666809082031,84723000,TSLA
2022-07-29,297.1499938964844,298.32000732421875,279.1000061035156,280.70001220703125,95313000,TSLA
2022-08-01,297.27667236328125,311.8766784667969,295.0,301.27667236328125,117042900,TSLA
2022-08-02,300.586669921875,307.8333435058594,292.6666564941406,294.0033264160156,95577600,TSLA
2022-08-03,307.39666748046875,309.54998779296875,301.1499938964844,305.0,80091000,TSLA
2022-08-04,308.6333312988281,313.6066589355469,305.0,311.0,72256200,TSLA
2022-08-05,288.1700134277344,304.6066589355469,285.5433349609375,302.6700134277344,113172900,TSLA
2022-08-08,290.42333984375,305.20001220703125,289.086669921875,295.0,98994000,TSLA
2022-08-09,283.3333435058594,292.39666748046875,279.35333251953125,290.2933349609375,86244600,TSLA
2022-08-10,294.3566589355469,297.510009765625,283.3699951171875,297.0666809082031,94918800,TSLA
2022-08-11,286.6300048828125,298.2366638183594,285.8333435058594,296.5133361816406,70155000,TSLA
2022-08-12,300.0299987792969,300.1600036621094,285.0333251953125,289.4166564941406,79657200,TSLA
2022-08-15,309.32000732421875,313.1333312988281,301.2300109863281,301.78668212890625,89359200,TSLA
2022-08-16,306.5633239746094,314.6666564941406,302.8833312988281,311.6666564941406,88136400,TSLA
2022-08-17,303.9966735839844,309.65667724609375,300.0333251953125,303.39666748046875,68766000,TSLA
2022-08-18,302.8699951171875,306.5,301.85333251953125,306.0,47500500,TSLA
2022-08-19,296.6666564941406,300.3599853515625,292.5,299.0,61395300,TSLA
2022-08-22,289.913330078125,292.3999938964844,286.2966613769531,291.913330078125,55843200,TSLA
2022-08-23,296.4533386230469,298.82666015625,287.92333984375,291.4533386230469,63984900,TSLA
2022-08-24,297.0966796875,303.64666748046875,296.5,297.5633239746094,57259800,TSLA
2022-08-25,296.07000732421875,302.9599914550781,291.6000061035156,302.3599853515625,53230000,TSLA
2022-08-26,288.0899963378906,302.0,287.4700012207031,297.42999267578125,57163900,TSLA
2022-08-29,284.82000732421875,287.739990234375,280.70001220703125,282.8299865722656,41864700,TSLA
2022-08-30,277.70001220703125,288.4800109863281,272.6499938964844,287.8699951171875,50541800,TSLA
2022-08-31,275.6099853515625,281.25,271.80999755859375,280.6199951171875,52107300,TSLA
2022-09-01,277.1600036621094,277.5799865722656,266.1499938964844,272.5799865722656,54287000,TSLA
2022-09-02,270.2099914550781,282.3500061035156,269.0799865722656,281.07000732421875,50890100,TSLA
2022-09-06,274.4200134277344,275.989990234375,265.739990234375,272.67999267578125,55860000,TSLA
2022-09-07,283.70001220703125,283.8399963378906,272.2699890136719,273.1000061035156,50028900,TSLA
2022-09-08,289.260009765625,289.5,279.760009765625,281.29998779296875,53713100,TSLA
2022-09-09,299.67999267578125,299.8500061035156,291.25,291.6700134277344,54338100,TSLA
2022-09-12,304.4200134277344,305.489990234375,300.3999938964844,300.7200012207031,48674600,TSLA
2022-09-13,292.1300048828125,297.3999938964844,290.3999938964844,292.8999938964844,68229600,TSLA
2022-09-14,302.6099853515625,306.0,291.6400146484375,292.239990234375,72628700,TSLA
2022-09-15,303.75,309.1199951171875,300.7200012207031,301.8299865722656,64795500,TSLA
2022-09-16,303.3500061035156,303.7099914550781,295.6000061035156,299.6099853515625,87087800,TSLA
2022-09-19,309.07000732421875,309.8399963378906,297.79998779296875,300.0899963378906,60231200,TSLA
2022-09-20,308.7300109863281,313.3299865722656,305.5799865722656,306.9100036621094,61642800,TSLA
2022-09-21,300.79998779296875,313.79998779296875,300.6300048828125,308.2900085449219,62555700,TSLA
2022-09-22,288.5899963378906,301.2900085449219,285.82000732421875,299.8599853515625,70545400,TSLA
2022-09-23,275.3299865722656,284.5,272.82000732421875,283.0899963378906,63748400,TSLA
2022-09-26,276.010009765625,284.0899963378906,270.30999755859375,271.8299865722656,58076900,TSLA
2022-09-27,282.94000244140625,288.6700134277344,277.510009765625,283.8399963378906,61925200,TSLA
2022-09-28,287.80999755859375,289.0,277.57000732421875,283.0799865722656,54664800,TSLA
2022-09-29,268.2099914550781,283.6499938964844,265.7799987792969,282.760009765625,77620600,TSLA
2022-09-30,265.25,275.57000732421875,262.4700012207031,266.1499938964844,67726600,TSLA
2022-10-03,242.39999389648438,255.16000366210938,241.00999450683594,254.5,98363500,TSLA
2022-10-04,249.44000244140625,257.5,242.00999450683594,250.52000427246094,109578500,TSLA
2022-10-05,240.80999755859375,246.6699981689453,233.27000427246094,245.00999450683594,86982700,TSLA
2022-10-06,238.1300048828125,244.5800018310547,235.35000610351562,239.44000244140625,69298400,TSLA
2022-10-07,223.07000732421875,234.57000732421875,222.02000427246094,233.94000244140625,83916800,TSLA
2022-10-10,222.9600067138672,226.99000549316406,218.36000061035156,223.92999267578125,67925000,TSLA
2022-10-11,216.5,225.75,215.0,220.9499969482422,77013200,TSLA
2022-10-12,217.24000549316406,219.3000030517578,211.50999450683594,215.3300018310547,66860700,TSLA
2022-10-13,221.72000122070312,222.99000549316406,206.22000122070312,208.3000030517578,91483000,TSLA
2022-10-14,204.99000549316406,226.25999450683594,204.16000366210938,224.00999450683594,94124500,TSLA
2022-10-17,219.35000610351562,221.86000061035156,209.4499969482422,210.0399932861328,79428800,TSLA
2022-10-18,220.19000244140625,229.82000732421875,217.25,229.5,75891900,TSLA
2022-10-19,222.0399932861328,222.92999267578125,217.77999877929688,219.8000030517578,66571500,TSLA
2022-10-20,207.27999877929688,215.5500030517578,202.0,208.27999877929688,117798100,TSLA
2022-10-21,214.44000244140625,214.66000366210938,203.8000030517578,206.4199981689453,75713800,TSLA
2022-10-24,211.25,213.5,198.58999633789062,205.82000732421875,100446800,TSLA
2022-10-25,222.4199981689453,224.35000610351562,210.0,210.10000610351562,96507900,TSLA
2022-10-26,224.63999938964844,230.60000610351562,218.1999969482422,219.39999389648438,85012500,TSLA
2022-10-27,225.08999633789062,233.80999755859375,222.85000610351562,229.77000427246094,61638800,TSLA
2022-10-28,228.52000427246094,228.86000061035156,216.35000610351562,225.39999389648438,69152400,TSLA
2022-10-31,227.5399932861328,229.85000610351562,221.94000244140625,226.19000244140625,61554300,TSLA
2022-11-01,227.82000732421875,237.39999389648438,227.27999877929688,234.0500030517578,62688800,TSLA
2022-11-02,214.97999572753906,227.8699951171875,214.82000732421875,226.0399932861328,63070300,TSLA
2022-11-03,215.30999755859375,221.1999969482422,210.13999938964844,211.36000061035156,56538800,TSLA
2022-11-04,207.47000122070312,223.8000030517578,203.0800018310547,222.60000610351562,98622200,TSLA
2022-11-07,197.0800018310547,208.89999389648438,196.66000366210938,208.64999389648438,93916500,TSLA
2022-11-08,191.3000030517578,195.1999969482422,186.75,194.02000427246094,128803400,TSLA
2022-11-09,177.58999633789062,195.88999938964844,177.1199951171875,190.77999877929688,127062700,TSLA
2022-11-10,190.72000122070312,191.0,180.02999877929688,189.89999389648438,132703000,TSLA
2022-11-11,195.97000122070312,196.52000427246094,182.58999633789062,186.0,114403600,TSLA
2022-11-14,190.9499969482422,195.72999572753906,186.33999633789062,192.77000427246094,92226600,TSLA
2022-11-15,194.4199981689453,200.82000732421875,192.05999755859375,195.8800048828125,91293800,TSLA
2022-11-16,186.9199981689453,192.57000732421875,185.66000366210938,191.50999450683594,66567600,TSLA
2022-11-17,183.1699981689453,186.16000366210938,180.89999389648438,183.9600067138672,64336000,TSLA
2022-11-18,180.19000244140625,185.19000244140625,176.5500030517578,185.0500030517578,76048900,TSLA
2022-11-21,167.8699951171875,176.77000427246094,167.5399932861328,175.85000610351562,92882700,TSLA
2022-11-22,169.91000366210938,170.9199981689453,166.19000244140625,168.6300048828125,78452300,TSLA
2022-11-23,183.1999969482422,183.6199951171875,172.5,173.57000732421875,109536700,TSLA
2022-11-25,182.86000061035156,185.1999969482422,180.6300048828125,185.05999755859375,50672700,TSLA
2022-11-28,182.9199981689453,188.5,179.0,179.9600067138672,92905200,TSLA
2022-11-29,180.8300018310547,186.3800048828125,178.75,184.99000549316406,83357100,TSLA
2022-11-30,194.6999969482422,194.75999450683594,180.6300048828125,182.42999267578125,109186400,TSLA
2022-12-01,194.6999969482422,198.9199981689453,191.8000030517578,197.0800018310547,80046200,TSLA
2022-12-02,194.86000061035156,196.25,191.11000061035156,191.77999877929688,73645900,TSLA
2022-12-05,182.4499969482422,191.27000427246094,180.5500030517578,189.44000244140625,93122700,TSLA
2022-12-06,179.82000732421875,183.64999389648438,175.3300018310547,181.22000122070312,92150800,TSLA
2022-12-07,174.0399932861328,179.3800048828125,172.22000122070312,175.02999877929688,84213300,TSLA
2022-12-08,173.44000244140625,175.1999969482422,169.05999755859375,172.1999969482422,97624500,TSLA
2022-12-09,179.0500030517578,182.5,173.36000061035156,173.83999633789062,104872300,TSLA
2022-12-12,167.82000732421875,177.3699951171875,167.52000427246094,176.10000610351562,109794500,TSLA
2022-12-13,160.9499969482422,175.0500030517578,156.91000366210938,174.8699951171875,175862700,TSLA
2022-12-14,156.8000030517578,161.6199951171875,155.30999755859375,159.25,140682300,TSLA
2022-12-15,157.6699981689453,160.92999267578125,153.27999877929688,153.44000244140625,122334500,TSLA
2022-12-16,150.22999572753906,160.99000549316406,150.0399932861328,159.63999938964844,139032200,TSLA
2022-12-19,149.8699951171875,155.25,145.82000732421875,154.0,139390600,TSLA
2022-12-20,137.8000030517578,148.47000122070312,137.66000366210938,146.0500030517578,159563300,TSLA
2022-12-21,137.57000732421875,141.25999450683594,135.88999938964844,139.33999633789062,145417400,TSLA
2022-12-22,125.3499984741211,136.6300048828125,122.26000213623047,136.0,210090300,TSLA
2022-12-23,123.1500015258789,128.6199951171875,121.0199966430664,126.37000274658203,166989700,TSLA
2022-12-27,109.0999984741211,119.66999816894531,108.76000213623047,117.5,208643400,TSLA
2022-12-28,112.70999908447266,116.2699966430664,108.23999786376953,110.3499984741211,221070500,TSLA
2022-12-29,121.81999969482422,123.56999969482422,117.5,120.38999938964844,221923300,TSLA
2022-12-30,123.18000030517578,124.4800033569336,119.75,119.94999694824219,157777300,TSLA
2023-01-03,108.0999984741211,118.80000305175781,104.63999938964844,118.47000122070312,231402800,TSLA
2023-01-04,113.63999938964844,114.58999633789062,107.5199966430664,109.11000061035156,180389000,TSLA
2023-01-05,110.33999633789062,111.75,107.16000366210938,110.51000213623047,157986300,TSLA
2023-01-06,113.05999755859375,114.38999938964844,101.80999755859375,103.0,220911100,TSLA
2023-01-09,119.7699966430664,123.5199966430664,117.11000061035156,118.95999908447266,190284000,TSLA
2023-01-10,118.8499984741211,122.76000213623047,114.91999816894531,121.06999969482422,167642500,TSLA
2023-01-11,123.22000122070312,125.94999694824219,120.51000213623047,122.08999633789062,183810800,TSLA
2023-01-12,123.55999755859375,124.12999725341797,117.0,122.55999755859375,169400900,TSLA
2023-01-13,122.4000015258789,122.62999725341797,115.5999984741211,116.55000305175781,180714100,TSLA
2023-01-17,131.49000549316406,131.6999969482422,125.0199966430664,125.69999694824219,186477000,TSLA
2023-01-18,128.77999877929688,136.67999267578125,127.01000213623047,136.55999755859375,195680300,TSLA
2023-01-19,127.16999816894531,129.99000549316406,124.30999755859375,127.26000213623047,170291900,TSLA
2023-01-20,133.4199981689453,133.50999450683594,127.3499984741211,128.67999267578125,138858100,TSLA
2023-01-23,143.75,145.3800048828125,134.27000427246094,135.8699951171875,203119200,TSLA
2023-01-24,143.88999938964844,146.5,141.10000610351562,143.0,158699100,TSLA
2023-01-25,144.42999267578125,146.41000366210938,138.07000732421875,141.91000366210938,192734300,TSLA
2023-01-26,160.27000427246094,161.4199981689453,154.75999450683594,159.97000122070312,234815100,TSLA
2023-01-27,177.89999389648438,180.67999267578125,161.1699981689453,162.42999267578125,306590600,TSLA
2023-01-30,166.66000366210938,179.77000427246094,166.5,178.0500030517578,230878800,TSLA
2023-01-31,173.22000122070312,174.3000030517578,162.77999877929688,164.57000732421875,196813500,TSLA
2023-02-01,181.41000366210938,183.80999755859375,169.92999267578125,173.88999938964844,213806300,TSLA
2023-02-02,188.27000427246094,196.75,182.61000061035156,187.3300018310547,217448300,TSLA
2023-02-03,189.97999572753906,199.0,183.69000244140625,183.9499969482422,232662000,TSLA
2023-02-06,194.75999450683594,198.1699981689453,189.9199981689453,193.00999450683594,186188100,TSLA
2023-02-07,196.80999755859375,197.5,189.5500030517578,196.42999267578125,186010300,TSLA
2023-02-08,201.2899932861328,203.0,194.30999755859375,196.10000610351562,180673600,TSLA
2023-02-09,207.32000732421875,214.0,204.77000427246094,207.77999877929688,215431400,TSLA
2023-02-10,196.88999938964844,206.1999969482422,192.88999938964844,202.22999572753906,204754100,TSLA
2023-02-13,194.63999938964844,196.3000030517578,187.61000061035156,194.4199981689453,172475500,TSLA
2023-02-14,209.25,209.82000732421875,189.44000244140625,191.94000244140625,216455700,TSLA
2023-02-15,214.24000549316406,214.66000366210938,206.11000061035156,211.75999450683594,181006400,TSLA
2023-02-16,202.0399932861328,217.64999389648438,201.83999633789062,210.77999877929688,229586500,TSLA
2023-02-17,208.30999755859375,208.44000244140625,197.5,199.99000549316406,213738500,TSLA
2023-02-21,197.3699951171875,209.7100067138672,197.22000122070312,204.99000549316406,180018600,TSLA
2023-02-22,200.86000061035156,201.99000549316406,191.77999877929688,197.92999267578125,191828500,TSLA
2023-02-23,202.07000732421875,205.13999938964844,196.3300018310547,203.91000366210938,146360000,TSLA
2023-02-24,196.8800048828125,197.6699981689453,192.8000030517578,196.3300018310547,142228100,TSLA
2023-02-27,207.6300048828125,209.4199981689453,201.25999450683594,202.02999877929688,161028300,TSLA
2023-02-28,205.7100067138672,211.22999572753906,203.75,210.58999633789062,153144900,TSLA
2023-03-01,202.77000427246094,207.1999969482422,198.52000427246094,206.2100067138672,156852800,TSLA
2023-03-02,190.89999389648438,193.75,186.00999450683594,186.74000549316406,181500700,TSLA
2023-03-03,197.7899932861328,200.47999572753906,192.8800048828125,194.8000030517578,154193300,TSLA
2023-03-06,193.80999755859375,198.60000610351562,192.3000030517578,198.5399932861328,128100100,TSLA
2023-03-07,187.7100067138672,194.1999969482422,186.10000610351562,191.3800048828125,148125800,TSLA
2023-03-08,182.0,186.5,180.0,185.0399932861328,151897800,TSLA
2023-03-09,172.9199981689453,185.17999267578125,172.50999450683594,180.25,170023800,TSLA
2023-03-10,173.44000244140625,178.2899932861328,168.44000244140625,175.1300048828125,191488900,TSLA
2023-03-13,174.47999572753906,177.35000610351562,163.91000366210938,167.4600067138672,167790300,TSLA
2023-03-14,183.25999450683594,183.8000030517578,177.13999938964844,177.30999755859375,143717900,TSLA
2023-03-15,180.4499969482422,182.33999633789062,176.02999877929688,180.8000030517578,145995600,TSLA
2023-03-16,184.1300048828125,185.80999755859375,178.83999633789062,180.3699951171875,121136800,TSLA
2023-03-17,180.1300048828125,186.22000122070312,177.3300018310547,184.52000427246094,133197100,TSLA
2023-03-20,183.25,186.44000244140625,176.35000610351562,178.0800018310547,129684400,TSLA
2023-03-21,197.5800018310547,198.0,188.0399932861328,188.27999877929688,153391400,TSLA
2023-03-22,191.14999389648438,200.66000366210938,190.9499969482422,199.3000030517578,150376400,TSLA
2023-03-23,192.22000122070312,199.30999755859375,188.64999389648438,195.25999450683594,144193900,TSLA
2023-03-24,190.41000366210938,192.36000061035156,187.14999389648438,191.64999389648438,116312400,TSLA
2023-03-27,191.80999755859375,197.38999938964844,189.94000244140625,194.4199981689453,120851600,TSLA
2023-03-28,189.19000244140625,192.35000610351562,185.42999267578125,192.0,98654600,TSLA
2023-03-29,193.8800048828125,195.2899932861328,189.44000244140625,193.1300048828125,123660000,TSLA
2023-03-30,195.27999877929688,197.3300018310547,194.4199981689453,195.5800018310547,110252200,TSLA
2023-03-31,207.4600067138672,207.7899932861328,197.1999969482422,197.52999877929688,170222100,TSLA
2023-04-03,194.77000427246094,202.69000244140625,192.1999969482422,199.91000366210938,169545900,TSLA
2023-04-04,192.5800018310547,198.74000549316406,190.32000732421875,197.32000732421875,126463800,TSLA
2023-04-05,185.52000427246094,190.67999267578125,183.75999450683594,190.52000427246094,133882500,TSLA
2023-04-06,185.05999755859375,186.38999938964844,179.74000549316406,183.0800018310547,123857900,TSLA
2023-04-10,184.50999450683594,185.10000610351562,176.11000061035156,179.94000244140625,142154600,TSLA
2023-04-11,186.7899932861328,189.19000244140625,185.64999389648438,186.69000244140625,115770900,TSLA
2023-04-12,180.5399932861328,191.5800018310547,180.30999755859375,190.74000549316406,150256300,TSLA
2023-04-13,185.89999389648438,186.5,180.94000244140625,182.9600067138672,112933000,TSLA
2023-04-14,185.0,186.27999877929688,182.00999450683594,183.9499969482422,96438700,TSLA
2023-04-17,187.0399932861328,189.69000244140625,182.69000244140625,186.32000732421875,116662200,TSLA
2023-04-18,184.30999755859375,187.69000244140625,183.5800018310547,187.14999389648438,92067000,TSLA
2023-04-19,180.58999633789062,183.5,177.64999389648438,179.10000610351562,125732700,TSLA
2023-04-20,162.99000549316406,169.6999969482422,160.55999755859375,166.1699981689453,210970800,TSLA
2023-04-21,165.0800018310547,166.0,161.32000732421875,164.8000030517578,123539000,TSLA
2023-04-24,162.5500030517578,165.64999389648438,158.61000061035156,164.64999389648438,140006600,TSLA
2023-04-25,160.6699981689453,163.47000122070312,158.75,159.82000732421875,121999300,TSLA
2023-04-26,153.75,160.6699981689453,153.13999938964844,160.2899932861328,153364100,TSLA
2023-04-27,160.19000244140625,160.47999572753906,152.3699951171875,152.63999938964844,127015200,TSLA
2023-04-28,164.30999755859375,165.0,157.32000732421875,160.89999389648438,122515800,TSLA
2023-05-01,161.8300018310547,163.27999877929688,158.8300018310547,163.1699981689453,109015000,TSLA
2023-05-02,160.30999755859375,165.49000549316406,158.92999267578125,161.8800048828125,128259700,TSLA
2023-05-03,160.61000061035156,165.0,159.91000366210938,160.00999450683594,119728000,TSLA
2023-05-04,161.1999969482422,162.9499969482422,159.64999389648438,162.7100067138672,95108500,TSLA
2023-05-05,170.05999755859375,170.7899932861328,163.50999450683594,163.97000122070312,107607300,TSLA
2023-05-08,171.7899932861328,173.8000030517578,169.19000244140625,173.72000122070312,112249400,TSLA
2023-05-09,169.14999389648438,169.82000732421875,166.55999755859375,168.9499969482422,88965000,TSLA
2023-05-10,168.5399932861328,174.42999267578125,166.67999267578125,172.5500030517578,119840700,TSLA
2023-05-11,172.0800018310547,173.57000732421875,166.7899932861328,168.6999969482422,103889900,TSLA
2023-05-12,167.97999572753906,177.3800048828125,167.22999572753906,176.07000732421875,157849600,TSLA
2023-05-15,166.35000610351562,169.75999450683594,164.5500030517578,167.66000366210938,105592500,TSLA
2023-05-16,166.52000427246094,169.52000427246094,164.35000610351562,165.64999389648438,98288800,TSLA
2023-05-17,173.86000061035156,174.5,167.19000244140625,168.41000366210938,125473600,TSLA
2023-05-18,176.88999938964844,177.05999755859375,172.4499969482422,174.22000122070312,109520300,TSLA
2023-05-19,180.13999938964844,181.9499969482422,176.30999755859375,177.1699981689453,136196700,TSLA
2023-05-22,188.8699951171875,189.32000732421875,180.11000061035156,180.6999969482422,132001400,TSLA
2023-05-23,185.77000427246094,192.9600067138672,185.25999450683594,186.1999969482422,156952100,TSLA
2023-05-24,182.89999389648438,184.22000122070312,178.22000122070312,182.22999572753906,137605100,TSLA
2023-05-25,184.47000122070312,186.77999877929688,180.5800018310547,186.5399932861328,96870700,TSLA
2023-05-26,193.1699981689453,198.60000610351562,184.52999877929688,184.6199951171875,162061500,TSLA
2023-05-30,201.16000366210938,204.47999572753906,197.52999877929688,200.10000610351562,128818700,TSLA
2023-05-31,203.92999267578125,203.9499969482422,195.1199951171875,199.77999877929688,150711700,TSLA
2023-06-01,207.52000427246094,209.8000030517578,199.3699951171875,202.58999633789062,148029900,TSLA
2023-06-02,213.97000122070312,217.25,209.75,210.14999389648438,164398400,TSLA
2023-06-05,217.61000061035156,221.2899932861328,214.52000427246094,217.8000030517578,151143100,TSLA
2023-06-06,221.30999755859375,221.91000366210938,212.52999877929688,216.13999938964844,146911600,TSLA
2023-06-07,224.57000732421875,230.8300018310547,223.1999969482422,228.0,185710800,TSLA
2023-06-08,234.86000061035156,235.22999572753906,223.00999450683594,224.22000122070312,164489700,TSLA
2023-06-09,244.39999389648438,252.4199981689453,242.02000427246094,249.07000732421875,200242400,TSLA
2023-06-12,249.8300018310547,250.97000122070312,244.58999633789062,247.94000244140625,150337900,TSLA
2023-06-13,258.7099914550781,259.67999267578125,251.33999633789062,253.50999450683594,162384300,TSLA
2023-06-14,256.7900085449219,261.57000732421875,250.5,260.1700134277344,170575500,TSLA
2023-06-15,255.89999389648438,258.95001220703125,247.2899932861328,248.39999389648438,160171200,TSLA
2023-06-16,260.5400085449219,263.6000061035156,257.2099914550781,258.9200134277344,167915600,TSLA
2023-06-20,274.45001220703125,274.75,261.1199951171875,261.5,165611200,TSLA
2023-06-21,259.4599914550781,276.989990234375,257.7799987792969,275.1300048828125,211797100,TSLA
2023-06-22,264.6099853515625,265.0,248.25,250.77000427246094,166875900,TSLA
2023-06-23,256.6000061035156,262.45001220703125,252.8000030517578,259.2900085449219,177460800,TSLA
2023-06-26,241.0500030517578,258.3699951171875,240.6999969482422,250.07000732421875,179990600,TSLA
2023-06-27,250.2100067138672,250.38999938964844,240.85000610351562,243.24000549316406,164968200,TSLA
2023-06-28,256.239990234375,259.8800048828125,248.88999938964844,249.6999969482422,159770800,TSLA
2023-06-29,257.5,260.739990234375,253.61000061035156,258.0299987792969,131283400,TSLA
2023-06-30,261.7699890136719,264.45001220703125,259.8900146484375,260.6000061035156,112620800,TSLA
2023-07-03,279.82000732421875,284.25,275.1099853515625,276.489990234375,119685900,TSLA
2023-07-05,282.4800109863281,283.8500061035156,277.6000061035156,278.82000732421875,131530900,TSLA
2023-07-06,276.5400085449219,279.9700012207031,272.8800048828125,278.0899963378906,120332100,TSLA
2023-07-07,274.42999267578125,280.7799987792969,273.7699890136719,278.42999267578125,113879200,TSLA
2023-07-10,269.6099853515625,277.5199890136719,265.1000061035156,276.4700012207031,119425400,TSLA
2023-07-11,269.7900085449219,270.8999938964844,266.3699951171875,268.6499938964844,91972400,TSLA
2023-07-12,271.989990234375,276.5199890136719,271.4599914550781,276.3299865722656,95672100,TSLA
2023-07-13,277.8999938964844,279.45001220703125,270.6000061035156,274.5899963378906,112681500,TSLA
2023-07-14,281.3800048828125,285.29998779296875,276.30999755859375,277.010009765625,120062400,TSLA
2023-07-17,290.3800048828125,292.2300109863281,283.57000732421875,286.6300048828125,131569600,TSLA
2023-07-18,293.3399963378906,295.260009765625,286.010009765625,290.1499938964844,112120300,TSLA
2023-07-19,291.260009765625,299.2900085449219,289.5199890136719,296.0400085449219,142355400,TSLA
2023-07-20,262.8999938964844,280.92999267578125,261.20001220703125,279.55999755859375,175158300,TSLA
2023-07-21,260.0199890136719,268.0,255.8000030517578,268.0,161796100,TSLA
2023-07-24,269.05999755859375,269.8500061035156,254.1199951171875,255.85000610351562,136508500,TSLA
2023-07-25,265.2799987792969,272.8999938964844,265.0,272.3800048828125,112757300,TSLA
2023-07-26,264.3500061035156,268.0400085449219,261.75,263.25,95856200,TSLA
2023-07-27,255.7100067138672,269.1300048828125,255.3000030517578,268.30999755859375,103697300,TSLA
2023-07-28,266.44000244140625,267.25,258.2300109863281,259.8599853515625,111446000,TSLA
2023-07-31,267.42999267578125,269.0799865722656,263.7799987792969,267.4800109863281,84582200,TSLA
2023-08-01,261.07000732421875,266.4700012207031,260.25,266.260009765625,83166000,TSLA
2023-08-02,254.11000061035156,259.5199890136719,250.49000549316406,255.57000732421875,101752900,TSLA
2023-08-03,259.32000732421875,260.489990234375,252.0,252.0399932861328,97569100,TSLA
2023-08-04,253.86000061035156,264.7699890136719,253.11000061035156,260.9700012207031,99539900,TSLA
2023-08-07,251.4499969482422,253.64999389648438,242.75999450683594,251.4499969482422,111097900,TSLA
2023-08-08,249.6999969482422,250.9199981689453,245.00999450683594,247.4499969482422,96642200,TSLA
2023-08-09,242.19000244140625,251.10000610351562,241.89999389648438,250.8699951171875,101596300,TSLA
2023-08-10,245.33999633789062,251.8000030517578,243.0,245.39999389648438,109498600,TSLA
2023-08-11,242.64999389648438,243.7899932861328,238.02000427246094,241.77000427246094,99038600,TSLA
2023-08-14,239.75999450683594,240.66000366210938,233.75,235.6999969482422,98595300,TSLA
2023-08-15,232.9600067138672,240.5,232.61000061035156,238.72999572753906,88197600,TSLA
2023-08-16,225.60000610351562,233.97000122070312,225.3800048828125,228.02000427246094,112484500,TSLA
2023-08-17,219.22000122070312,226.74000549316406,218.8300018310547,226.05999755859375,120718400,TSLA
2023-08-18,215.49000549316406,217.5800018310547,212.36000061035156,214.1199951171875,136276600,TSLA
2023-08-21,231.27999877929688,232.1300048828125,220.5800018310547,221.5500030517578,135702700,TSLA
2023-08-22,233.19000244140625,240.82000732421875,229.5500030517578,240.25,130442800,TSLA
2023-08-23,236.86000061035156,238.97999572753906,229.2899932861328,229.33999633789062,101077600,TSLA
2023-08-24,230.0399932861328,238.9199981689453,228.17999267578125,238.66000366210938,99777400,TSLA
2023-08-25,238.58999633789062,239.0,230.35000610351562,231.30999755859375,106612200,TSLA
2023-08-28,238.82000732421875,244.3800048828125,235.35000610351562,242.5800018310547,107673700,TSLA
2023-08-29,257.17999267578125,257.4800109863281,237.77000427246094,238.5800018310547,134047600,TSLA
2023-08-30,256.8999938964844,260.510009765625,250.58999633789062,254.1999969482422,121988400,TSLA
2023-08-31,258.0799865722656,261.17999267578125,255.0500030517578,255.97999572753906,108861700,TSLA
2023-09-01,245.00999450683594,259.0799865722656,242.00999450683594,257.260009765625,132541600,TSLA
2023-09-05,256.489990234375,258.0,244.86000061035156,245.0,129469600,TSLA
2023-09-06,251.9199981689453,255.38999938964844,245.05999755859375,255.13999938964844,116959800,TSLA
2023-09-07,251.49000549316406,252.80999755859375,243.27000427246094,245.07000732421875,115312900,TSLA
2023-09-08,248.5,256.5199890136719,246.6699981689453,251.22000122070312,118367700,TSLA
2023-09-11,273.5799865722656,274.8500061035156,260.6099853515625,264.2699890136719,174667900,TSLA
2023-09-12,267.4800109863281,278.3900146484375,266.6000061035156,270.760009765625,135999900,TSLA
2023-09-13,271.29998779296875,274.9800109863281,268.1000061035156,270.07000732421875,111673700,TSLA
2023-09-14,276.0400085449219,276.7099914550781,270.4200134277344,271.32000732421875,107709800,TSLA
2023-09-15,274.3900146484375,278.9800109863281,271.0,277.54998779296875,133692300,TSLA
2023-09-18,265.2799987792969,271.44000244140625,263.760009765625,271.1600036621094,101543300,TSLA
2023-09-19,266.5,267.8500061035156,261.20001220703125,264.3500061035156,103704000,TSLA
2023-09-20,262.5899963378906,273.92999267578125,262.4599914550781,267.0400085449219,122514600,TSLA
2023-09-21,255.6999969482422,260.8599853515625,254.2100067138672,257.8500061035156,119951500,TSLA
2023-09-22,244.8800048828125,257.7900085449219,244.47999572753906,257.3999938964844,127524100,TSLA
2023-09-25,246.99000549316406,247.10000610351562,238.30999755859375,243.3800048828125,104636600,TSLA
2023-09-26,244.1199951171875,249.5500030517578,241.66000366210938,242.97999572753906,101993600,TSLA
2023-09-27,240.5,245.3300018310547,234.5800018310547,244.25999450683594,136597200,TSLA
2023-09-28,246.3800048828125,247.5500030517578,238.64999389648438,240.02000427246094,117058900,TSLA
2023-09-29,250.22000122070312,254.77000427246094,246.35000610351562,250.0,128522700,TSLA
2023-10-02,251.60000610351562,254.27999877929688,242.6199951171875,244.80999755859375,123810400,TSLA
2023-10-03,246.52999877929688,250.02000427246094,244.4499969482422,248.61000061035156,101985300,TSLA
2023-10-04,261.1600036621094,261.8599853515625,247.60000610351562,248.13999938964844,129721600,TSLA
2023-10-05,260.04998779296875,263.6000061035156,256.25,260.0,119159200,TSLA
2023-10-06,260.5299987792969,261.6499938964844,250.64999389648438,253.97999572753906,118121800,TSLA
2023-10-09,259.6700134277344,261.3599853515625,252.0500030517578,255.30999755859375,101377900,TSLA
2023-10-10,263.6199951171875,268.94000244140625,257.6499938964844,257.75,122656000,TSLA
2023-10-11,262.989990234375,268.6000061035156,260.8999938964844,266.20001220703125,103706300,TSLA
2023-10-12,258.8699951171875,265.4100036621094,256.6300048828125,262.9200134277344,111508100,TSLA
2023-10-13,251.1199951171875,259.6000061035156,250.22000122070312,258.8999938964844,102073800,TSLA
2023-10-16,253.9199981689453,255.39999389648438,248.47999572753906,250.0500030517578,88917200,TSLA
2023-10-17,254.85000610351562,257.17999267578125,247.0800018310547,250.10000610351562,93562900,TSLA
2023-10-18,242.67999267578125,254.6300048828125,242.0800018310547,252.6999969482422,125147800,TSLA
2023-10-19,220.11000061035156,230.61000061035156,216.77999877929688,225.9499969482422,170772700,TSLA
2023-10-20,211.99000549316406,218.86000061035156,210.4199981689453,217.00999450683594,138010100,TSLA
2023-10-23,212.0800018310547,216.97999572753906,202.50999450683594,210.0,150683400,TSLA
2023-10-24,216.52000427246094,222.0500030517578,214.11000061035156,216.5,118231100,TSLA
2023-10-25,212.4199981689453,220.10000610351562,212.1999969482422,215.8800048828125,107065100,TSLA
2023-10-26,205.75999450683594,214.8000030517578,204.8800048828125,211.32000732421875,115112600,TSLA
2023-10-27,207.3000030517578,212.41000366210938,205.77000427246094,210.60000610351562,94881200,TSLA
2023-10-30,197.36000061035156,210.8800048828125,194.6699981689453,209.27999877929688,136448200,TSLA
2023-10-31,200.83999633789062,202.8000030517578,194.07000732421875,196.1199951171875,118068300,TSLA
2023-11-01,205.66000366210938,205.99000549316406,197.85000610351562,204.0399932861328,121661700,TSLA
2023-11-02,218.50999450683594,219.1999969482422,211.4499969482422,212.97000122070312,125987600,TSLA
2023-11-03,219.9600067138672,226.3699951171875,218.39999389648438,221.14999389648438,119534800,TSLA
2023-11-06,219.27000427246094,226.32000732421875,215.0,223.97999572753906,117335800,TSLA
2023-11-07,222.17999267578125,223.1199951171875,215.72000122070312,219.97999572753906,116900100,TSLA
2023-11-08,222.11000061035156,224.14999389648438,217.63999938964844,223.14999389648438,106584800,TSLA
2023-11-09,209.97999572753906,220.8000030517578,206.67999267578125,219.75,142110500,TSLA
2023-11-10,214.64999389648438,215.3800048828125,205.69000244140625,210.02999877929688,130994000,TSLA
2023-11-13,223.7100067138672,225.39999389648438,211.61000061035156,215.60000610351562,140447600,TSLA
2023-11-14,237.41000366210938,238.13999938964844,230.72000122070312,235.02999877929688,149771600,TSLA
2023-11-15,242.83999633789062,246.6999969482422,236.4499969482422,239.2899932861328,150354000,TSLA
2023-11-16,233.58999633789062,240.8800048828125,230.9600067138672,239.49000549316406,136816800,TSLA
2023-11-17,234.3000030517578,237.38999938964844,226.5399932861328,232.0,142532800,TSLA
2023-11-20,235.60000610351562,237.10000610351562,231.02000427246094,234.0399932861328,116320100,TSLA
2023-11-21,241.1999969482422,243.6199951171875,233.33999633789062,235.0399932861328,122288000,TSLA
2023-11-22,234.2100067138672,244.00999450683594,231.39999389648438,242.0399932861328,117950600,TSLA
2023-11-24,235.4499969482422,238.75,232.3300018310547,233.75,65125200,TSLA
2023-11-27,236.0800018310547,238.3300018310547,232.10000610351562,236.88999938964844,112031800,TSLA
2023-11-28,246.72000122070312,247.0,234.00999450683594,236.67999267578125,148549900,TSLA
2023-11-29,244.13999938964844,252.75,242.75999450683594,249.2100067138672,135401300,TSLA
2023-11-30,240.0800018310547,245.22000122070312,236.91000366210938,245.13999938964844,132353200,TSLA
2023-12-01,238.8300018310547,240.19000244140625,231.89999389648438,233.13999938964844,121331700,TSLA
2023-12-04,235.5800018310547,239.3699951171875,233.2899932861328,235.75,104099800,TSLA
2023-12-05,238.72000122070312,246.66000366210938,233.6999969482422,233.8699951171875,137971100,TSLA
2023-12-06,239.3699951171875,246.57000732421875,239.1699981689453,242.9199981689453,126436200,TSLA
2023-12-07,242.63999938964844,244.0800018310547,236.97999572753906,241.5500030517578,107142300,TSLA
2023-12-08,243.83999633789062,245.27000427246094,239.27000427246094,240.27000427246094,103126800,TSLA
2023-12-11,239.74000549316406,243.44000244140625,237.4499969482422,242.74000549316406,97913900,TSLA
2023-12-12,237.00999450683594,238.99000549316406,233.8699951171875,238.5500030517578,95328300,TSLA
2023-12-13,239.2899932861328,240.3000030517578,228.1999969482422,234.19000244140625,146286300,TSLA
2023-12-14,251.0500030517578,253.8800048828125,240.7899932861328,241.22000122070312,160829200,TSLA
2023-12-15,253.5,254.1300048828125,248.3000030517578,251.2100067138672,135932800,TSLA
2023-12-18,252.0800018310547,258.739990234375,251.36000061035156,253.77999877929688,116416500,TSLA
2023-12-19,257.2200012207031,258.3399963378906,253.00999450683594,253.47999572753906,106737400,TSLA
2023-12-20,247.13999938964844,259.8399963378906,247.0,256.4100036621094,125097000,TSLA
2023-12-21,254.5,254.8000030517578,248.5500030517578,251.89999389648438,109594200,TSLA
2023-12-22,252.5399932861328,258.2200012207031,251.3699951171875,256.760009765625,93370100,TSLA
2023-12-26,256.6099853515625,257.9700012207031,252.91000366210938,254.49000549316406,86892400,TSLA
2023-12-27,261.44000244140625,263.3399963378906,257.5199890136719,258.3500061035156,106494400,TSLA
2023-12-28,253.17999267578125,265.1300048828125,252.7100067138672,263.6600036621094,113619900,TSLA
2023-12-29,248.47999572753906,255.19000244140625,247.42999267578125,255.10000610351562,100891600,TSLA
2024-01-02,248.4199981689453,251.25,244.41000366210938,250.0800018310547,104654200,TSLA
2024-01-03,238.4499969482422,245.67999267578125,236.32000732421875,244.97999572753906,121082600,TSLA
2024-01-04,237.92999267578125,242.6999969482422,237.72999572753906,239.25,102629300,TSLA
2024-01-05,237.49000549316406,240.1199951171875,234.89999389648438,236.86000061035156,92488900,TSLA
2024-01-08,240.4499969482422,241.25,235.3000030517578,236.13999938964844,85166600,TSLA
2024-01-09,234.9600067138672,238.9600067138672,232.0399932861328,238.11000061035156,96705700,TSLA
2024-01-10,233.94000244140625,235.5,231.2899932861328,235.10000610351562,91628500,TSLA
2024-01-11,227.22000122070312,230.92999267578125,225.3699951171875,230.57000732421875,105873600,TSLA
2024-01-12,218.88999938964844,225.33999633789062,217.14999389648438,220.0800018310547,123043800,TSLA
2024-01-16,219.91000366210938,223.49000549316406,212.17999267578125,215.10000610351562,115355000,TSLA
2024-01-17,215.5500030517578,215.6699981689453,212.00999450683594,214.86000061035156,103164400,TSLA
2024-01-18,211.8800048828125,217.4499969482422,208.74000549316406,216.8800048828125,108595400,TSLA
2024-01-19,212.19000244140625,213.19000244140625,207.55999755859375,209.99000549316406,102260300,TSLA
2024-01-22,208.8000030517578,217.8000030517578,206.27000427246094,212.25999450683594,117952500,TSLA
2024-01-23,209.13999938964844,215.64999389648438,207.75,211.3000030517578,106605900,TSLA
2024-01-24,207.8300018310547,212.72999572753906,206.77000427246094,211.8800048828125,123369900,TSLA
2024-01-25,182.6300048828125,193.0,180.05999755859375,189.6999969482422,198076800,TSLA
2024-01-26,183.25,186.77999877929688,182.10000610351562,185.5,107343200,TSLA
2024-01-29,190.92999267578125,191.47999572753906,183.6699981689453,185.6300048828125,125013100,TSLA
2024-01-30,191.58999633789062,196.36000061035156,190.61000061035156,195.3300018310547,109982300,TSLA
2024-01-31,187.2899932861328,193.97000122070312,185.85000610351562,187.0,103221400,TSLA
2024-02-01,188.86000061035156,189.8800048828125,184.27999877929688,188.5,91843300,TSLA
2024-02-02,187.91000366210938,188.69000244140625,182.0,185.0399932861328,110612700,TSLA
2024-02-05,181.05999755859375,184.67999267578125,175.00999450683594,184.25999450683594,134294400,TSLA
2024-02-06,185.10000610351562,186.49000549316406,177.11000061035156,177.2100067138672,122676000,TSLA
2024-02-07,187.5800018310547,189.7899932861328,182.67999267578125,188.17999267578125,111535200,TSLA
2024-02-08,189.55999755859375,191.6199951171875,185.5800018310547,189.0,83034000,TSLA
2024-02-09,193.57000732421875,194.1199951171875,189.47999572753906,190.17999267578125,84476300,TSLA
2024-02-12,188.1300048828125,194.72999572753906,187.27999877929688,192.11000061035156,95498600,TSLA
2024-02-13,184.02000427246094,187.25999450683594,182.11000061035156,183.99000549316406,86759500,TSLA
2024-02-14,188.7100067138672,188.88999938964844,183.35000610351562,185.3000030517578,81203000,TSLA
2024-02-15,200.4499969482422,200.8800048828125,188.86000061035156,189.16000366210938,120831800,TSLA
2024-02-16,199.9499969482422,203.1699981689453,197.39999389648438,202.05999755859375,111346700,TSLA
2024-02-20,193.75999450683594,198.60000610351562,189.1300048828125,196.1300048828125,104545800,TSLA
2024-02-21,194.77000427246094,199.44000244140625,191.9499969482422,193.36000061035156,103500300,TSLA
2024-02-22,197.41000366210938,198.32000732421875,191.36000061035156,194.0,92739500,TSLA
2024-02-23,191.97000122070312,197.57000732421875,191.5,195.30999755859375,78841900,TSLA
2024-02-26,199.39999389648438,201.77999877929688,192.0,192.2899932861328,111747100,TSLA
2024-02-27,199.72999572753906,205.60000610351562,198.25999450683594,204.0399932861328,108645400,TSLA
2024-02-28,202.0399932861328,205.3000030517578,198.44000244140625,200.4199981689453,99806200,TSLA
2024-02-29,201.8800048828125,205.27999877929688,198.4499969482422,204.17999267578125,85907000,TSLA
2024-03-01,202.63999938964844,204.52000427246094,198.5,200.52000427246094,82243100,TSLA
2024-03-04,188.13999938964844,199.75,186.72000122070312,198.72999572753906,134334900,TSLA
2024-03-05,180.74000549316406,184.58999633789062,177.57000732421875,183.0500030517578,119660800,TSLA
2024-03-06,176.5399932861328,181.5800018310547,173.6999969482422,179.99000549316406,107920900,TSLA
2024-03-07,178.64999389648438,180.0399932861328,173.6999969482422,174.35000610351562,102129000,TSLA
2024-03-08,175.33999633789062,182.72999572753906,174.6999969482422,181.5,85544600,TSLA
2024-03-11,177.77000427246094,182.8699951171875,174.8000030517578,175.4499969482422,85391500,TSLA
2024-03-12,177.5399932861328,179.42999267578125,172.41000366210938,177.77000427246094,87391700,TSLA
2024-03-13,169.47999572753906,176.0500030517578,169.14999389648438,173.0500030517578,106524500,TSLA
2024-03-14,162.5,171.1699981689453,160.50999450683594,167.77000427246094,126325700,TSLA
2024-03-15,163.57000732421875,165.17999267578125,160.75999450683594,163.16000366210938,97146800,TSLA
2024-03-18,173.8000030517578,174.72000122070312,165.89999389648438,170.02000427246094,108214400,TSLA
2024-03-19,171.32000732421875,172.82000732421875,167.4199981689453,172.36000061035156,77271400,TSLA
2024-03-20,175.66000366210938,176.25,170.82000732421875,173.0,83846700,TSLA
2024-03-21,172.82000732421875,178.17999267578125,171.8000030517578,176.38999938964844,73178000,TSLA
2024-03-22,170.8300018310547,171.1999969482422,166.3000030517578,166.69000244140625,75580600,TSLA
2024-03-25,172.6300048828125,175.24000549316406,168.72999572753906,168.75999450683594,74228600,TSLA
2024-03-26,177.6699981689453,184.25,177.3800048828125,178.5800018310547,113186200,TSLA
2024-03-27,179.8300018310547,181.91000366210938,176.0,181.41000366210938,81804000,TSLA
2024-03-28,175.7899932861328,179.57000732421875,175.3000030517578,177.4499969482422,77654800,TSLA
2024-04-01,175.22000122070312,176.75,170.2100067138672,176.1699981689453,81562100,TSLA
2024-04-02,166.6300048828125,167.69000244140625,163.42999267578125,164.75,116650600,TSLA
2024-04-03,168.3800048828125,168.82000732421875,163.27999877929688,164.02000427246094,82950100,TSLA
2024-04-04,171.11000061035156,177.19000244140625,168.00999450683594,170.07000732421875,123162000,TSLA
2024-04-05,164.89999389648438,170.86000061035156,160.50999450683594,169.0800018310547,143157600,TSLA
2024-04-08,172.97999572753906,174.5,167.7899932861328,169.33999633789062,104423300,TSLA
2024-04-09,176.8800048828125,179.22000122070312,171.9199981689453,172.91000366210938,102951700,TSLA
2024-04-10,171.75999450683594,174.92999267578125,170.00999450683594,173.0399932861328,84532400,TSLA
2024-04-11,174.60000610351562,175.8800048828125,168.50999450683594,172.5500030517578,94516000,TSLA
2024-04-12,171.0500030517578,173.80999755859375,170.36000061035156,172.33999633789062,64722700,TSLA
2024-04-15,161.47999572753906,170.69000244140625,161.3800048828125,170.24000549316406,100245300,TSLA
2024-04-16,157.11000061035156,158.19000244140625,153.75,156.74000549316406,97000000,TSLA
2024-04-17,155.4499969482422,158.3300018310547,153.77999877929688,157.63999938964844,82439700,TSLA
2024-04-18,149.92999267578125,152.1999969482422,148.6999969482422,151.25,96098800,TSLA
2024-04-19,147.0500030517578,150.94000244140625,146.22000122070312,148.97000122070312,87074500,TSLA
2024-04-22,142.0500030517578,144.44000244140625,138.8000030517578,140.55999755859375,107097600,TSLA
2024-04-23,144.67999267578125,147.25999450683594,141.11000061035156,143.3300018310547,124545100,TSLA
2024-04-24,162.1300048828125,167.97000122070312,157.50999450683594,162.83999633789062,181178000,TSLA
2024-04-25,170.17999267578125,170.8800048828125,158.36000061035156,158.9600067138672,126427500,TSLA
2024-04-26,168.2899932861328,172.1199951171875,166.3699951171875,168.85000610351562,109815700,TSLA
2024-04-29,194.0500030517578,198.8699951171875,184.5399932861328,188.4199981689453,243869700,TSLA
2024-04-30,183.27999877929688,190.9499969482422,182.83999633789062,186.97999572753906,127031800,TSLA
2024-05-01,179.99000549316406,185.86000061035156,179.00999450683594,182.0,92829700,TSLA
2024-05-02,180.00999450683594,184.60000610351562,176.02000427246094,182.86000061035156,89148000,TSLA
2024-05-03,181.19000244140625,184.77999877929688,178.4199981689453,182.10000610351562,75491500,TSLA
2024-05-06,184.75999450683594,187.55999755859375,182.1999969482422,183.8000030517578,84390300,TSLA
2024-05-07,177.80999755859375,183.25999450683594,177.39999389648438,182.39999389648438,75045900,TSLA
2024-05-08,174.72000122070312,176.05999755859375,170.14999389648438,171.58999633789062,79969500,TSLA
2024-05-09,171.97000122070312,175.6199951171875,171.3699951171875,175.00999450683594,65950300,TSLA
2024-05-10,168.47000122070312,173.05999755859375,167.75,173.0500030517578,72627200,TSLA
2024-05-13,171.88999938964844,175.39999389648438,169.0,170.0,67018900,TSLA
2024-05-14,177.5500030517578,179.49000549316406,174.07000732421875,174.5,86407400,TSLA
2024-05-15,173.99000549316406,180.0,173.11000061035156,179.89999389648438,79663000,TSLA
2024-05-16,174.83999633789062,175.7899932861328,171.42999267578125,174.10000610351562,59812200,TSLA
2024-05-17,177.4600067138672,179.6300048828125,172.75,173.5500030517578,77445800,TSLA
2024-05-20,174.9499969482422,177.75,173.52000427246094,177.55999755859375,61727400,TSLA
2024-05-21,186.60000610351562,186.8800048828125,174.7100067138672,175.50999450683594,115266500,TSLA
2024-05-22,180.11000061035156,183.8000030517578,178.1199951171875,182.85000610351562,88313500,TSLA
2024-05-23,173.74000549316406,181.89999389648438,173.25999450683594,181.8000030517578,71975500,TSLA
2024-05-24,179.24000549316406,180.0800018310547,173.72999572753906,174.83999633789062,65584500,TSLA
2024-05-28,176.75,178.25,173.16000366210938,176.39999389648438,59736600,TSLA
2024-05-29,176.19000244140625,178.14999389648438,173.92999267578125,174.19000244140625,54782600,TSLA
2024-05-30,178.7899932861328,182.6699981689453,175.3800048828125,178.5800018310547,77618400,TSLA
2024-05-31,178.0800018310547,180.32000732421875,173.82000732421875,178.5,67314600,TSLA
2024-06-03,176.2899932861328,182.63999938964844,174.49000549316406,178.1300048828125,68568900,TSLA
2024-06-04,174.77000427246094,177.75999450683594,174.0,174.77999877929688,60056300,TSLA
2024-06-05,175.0,176.14999389648438,172.1300048828125,175.35000610351562,57953800,TSLA
2024-06-06,177.94000244140625,179.72999572753906,172.72999572753906,174.60000610351562,69887000,TSLA
2024-06-07,177.47999572753906,179.35000610351562,175.5800018310547,176.1300048828125,56244900,TSLA
2024-06-10,173.7899932861328,178.57000732421875,173.1699981689453,176.05999755859375,50774600,TSLA
2024-06-11,170.66000366210938,174.75,167.41000366210938,173.9199981689453,64761900,TSLA
2024-06-12,177.2899932861328,180.5500030517578,169.8000030517578,171.1199951171875,90389400,TSLA
2024-06-13,182.47000122070312,191.0800018310547,181.22999572753906,188.38999938964844,118984100,TSLA
2024-06-14,178.00999450683594,186.0,176.9199981689453,185.8000030517578,82038200,TSLA
2024-06-17,187.44000244140625,188.80999755859375,177.0,177.9199981689453,109786100,TSLA
2024-06-18,184.86000061035156,187.1999969482422,182.3699951171875,186.55999755859375,68982300,TSLA
2024-06-20,181.57000732421875,185.2100067138672,179.66000366210938,184.67999267578125,55893100,TSLA
2024-06-21,183.00999450683594,183.9499969482422,180.69000244140625,182.3000030517578,61937300,TSLA
2024-06-24,182.5800018310547,188.8000030517578,182.5500030517578,184.97000122070312,61992100,TSLA
2024-06-25,187.35000610351562,187.97000122070312,182.00999450683594,184.39999389648438,62905700,TSLA
2024-06-26,196.3699951171875,197.75999450683594,186.36000061035156,186.5399932861328,95737100,TSLA
2024-06-27,197.4199981689453,198.72000122070312,194.0500030517578,195.1699981689453,72746500,TSLA
2024-06-28,197.8800048828125,203.1999969482422,195.25999450683594,199.5500030517578,95438100,TSLA
2024-07-01,209.86000061035156,213.22999572753906,200.85000610351562,201.02000427246094,135691400,TSLA
2024-07-02,231.25999450683594,231.3000030517578,218.05999755859375,218.88999938964844,205047900,TSLA
2024-07-03,246.38999938964844,248.35000610351562,234.25,234.55999755859375,166561500,TSLA
2024-07-05,251.52000427246094,252.3699951171875,242.4600067138672,249.80999755859375,154501200,TSLA
2024-07-08,252.94000244140625,259.44000244140625,244.57000732421875,247.7100067138672,157219600,TSLA
2024-07-09,262.3299865722656,265.6099853515625,250.3000030517578,251.0,160210900,TSLA
2024-07-10,263.260009765625,267.5899963378906,257.8599853515625,262.79998779296875,128519400,TSLA
2024-07-11,241.02999877929688,271.0,239.64999389648438,263.29998779296875,221707300,TSLA
2024-07-12,248.22999572753906,251.83999633789062,233.08999633789062,235.8000030517578,155955800,TSLA
2024-07-15,252.63999938964844,265.6000061035156,251.72999572753906,255.97000122070312,146912900,TSLA
2024-07-16,256.55999755859375,258.6199951171875,245.8000030517578,255.30999755859375,126332500,TSLA
2024-07-17,248.5,258.4700012207031,246.17999267578125,252.72999572753906,115584800,TSLA
2024-07-18,249.22999572753906,257.1400146484375,247.1999969482422,251.08999633789062,110869000,TSLA
2024-07-19,239.1999969482422,249.44000244140625,236.8300018310547,247.7899932861328,87403900,TSLA
2024-07-22,251.50999450683594,253.2100067138672,243.75,244.2100067138672,101225400,TSLA
2024-07-23,246.3800048828125,255.75999450683594,245.6300048828125,253.60000610351562,111928200,TSLA
2024-07-24,215.99000549316406,225.99000549316406,214.7100067138672,225.4199981689453,167942900,TSLA
2024-07-25,220.25,226.0,216.22999572753906,216.8000030517578,100636500,TSLA
2024-07-26,219.8000030517578,222.27999877929688,215.3300018310547,221.19000244140625,94604100,TSLA
2024-07-29,232.10000610351562,234.27000427246094,224.6999969482422,224.89999389648438,129201800,TSLA
2024-07-30,222.6199951171875,232.41000366210938,220.0,232.25,100560300,TSLA
2024-07-31,232.07000732421875,234.67999267578125,226.7899932861328,227.89999389648438,67497000,TSLA
2024-08-01,216.86000061035156,231.8699951171875,214.3300018310547,227.69000244140625,83861900,TSLA
2024-08-02,207.6699981689453,216.1300048828125,205.77999877929688,214.8800048828125,82880100,TSLA
2024-08-05,198.8800048828125,203.8800048828125,182.0,185.22000122070312,100308800,TSLA
2024-08-06,200.63999938964844,202.89999389648438,192.6699981689453,200.75,73783900,TSLA
2024-08-07,191.75999450683594,203.49000549316406,191.47999572753906,200.77000427246094,71159800,TSLA
2024-08-08,198.83999633789062,200.6999969482422,192.0399932861328,195.6999969482422,65033900,TSLA
2024-08-09,200.0,200.8800048828125,195.11000061035156,197.0500030517578,58648300,TSLA
2024-08-12,197.49000549316406,199.25999450683594,194.6699981689453,199.02000427246094,64044900,TSLA
2024-08-13,207.8300018310547,208.49000549316406,197.05999755859375,198.47000122070312,76247400,TSLA
2024-08-14,201.3800048828125,208.44000244140625,198.75,207.38999938964844,70250000,TSLA
2024-08-15,214.13999938964844,215.8800048828125,204.82000732421875,205.02000427246094,89848500,TSLA
2024-08-16,216.1199951171875,219.8000030517578,210.8000030517578,211.14999389648438,88765100,TSLA
2024-08-19,222.72000122070312,222.97999572753906,214.08999633789062,217.07000732421875,76435200,TSLA
2024-08-20,221.10000610351562,228.22000122070312,219.55999755859375,224.8800048828125,74001200,TSLA
2024-08-21,223.27000427246094,224.66000366210938,218.86000061035156,222.6699981689453,70146000,TSLA
2024-08-22,210.66000366210938,224.8000030517578,210.32000732421875,223.82000732421875,79514500,TSLA
2024-08-23,220.32000732421875,221.47999572753906,214.2100067138672,214.4600067138672,81525200,TSLA
2024-08-26,213.2100067138672,219.08999633789062,211.00999450683594,218.75,59301200,TSLA
2024-08-27,209.2100067138672,215.66000366210938,206.94000244140625,213.25,62821400,TSLA
2024-08-28,205.75,211.83999633789062,202.58999633789062,209.72000122070312,64116400,TSLA
2024-08-29,206.27999877929688,214.88999938964844,205.97000122070312,209.8000030517578,62308800,TSLA
2024-08-30,214.11000061035156,214.57000732421875,207.02999877929688,208.6300048828125,63370600,TSLA
2024-09-03,210.60000610351562,219.89999389648438,209.63999938964844,215.25999450683594,76714200,TSLA
2024-09-04,219.41000366210938,222.22000122070312,210.57000732421875,210.58999633789062,80651800,TSLA
2024-09-05,230.1699981689453,235.0,222.25,223.49000549316406,119355000,TSLA
2024-09-06,210.72999572753906,233.60000610351562,210.50999450683594,232.60000610351562,112177000,TSLA
2024-09-09,216.27000427246094,219.8699951171875,213.6699981689453,216.1999969482422,67443500,TSLA
2024-09-10,226.1699981689453,226.39999389648438,218.63999938964844,220.07000732421875,78891100,TSLA
2024-09-11,228.1300048828125,228.47000122070312,216.8000030517578,224.5500030517578,83548600,TSLA
2024-09-12,229.80999755859375,231.4499969482422,223.8300018310547,224.66000366210938,71894900,TSLA
2024-09-13,230.2899932861328,232.6699981689453,226.32000732421875,228.0,59515100,TSLA
2024-09-16,226.77999877929688,229.9600067138672,223.52999877929688,229.3000030517578,54323000,TSLA
2024-09-17,227.8699951171875,234.57000732421875,226.5500030517578,229.4499969482422,66761600,TSLA
2024-09-18,227.1999969482422,235.67999267578125,226.8800048828125,230.08999633789062,78010200,TSLA
2024-09-19,243.9199981689453,244.24000549316406,232.1300048828125,234.0,102694600,TSLA
2024-09-20,238.25,243.99000549316406,235.9199981689453,241.52000427246094,99879100,TSLA
2024-09-23,250.0,250.0,241.9199981689453,242.61000061035156,86927200,TSLA
2024-09-24,254.27000427246094,257.19000244140625,249.0500030517578,254.0800018310547,88491000,TSLA
2024-09-25,257.0199890136719,257.04998779296875,252.27999877929688,252.5399932861328,65034300,TSLA
2024-09-26,254.22000122070312,261.75,251.52999877929688,260.6000061035156,67142200,TSLA
2024-09-27,260.4599914550781,260.70001220703125,254.1199951171875,257.3800048828125,70988100,TSLA
2024-09-30,261.6300048828125,264.8599853515625,255.77000427246094,259.0400085449219,80705700,TSLA
2024-10-01,258.0199890136719,263.9800109863281,248.52999877929688,262.6700134277344,87397600,TSLA
2024-10-02,249.02000427246094,251.16000366210938,241.5,247.5500030517578,93983900,TSLA
2024-10-03,240.66000366210938,249.7899932861328,237.80999755859375,244.47999572753906,80729200,TSLA
2024-10-04,250.0800018310547,250.9600067138672,244.5800018310547,246.69000244140625,86573200,TSLA
2024-10-07,240.8300018310547,249.8300018310547,240.6999969482422,249.0,68113300,TSLA
2024-10-08,244.5,246.2100067138672,240.55999755859375,243.55999755859375,56303200,TSLA
2024-10-09,241.0500030517578,247.42999267578125,239.50999450683594,243.82000732421875,66289500,TSLA
2024-10-10,238.77000427246094,242.7899932861328,232.33999633789062,241.80999755859375,83087100,TSLA
2024-10-11,217.8000030517578,223.33999633789062,214.3800048828125,220.1300048828125,142628900,TSLA
2024-10-14,219.16000366210938,221.91000366210938,213.74000549316406,220.1300048828125,86291900,TSLA
2024-10-15,219.57000732421875,224.25999450683594,217.1199951171875,220.00999450683594,62988800,TSLA
2024-10-16,221.3300018310547,222.82000732421875,218.92999267578125,221.39999389648438,49632800,TSLA
2024-10-17,220.88999938964844,222.0800018310547,217.89999389648438,221.58999633789062,50791800,TSLA
2024-10-18,220.6999969482422,222.27999877929688,219.22999572753906,220.7100067138672,49611900,TSLA
2024-10-21,218.85000610351562,220.47999572753906,215.72999572753906,218.89999389648438,47329000,TSLA
2024-10-22,217.97000122070312,218.22000122070312,215.25999450683594,217.30999755859375,43268700,TSLA
2024-10-23,213.64999389648438,218.72000122070312,212.11000061035156,217.1300048828125,80938900,TSLA
2024-10-24,260.4800109863281,262.1199951171875,242.64999389648438,244.67999267578125,204491900,TSLA
2024-10-25,269.19000244140625,269.489990234375,255.32000732421875,256.010009765625,161611900,TSLA
2024-10-28,262.510009765625,273.5400085449219,262.239990234375,270.0,107653600,TSLA
2024-10-29,259.5199890136719,264.9800109863281,255.50999450683594,264.510009765625,80521800,TSLA
2024-10-30,257.54998779296875,263.3500061035156,255.82000732421875,258.0400085449219,53993600,TSLA
2024-10-31,249.85000610351562,259.75,249.25,257.989990234375,66575300,TSLA
2024-11-01,248.97999572753906,254.0,246.6300048828125,252.0399932861328,57544800,TSLA
2024-11-04,242.83999633789062,248.89999389648438,238.8800048828125,244.55999755859375,68802400,TSLA
2024-11-05,251.44000244140625,255.27999877929688,246.2100067138672,247.33999633789062,69282500,TSLA
2024-11-06,288.5299987792969,289.5899963378906,275.6199951171875,284.6700134277344,165228700,TSLA
2024-11-07,296.9100036621094,299.75,285.5199890136719,288.8900146484375,117309200,TSLA
2024-11-08,321.2200012207031,328.7099914550781,297.6600036621094,299.1400146484375,204782800,TSLA
2024-11-11,350.0,358.6400146484375,336.0,346.29998779296875,210521600,TSLA
2024-11-12,328.489990234375,345.8399963378906,323.30999755859375,342.739990234375,155726000,TSLA
2024-11-13,330.239990234375,344.6000061035156,322.5,335.8500061035156,125405600,TSLA
2024-11-14,311.17999267578125,329.9800109863281,310.3699951171875,327.69000244140625,120726100,TSLA
2024-11-15,320.7200012207031,324.67999267578125,309.2200012207031,310.57000732421875,114440300,TSLA
2024-11-18,338.739990234375,348.54998779296875,330.010009765625,340.7300109863281,126085600,TSLA
2024-11-19,346.0,347.3800048828125,332.75,335.760009765625,88852500,TSLA
2024-11-20,342.0299987792969,346.6000061035156,334.29998779296875,345.0,66340700,TSLA
2024-11-21,339.6400146484375,347.989990234375,335.2799987792969,343.80999755859375,58011700,TSLA
2024-11-22,352.55999755859375,361.5299987792969,337.70001220703125,341.0899963378906,89140700,TSLA
2024-11-25,338.5899963378906,361.92999267578125,338.20001220703125,360.1400146484375,95890900,TSLA
2024-11-26,338.2300109863281,346.9599914550781,335.6600036621094,341.0,62295900,TSLA
2024-11-27,332.8900146484375,342.54998779296875,326.5899963378906,341.79998779296875,57896400,TSLA
2024-11-29,345.1600036621094,345.45001220703125,334.6499938964844,336.0799865722656,37167600,TSLA
2024-12-02,357.0899963378906,360.0,351.1499938964844,352.3800048828125,77986500,TSLA
2024-12-03,351.4200134277344,355.69000244140625,348.20001220703125,351.79998779296875,58267200,TSLA
2024-12-04,357.92999267578125,358.1000061035156,348.6000061035156,353.0,50810900,TSLA
2024-12-05,369.489990234375,375.42999267578125,359.5,359.8699951171875,81403600,TSLA
2024-12-06,389.2200012207031,389.489990234375,370.79998779296875,377.4200134277344,81455800,TSLA
2024-12-09,389.7900085449219,404.79998779296875,378.010009765625,397.6099853515625,96359200,TSLA
2024-12-10,400.989990234375,409.7300109863281,390.8500061035156,392.67999267578125,97563600,TSLA
2024-12-11,424.7699890136719,424.8800048828125,402.3800048828125,409.70001220703125,104287600,TSLA
2024-12-12,418.1000061035156,429.29998779296875,415.0,424.8399963378906,87752200,TSLA
2024-12-13,436.2300109863281,436.29998779296875,415.7099914550781,420.0,89000200,TSLA
2024-12-16,463.0199890136719,463.19000244140625,436.1499938964844,441.0899963378906,114083800,TSLA
2024-12-17,479.8599853515625,483.989990234375,457.510009765625,475.8999938964844,131223000,TSLA
2024-12-18,440.1300048828125,488.5400085449219,427.010009765625,466.5,149340800,TSLA
2024-12-19,436.1700134277344,456.3599853515625,420.0199890136719,451.8800048828125,118566100,TSLA
2024-12-20,421.05999755859375,447.0799865722656,417.6400146484375,425.510009765625,132216200,TSLA
2024-12-23,430.6000061035156,434.510009765625,415.4100036621094,431.0,72698100,TSLA
2024-12-24,462.2799987792969,462.7799987792969,435.1400146484375,435.8999938964844,59551800,TSLA
2024-12-26,454.1300048828125,465.3299865722656,451.0199890136719,465.1600036621094,76366400,TSLA
2024-12-27,431.6600036621094,450.0,426.5,449.5199890136719,82666800,TSLA
2024-12-30,417.4100036621094,427.0,415.75,419.3999938964844,64941000,TSLA
2024-12-31,403.8399963378906,427.92999267578125,402.5400085449219,423.7900085449219,76825100,TSLA
2025-01-02,379.2799987792969,392.7300109863281,373.0400085449219,390.1000061035156,109710700,TSLA
2025-01-03,410.44000244140625,411.8800048828125,379.45001220703125,381.4800109863281,95423300,TSLA
2025-01-06,411.04998779296875,426.42999267578125,401.70001220703125,423.20001220703125,85516500,TSLA
2025-01-07,394.3599853515625,414.3299865722656,390.0,405.8299865722656,75699500,TSLA
2025-01-08,394.94000244140625,402.5,387.3999938964844,392.95001220703125,73038800,TSLA
2025-01-10,394.739990234375,399.2799987792969,377.2900085449219,391.3999938964844,62287300,TSLA
2025-01-13,403.30999755859375,403.7900085449219,380.07000732421875,383.2099914550781,67580500,TSLA
2025-01-14,396.3599853515625,422.6400146484375,394.5400085449219,414.3399963378906,84565000,TSLA
2025-01-15,428.2200012207031,429.79998779296875,405.6600036621094,409.8999938964844,81375500,TSLA
2025-01-16,413.82000732421875,424.0,409.1300048828125,423.489990234375,68335200,TSLA
2025-01-17,426.5,439.739990234375,419.75,421.5,94991400,TSLA
2025-01-21,424.07000732421875,433.20001220703125,406.30999755859375,432.6400146484375,87320900,TSLA
2025-01-22,415.1099853515625,428.0,414.5899963378906,416.80999755859375,60963300,TSLA
2025-01-23,412.3800048828125,420.7300109863281,408.95001220703125,416.05999755859375,50690600,TSLA
2025-01-24,406.5799865722656,418.8800048828125,405.7799987792969,414.45001220703125,56427100,TSLA
2025-01-27,397.1499938964844,406.69000244140625,389.0,394.79998779296875,58125500,TSLA
2025-01-28,398.0899963378906,400.5899963378906,386.5,396.9100036621094,48910700,TSLA
2025-01-29,389.1000061035156,398.5899963378906,384.4800109863281,395.2099914550781,68033600,TSLA
2025-01-30,400.2799987792969,412.5,384.4100036621094,410.7799987792969,98092900,TSLA
2025-01-31,404.6000061035156,419.989990234375,401.3399963378906,401.5299987792969,83283600,TSLA
2025-02-03,383.67999267578125,389.1700134277344,374.3599853515625,386.67999267578125,93732100,TSLA
2025-02-04,392.2099914550781,394.0,381.3999938964844,382.6300048828125,57072200,TSLA
2025-02-05,378.1700134277344,388.3900146484375,375.5299987792969,387.510009765625,57223300,TSLA
2025-02-06,374.32000732421875,375.3999938964844,363.17999267578125,373.0299987792969,77918200,TSLA
2025-02-07,361.6199951171875,380.54998779296875,360.3399963378906,370.19000244140625,70298300,TSLA
2025-02-10,350.7300109863281,362.70001220703125,350.510009765625,356.2099914550781,77514900,TSLA
2025-02-11,328.5,349.3699951171875,325.1000061035156,345.79998779296875,118543400,TSLA
2025-02-12,336.510009765625,346.3999938964844,329.1199951171875,329.94000244140625,105382700,TSLA
2025-02-13,355.94000244140625,358.69000244140625,342.8500061035156,345.0,89441500,TSLA
2025-02-14,355.8399963378906,362.0,347.5,360.6199951171875,68277300,TSLA
2025-02-18,354.1099853515625,359.1000061035156,350.0199890136719,355.010009765625,51631700,TSLA
2025-02-19,360.55999755859375,367.3399963378906,353.6700134277344,354.0,67094400,TSLA
2025-02-20,354.3999938964844,362.29998779296875,348.0,361.510009765625,45965400,TSLA
2025-02-21,337.79998779296875,354.9800109863281,334.4200134277344,353.44000244140625,74058600,TSLA
2025-02-24,330.5299987792969,342.3999938964844,324.70001220703125,338.1400146484375,76052300,TSLA
2025-02-25,302.79998779296875,328.8900146484375,297.25,327.0199890136719,134228800,TSLA
2025-02-26,290.79998779296875,309.0,288.0400085449219,303.7099914550781,100118300,TSLA
2025-02-27,281.95001220703125,297.2300109863281,280.8800048828125,291.1600036621094,101748200,TSLA
2025-02-28,292.9800109863281,293.8800048828125,273.6000061035156,279.5,115697000,TSLA
2025-03-03,284.6499938964844,303.94000244140625,277.29998779296875,300.3399963378906,115551400,TSLA
2025-03-04,272.0400085449219,284.3500061035156,261.8399963378906,270.92999267578125,126706600,TSLA
2025-03-05,279.1000061035156,279.54998779296875,267.7099914550781,272.9200134277344,94042900,TSLA
2025-03-06,263.45001220703125,272.6499938964844,260.0199890136719,272.05999755859375,98451600,TSLA
2025-03-07,262.6700134277344,266.25,250.72999572753906,259.32000732421875,102369600,TSLA
2025-03-10,222.14999389648438,253.3699951171875,220.0,252.5399932861328,189076900,TSLA
2025-03-11,230.5800018310547,237.05999755859375,217.02000427246094,225.30999755859375,174896400,TSLA
2025-03-12,248.08999633789062,251.83999633789062,241.10000610351562,247.22000122070312,142215700,TSLA
2025-03-13,240.67999267578125,248.2899932861328,232.60000610351562,248.1300048828125,114813500,TSLA
2025-03-14,249.97999572753906,251.5800018310547,240.72999572753906,247.30999755859375,100242300,TSLA
2025-03-17,238.00999450683594,245.39999389648438,232.8000030517578,245.05999755859375,111900600,TSLA
2025-03-18,225.30999755859375,230.10000610351562,222.27999877929688,228.16000366210938,111477600,TSLA
2025-03-19,235.86000061035156,241.41000366210938,229.1999969482422,231.61000061035156,111993800,TSLA
2025-03-20,236.25999450683594,238.0,230.0500030517578,233.35000610351562,99028300,TSLA
2025-03-21,248.7100067138672,249.52000427246094,234.5500030517578,234.99000549316406,132728700,TSLA
2025-03-24,278.3900146484375,278.6400146484375,256.3299865722656,258.0799865722656,169079900,TSLA
2025-03-25,288.1400146484375,288.20001220703125,271.2799987792969,283.6000061035156,150361500,TSLA
2025-03-26,272.05999755859375,284.8999938964844,266.510009765625,282.6600036621094,153629800,TSLA
2025-03-27,273.1300048828125,291.8500061035156,271.82000732421875,272.4800109863281,162572100,TSLA
2025-03-28,263.54998779296875,276.1000061035156,260.57000732421875,275.5799865722656,123809400,TSLA
2025-03-31,259.1600036621094,260.55999755859375,243.36000061035156,249.30999755859375,134008900,TSLA
2025-04-01,268.4599914550781,277.45001220703125,259.25,263.79998779296875,146486900,TSLA
2025-04-02,282.760009765625,284.989990234375,251.27000427246094,254.60000610351562,212787800,TSLA
2025-04-03,267.2799987792969,276.29998779296875,261.510009765625,265.2900085449219,136174300,TSLA
2025-04-04,239.42999267578125,261.0,236.0,255.3800048828125,181229400,TSLA
2025-04-07,233.2899932861328,252.0,214.25,223.77999877929688,183453800,TSLA
2025-04-08,221.86000061035156,250.44000244140625,217.8000030517578,245.0,171603500,TSLA
2025-04-09,272.20001220703125,274.69000244140625,223.8800048828125,224.69000244140625,219433400,TSLA
2025-04-10,252.39999389648438,262.489990234375,239.3300018310547,260.0,181722600,TSLA
2025-04-11,252.30999755859375,257.739990234375,241.36000061035156,251.83999633789062,128948100,TSLA
2025-04-14,252.35000610351562,261.79998779296875,245.92999267578125,258.3599853515625,100135200,TSLA
2025-04-15,254.11000061035156,258.75,247.5399932861328,249.91000366210938,79594300,TSLA
2025-04-16,241.5500030517578,251.97000122070312,233.88999938964844,247.61000061035156,112378700,TSLA
2025-04-17,241.3699951171875,244.33999633789062,237.67999267578125,243.47000122070312,83404800,TSLA
2025-04-21,227.5,232.2100067138672,222.7899932861328,230.25999450683594,97768000,TSLA
2025-04-22,237.97000122070312,242.7899932861328,229.85000610351562,230.9600067138672,120858500,TSLA
2025-04-23,250.74000549316406,259.45001220703125,244.42999267578125,254.86000061035156,150381900,TSLA
2025-04-24,259.510009765625,259.5400085449219,249.1999969482422,250.5,94464200,TSLA
2025-04-25,284.95001220703125,286.8500061035156,259.6300048828125,261.69000244140625,167560700,TSLA
2025-04-28,285.8800048828125,294.8599853515625,272.4200134277344,288.9800109863281,151731800,TSLA
2025-04-29,292.0299987792969,293.32000732421875,279.4700012207031,285.5,108906600,TSLA
2025-04-30,282.1600036621094,284.45001220703125,270.7799987792969,279.8999938964844,128961100,TSLA
2025-05-01,280.5199890136719,290.8699951171875,279.80999755859375,280.010009765625,99659000,TSLA
2025-05-02,287.2099914550781,294.7799987792969,279.80999755859375,284.8999938964844,114454700,TSLA
2025-05-05,280.260009765625,284.8500061035156,274.3999938964844,284.57000732421875,94618900,TSLA
2025-05-06,275.3500061035156,277.7300109863281,271.3500061035156,273.1099853515625,76715800,TSLA
2025-05-07,276.2200012207031,277.9200134277344,271.0,276.8800048828125,71592600,TSLA
2025-05-08,284.82000732421875,289.79998779296875,279.4100036621094,279.6300048828125,97539400,TSLA
2025-05-09,298.260009765625,307.0400085449219,290.0,290.2099914550781,132387800,TSLA
2025-05-12,318.3800048828125,322.2099914550781,311.5,321.989990234375,112826700,TSLA
2025-05-13,334.07000732421875,337.5899963378906,316.79998779296875,320.0,136992600,TSLA
2025-05-14,347.67999267578125,350.0,337.0,342.5,136997300,TSLA
2025-05-15,342.82000732421875,346.1400146484375,334.7200012207031,340.3399963378906,97882600,TSLA
2025-05-16,349.9800109863281,351.6199951171875,342.3299865722656,346.239990234375,95895700,TSLA
2025-05-19,342.0899963378906,343.0,333.3699951171875,336.29998779296875,88869900,TSLA
2025-05-20,343.82000732421875,354.989990234375,341.6300048828125,347.8699951171875,131715500,TSLA
2025-05-21,334.6199951171875,347.3500061035156,332.20001220703125,344.42999267578125,102354800,TSLA
2025-05-22,341.0400085449219,347.2699890136719,331.3900146484375,331.8999938964844,97113400,TSLA
2025-05-23,339.3399963378906,343.17999267578125,333.2099914550781,337.9200134277344,84654800,TSLA
2025-05-27,362.8900146484375,363.7900085449219,347.32000732421875,347.3500061035156,120146400,TSLA
2025-05-28,356.8999938964844,365.0,355.9100036621094,364.8399963378906,91404300,TSLA
2025-05-29,358.42999267578125,367.7099914550781,356.0,365.2900085449219,88087800,TSLA
2025-05-30,346.4599914550781,363.67999267578125,345.2900085449219,355.5199890136719,123474900,TSLA
2025-06-02,342.69000244140625,348.0199890136719,333.3299865722656,343.5,81873800,TSLA
2025-06-03,344.2699890136719,355.3999938964844,343.0400085449219,346.6000061035156,99324500,TSLA
2025-06-04,332.04998779296875,345.6000061035156,327.3299865722656,345.1000061035156,98912100,TSLA
2025-06-05,284.70001220703125,324.54998779296875,273.2099914550781,322.489990234375,287499800,TSLA
2025-06-06,295.1400146484375,305.5,291.1400146484375,298.8299865722656,164747700,TSLA
2025-06-09,308.5799865722656,309.8299865722656,281.8500061035156,285.9599914550781,140908900,TSLA
2025-06-10,326.0899963378906,327.8299865722656,310.6700134277344,314.94000244140625,151256500,TSLA
2025-06-11,326.42999267578125,335.5,322.5,334.3999938964844,122611400,TSLA
2025-06-12,319.1099853515625,332.55999755859375,316.8599853515625,323.0799865722656,105127500,TSLA
2025-06-13,325.30999755859375,332.989990234375,313.29998779296875,313.9700012207031,128964300,TSLA
2025-06-16,329.1300048828125,332.04998779296875,326.4100036621094,331.2900085449219,83925900,TSLA
2025-06-17,316.3500061035156,327.260009765625,314.739990234375,326.0899963378906,88282700,TSLA
2025-06-18,322.04998779296875,329.32000732421875,315.45001220703125,317.30999755859375,95137700,TSLA
2025-06-20,322.1600036621094,332.3599853515625,317.7799987792969,327.95001220703125,108688000,TSLA
2025-06-23,348.67999267578125,357.5400085449219,327.4800109863281,327.5400085449219,190716800,TSLA
2025-06-24,340.4700012207031,356.260009765625,340.44000244140625,356.1700134277344,114736200,TSLA
2025-06-25,327.54998779296875,343.0,320.3999938964844,342.70001220703125,119845100,TSLA
2025-06-26,325.7799987792969,331.04998779296875,323.6099853515625,324.6099853515625,80440900,TSLA
2025-06-27,323.6300048828125,329.3399963378906,317.5,324.510009765625,89067000,TSLA
2025-06-30,317.6600036621094,325.5799865722656,316.6000061035156,319.8999938964844,76695100,TSLA
2025-07-01,300.7099914550781,305.8900146484375,293.2099914550781,298.4599914550781,145085700,TSLA
2025-07-02,315.6499938964844,316.8299865722656,303.82000732421875,312.6300048828125,119483700,TSLA
2025-07-03,315.3500061035156,318.45001220703125,312.760009765625,317.989990234375,58042300,TSLA
2025-07-07,293.94000244140625,296.1499938964844,288.7699890136719,291.3699951171875,131177900,TSLA
2025-07-08,297.80999755859375,304.04998779296875,294.3500061035156,297.0,103246700,TSLA
2025-07-09,295.8800048828125,300.1499938964844,293.54998779296875,297.54998779296875,75586800,TSLA
2025-07-10,309.8699951171875,310.4800109863281,300.0,300.04998779296875,104365300,TSLA
2025-07-11,313.510009765625,314.0899963378906,305.6499938964844,307.8900146484375,79236400,TSLA
2025-07-14,316.8999938964844,322.6000061035156,312.6700134277344,317.7300109863281,78043400,TSLA
2025-07-15,310.7799987792969,321.20001220703125,310.5,319.67999267578125,77556300,TSLA
2025-07-16,321.6700134277344,323.5,312.6199951171875,312.79998779296875,97284800,TSLA
2025-07-17,319.4100036621094,324.3399963378906,317.05999755859375,323.1499938964844,73922900,TSLA
2025-07-18,329.6499938964844,330.8999938964844,321.4200134277344,321.6600036621094,94255000,TSLA
2025-07-21,328.489990234375,338.0,326.8800048828125,334.3999938964844,75768800,TSLA
2025-07-22,332.1099853515625,335.4100036621094,321.54998779296875,329.739990234375,77370400,TSLA
2025-07-23,332.55999755859375,336.20001220703125,328.6700134277344,330.8999938964844,92553800,TSLA
2025-07-24,305.29998779296875,310.1499938964844,300.4100036621094,310.0,156966000,TSLA
2025-07-25,316.05999755859375,323.6300048828125,308.010009765625,308.739990234375,148227000,TSLA
2025-07-28,325.5899963378906,330.489990234375,315.69000244140625,318.45001220703125,112673800,TSLA
2025-07-29,321.20001220703125,326.25,318.25,325.54998779296875,87358900,TSLA
2025-07-30,319.0400085449219,324.45001220703125,311.6199951171875,322.17999267578125,83931900,TSLA
2025-07-31,308.2699890136719,321.3699951171875,306.1000061035156,319.6099853515625,85270900,TSLA
2025-08-01,302.6300048828125,309.30999755859375,297.82000732421875,306.2099914550781,89121400,TSLA
2025-08-04,309.260009765625,312.1199951171875,303.0,309.0799865722656,78683900,TSLA
2025-08-05,308.7200012207031,312.45001220703125,305.5,308.95001220703125,57961300,TSLA
2025-08-06,319.9100036621094,320.4700012207031,306.92999267578125,307.8900146484375,78523600,TSLA
2025-08-07,322.2699890136719,322.3999938964844,316.1600036621094,319.7900085449219,66658700,TSLA
2025-08-08,329.6499938964844,335.1499938964844,320.9800109863281,321.42999267578125,91200300,TSLA
2025-08-11,339.0299987792969,346.6400146484375,334.1499938964844,335.0,105320200,TSLA
2025-08-12,340.8399963378906,345.260009765625,332.94000244140625,345.0,80522100,TSLA
2025-08-13,339.3800048828125,348.9800109863281,338.20001220703125,341.5,67838900,TSLA
2025-08-14,335.5799865722656,340.4700012207031,330.3999938964844,335.760009765625,75000700,TSLA
2025-08-15,330.55999755859375,339.29998779296875,327.0199890136719,337.6600036621094,74319800,TSLA
2025-08-18,335.1600036621094,336.2699890136719,329.5899963378906,329.6199951171875,56956600,TSLA
2025-08-19,329.30999755859375,340.54998779296875,327.8500061035156,335.7900085449219,75956000,TSLA
2025-08-20,323.8999938964844,331.3699951171875,314.6000061035156,329.2200012207031,77481800,TSLA
2025-08-21,320.1099853515625,324.8999938964844,318.67999267578125,322.0799865722656,55744400,TSLA
2025-08-22,340.010009765625,340.25,319.69000244140625,321.6600036621094,94016300,TSLA
2025-08-25,346.6000061035156,349.5299987792969,335.0299987792969,338.8999938964844,86670000,TSLA
2025-08-26,351.6700134277344,351.8999938964844,343.7200012207031,344.92999267578125,76651600,TSLA
2025-08-27,349.6000061035156,355.3900146484375,349.1600036621094,351.94000244140625,65519000,TSLA
2025-08-28,345.9800109863281,353.54998779296875,340.260009765625,350.9100036621094,67903200,TSLA
2025-08-29,333.8699951171875,348.75,331.70001220703125,347.2300109863281,81145700,TSLA
2025-09-02,329.3599853515625,333.3299865722656,325.6000061035156,328.2300109863281,58392000,TSLA
2025-09-03,334.0899963378906,343.3299865722656,328.510009765625,335.20001220703125,88733300,TSLA
2025-09-04,338.5299987792969,338.8900146484375,331.4800109863281,336.1499938964844,60711000,TSLA
2025-09-05,350.8399963378906,355.8699951171875,344.67999267578125,348.0,108989800,TSLA
2025-09-08,346.3999938964844,358.44000244140625,344.8399963378906,354.6400146484375,75208300,TSLA
2025-09-09,346.9700012207031,350.7699890136719,343.82000732421875,348.44000244140625,53816000,TSLA
2025-09-10,347.7900085449219,356.3299865722656,346.07000732421875,350.54998779296875,72121700,TSLA
2025-09-11,368.80999755859375,368.989990234375,347.6000061035156,350.1700134277344,103756000,TSLA
2025-09-12,395.94000244140625,396.69000244140625,370.239990234375,370.94000244140625,168156400,TSLA
2025-09-15,410.0400085449219,425.70001220703125,402.42999267578125,423.1300048828125,163823700,TSLA
2025-09-16,421.6199951171875,423.25,411.42999267578125,414.5,104285700,TSLA
2025-09-17,425.8599853515625,428.30999755859375,409.6700134277344,415.75,106133500,TSLA
2025-09-18,416.8500061035156,432.2200012207031,416.55999755859375,428.8699951171875,90454500,TSLA
2025-09-19,426.07000732421875,429.4700012207031,421.7200012207031,421.82000732421875,93131000,TSLA
2025-09-22,434.2099914550781,444.9800109863281,429.1300048828125,431.1099853515625,97108800,TSLA
2025-09-23,425.8500061035156,440.9700012207031,423.7200012207031,439.8800048828125,83422700,TSLA
2025-09-24,442.7900085449219,444.2099914550781,429.0299987792969,429.8299865722656,93133600,TSLA
2025-09-25,423.3900146484375,435.3500061035156,419.0799865722656,435.239990234375,96746400,TSLA
2025-09-26,440.3999938964844,440.4700012207031,421.0199890136719,428.29998779296875,101628200,TSLA
2025-09-29,443.2099914550781,450.9800109863281,439.5,444.3500061035156,79491500,TSLA
2025-09-30,444.7200012207031,445.0,433.1199951171875,441.5199890136719,74358000,TSLA
2025-10-01,459.4599914550781,462.2900085449219,440.75,443.79998779296875,98122300,TSLA
2025-10-02,436.0,470.75,435.57000732421875,470.5400085449219,137009000,TSLA
2025-10-03,429.8299865722656,446.7699890136719,416.5799865722656,443.2900085449219,133188200,TSLA
2025-10-06,453.25,453.54998779296875,436.69000244140625,440.75,85324900,TSLA
2025-10-07,433.0899963378906,452.67999267578125,432.45001220703125,447.82000732421875,102296100,TSLA
2025-10-08,438.69000244140625,441.3299865722656,425.2300109863281,437.57000732421875,71192100,TSLA
2025-10-09,435.5400085449219,436.3500061035156,426.17999267578125,431.80999755859375,69339900,TSLA
2025-10-10,413.489990234375,443.1300048828125,411.45001220703125,436.5400085449219,112107900,TSLA
2025-10-13,435.8999938964844,436.8900146484375,419.70001220703125,423.5299987792969,79552800,TSLA
2025-10-14,429.239990234375,434.20001220703125,417.8599853515625,426.7900085449219,72669400,TSLA
2025-10-15,435.1499938964844,440.510009765625,426.3299865722656,434.8999938964844,71558200,TSLA
2025-10-16,428.75,439.3500061035156,421.30999755859375,434.7300109863281,77189900,TSLA
2025-10-17,439.30999755859375,441.4599914550781,423.6000061035156,425.5,89331600,TSLA
2025-10-20,447.42999267578125,449.79998779296875,440.6099853515625,443.8699951171875,63719000,TSLA
2025-10-21,442.6000061035156,449.29998779296875,442.04998779296875,445.760009765625,54412200,TSLA
2025-10-22,438.9700012207031,445.5400085449219,429.0,443.45001220703125,84023500,TSLA
2025-10-23,448.9800109863281,449.3999938964844,413.8999938964844,420.0,126709800,TSLA
2025-10-24,433.7200012207031,451.67999267578125,430.1700134277344,446.8299865722656,94727800,TSLA
2025-10-27,452.4200134277344,460.1600036621094,438.69000244140625,439.9800109863281,105867500,TSLA
2025-10-28,460.54998779296875,467.0,451.6000061035156,454.7799987792969,80185700,TSLA
2025-10-29,461.510009765625,465.70001220703125,452.6499938964844,462.5,67983500,TSLA
2025-10-30,440.1000061035156,455.05999755859375,439.6099853515625,451.04998779296875,72447900,TSLA
2025-10-31,456.55999755859375,458.0,443.69000244140625,446.75,83135800,TSLA
2025-11-03,468.3699951171875,474.07000732421875,453.79998779296875,455.989990234375,84595200,TSLA
2025-11-04,444.260009765625,460.2200012207031,443.6000061035156,454.4599914550781,87756600,TSLA
2025-11-05,462.07000732421875,466.3299865722656,440.7099914550781,452.04998779296875,85573000,TSLA
2025-11-06,445.9100036621094,467.45001220703125,435.0899963378906,461.9599914550781,109622900,TSLA
2025-11-07,429.5199890136719,439.3599853515625,421.8800048828125,437.9200134277344,103471500,TSLA
2025-11-10,445.2300109863281,449.6700134277344,433.3599853515625,439.6000061035156,76515900,TSLA
2025-11-11,439.6199951171875,442.489990234375,432.3599853515625,439.3999938964844,60533200,TSLA
2025-11-12,430.6000061035156,442.3299865722656,426.55999755859375,442.1499938964844,58513500,TSLA
2025-11-13,401.989990234375,424.5,396.3399963378906,423.1300048828125,118948000,TSLA
2025-11-14,404.3500061035156,412.19000244140625,382.7799987792969,386.29998779296875,105506700,TSLA
2025-11-17,408.9200134277344,423.9599914550781,398.739990234375,398.739990234375,102214300,TSLA
2025-11-18,401.25,408.8999938964844,393.7099914550781,405.3800048828125,80688600,TSLA
2025-11-19,403.989990234375,411.7799987792969,398.5,406.17999267578125,72047700,TSLA
2025-11-20,395.2300109863281,428.94000244140625,394.739990234375,414.6300048828125,113548800,TSLA
2025-11-21,391.0899963378906,402.79998779296875,383.760009765625,402.32000732421875,100460600,TSLA
2025-11-24,417.7799987792969,421.7200012207031,401.0899963378906,402.1700134277344,96806400,TSLA
2025-11-25,419.3999938964844,420.4800109863281,405.95001220703125,414.4200134277344,71915600,TSLA
2025-11-26,426.5799865722656,426.94000244140625,416.8900146484375,423.95001220703125,63463000,TSLA
2025-11-28,430.1700134277344,432.92999267578125,426.20001220703125,426.5899963378906,36252900,TSLA
2025-12-01,430.1400146484375,433.6600036621094,425.2900085449219,425.32000732421875,57463600,TSLA
2025-12-02,429.239990234375,436.79998779296875,422.1199951171875,430.80999755859375,69336600,TSLA
2025-12-03,446.739990234375,447.9200134277344,431.1099853515625,432.1000061035156,87483000,TSLA
2025-12-04,454.5299987792969,454.6300048828125,445.3900146484375,449.94000244140625,71906500,TSLA
2025-12-05,455.0,458.8699951171875,451.6600036621094,453.0299987792969,56427500,TSLA
2025-12-08,439.5799865722656,449.75,435.25,447.45001220703125,69165800,TSLA
2025-12-09,445.1700134277344,452.3900146484375,435.70001220703125,437.5400085449219,62367400,TSLA
2025-12-10,451.45001220703125,456.8800048828125,443.6099853515625,446.07000732421875,63257500,TSLA
2025-12-11,446.8900146484375,449.2699890136719,440.3299865722656,448.95001220703125,55979500,TSLA
2025-12-12,458.9599914550781,463.010009765625,441.6700134277344,448.0899963378906,95656700,TSLA
2025-12-15,475.30999755859375,481.7699890136719,467.6600036621094,469.44000244140625,114542200,TSLA
2025-12-16,489.8800048828125,491.5,465.8299865722656,472.2099914550781,107608100,TSLA
2025-12-17,467.260009765625,495.2799987792969,466.20001220703125,488.2200012207031,106490400,TSLA
2025-12-18,483.3699951171875,490.8599853515625,473.1199951171875,478.1600036621094,95168400,TSLA
2025-12-19,481.20001220703125,490.489990234375,474.7200012207031,488.1199951171875,103305400,TSLA
2025-12-22,488.7300109863281,498.8299865722656,485.3299865722656,489.8800048828125,86916100,TSLA
2025-12-23,485.55999755859375,491.9700012207031,482.8399963378906,489.3999938964844,58223600,TSLA
2025-12-24,485.3999938964844,490.8999938964844,476.79998779296875,488.4800109863281,41285400,TSLA
2025-12-26,475.19000244140625,489.0899963378906,473.82000732421875,485.2300109863281,58780700,TSLA
2025-12-29,459.6400146484375,469.3999938964844,459.0,469.0,66263000,TSLA
2025-12-30,454.42999267578125,463.1199951171875,453.8299865722656,461.0899963378906,59238500,TSLA
2025-12-31,449.7200012207031,456.54998779296875,449.29998779296875,456.1000061035156,49078000,TSLA
2026-01-02,438.07000732421875,458.3399963378906,435.29998779296875,457.79998779296875,85535400,TSLA
2026-01-05,451.6700134277344,457.54998779296875,444.57000732421875,447.989990234375,67940800,TSLA
2026-01-06,432.9599914550781,448.25,428.7799987792969,446.3800048828125,89093800,TSLA
2026-01-07,431.4100036621094,438.3699951171875,431.2900085449219,435.8999938964844,59828800,TSLA
2026-01-08,435.79998779296875,436.8900146484375,424.3699951171875,427.8900146484375,57041100,TSLA
2026-01-09,445.010009765625,449.04998779296875,430.3900146484375,435.95001220703125,67331500,TSLA
2026-01-12,448.9599914550781,454.29998779296875,438.0,441.2300109863281,61649600,TSLA
2026-01-13,447.20001220703125,451.80999755859375,443.95001220703125,450.20001220703125,53719200,TSLA
2026-01-14,439.20001220703125,443.9100036621094,434.2200012207031,442.80999755859375,57259500,TSLA
2026-01-15,438.57000732421875,445.3599853515625,437.6499938964844,441.1300048828125,49465800,TSLA
2026-01-16,437.5,447.25,435.260009765625,439.5,60220600,TSLA
2026-01-20,419.25,430.7300109863281,417.44000244140625,429.3599853515625,63187300,TSLA
2026-01-21,431.44000244140625,438.20001220703125,419.6199951171875,421.6600036621094,68124000,TSLA
2026-01-22,449.3599853515625,449.5,432.6300048828125,435.1600036621094,71546700,TSLA
2026-01-23,449.05999755859375,452.42999267578125,444.0400085449219,447.42999267578125,56771400,TSLA
2026-01-26,435.20001220703125,445.0400085449219,434.2799987792969,445.0,49397400,TSLA
2026-01-27,430.8999938964844,437.5199890136719,430.69000244140625,437.4100036621094,37733100,TSLA
2026-01-28,431.4599914550781,438.260009765625,430.1000061035156,431.9100036621094,54857400,TSLA
2026-01-29,416.55999755859375,440.2300109863281,414.6199951171875,437.79998779296875,81686100,TSLA
2026-01-30,430.4100036621094,439.8800048828125,422.70001220703125,425.3500061035156,82626100,TSLA
2026-02-02,421.80999755859375,427.1499938964844,414.5,421.2900085449219,58739500,TSLA
2026-02-03,421.9599914550781,428.55999755859375,413.69000244140625,424.2699890136719,56886500,TSLA
2026-02-04,406.010009765625,423.8999938964844,399.17999267578125,420.4599914550781,74606900,TSLA
2026-02-05,397.2099914550781,402.1000061035156,387.5299987792969,397.0199890136719,72819800,TSLA
2026-02-06,411.1099853515625,414.54998779296875,397.75,400.8699951171875,62677100,TSLA
2026-02-09,417.32000732421875,421.25,407.2900085449219,409.9100036621094,54484300,TSLA
2026-02-10,425.2099914550781,427.25,417.0,418.0799865722656,64450200,TSLA
2026-02-11,428.2699890136719,436.3500061035156,420.0299987792969,427.9599914550781,57362000,TSLA
2026-02-12,417.07000732421875,436.2300109863281,414.0,430.29998779296875,61933400,TSLA
2026-02-13,417.44000244140625,424.05999755859375,410.8800048828125,414.30999755859375,51434100,TSLA
2026-02-17,410.6300048828125,413.7200012207031,400.510009765625,412.3599853515625,59678800,TSLA
2026-02-18,411.32000732421875,416.8999938964844,409.5799865722656,411.1099853515625,45921400,TSLA
2026-02-19,411.7099914550781,415.25,404.1099853515625,407.25,51019600,TSLA
2026-02-20,411.82000732421875,414.70001220703125,405.5,408.29998779296875,57912200,TSLA
2026-02-23,399.8299865722656,407.70001220703125,394.0400085449219,407.2900085449219,69680000,TSLA
2026-02-24,409.3800048828125,410.82000732421875,397.6400146484375,399.5,58579500,TSLA
2026-02-25,417.3999938964844,420.3399963378906,412.1499938964844,412.1499938964844,54809700,TSLA
2026-02-26,408.5799865722656,416.80999755859375,403.6600036621094,414.4200134277344,53602500,TSLA
2026-02-27,402.510009765625,407.1199951171875,398.1099853515625,402.94000244140625,56890100,TSLA
2026-03-02,403.32000732421875,404.5400085449219,388.25,390.6000061035156,55088300,TSLA
2026-03-03,392.42999267578125,396.3399963378906,385.3900146484375,395.0899963378906,62617300,TSLA
2026-03-04,405.94000244140625,408.3299865722656,394.5799865722656,397.8500061035156,68305500,TSLA
2026-03-05,405.54998779296875,408.6199951171875,399.4200134277344,401.57000732421875,51925900,TSLA
2026-03-06,396.7300109863281,402.3500061035156,394.2099914550781,398.0899963378906,64054600,TSLA
2026-03-09,398.67999267578125,401.5899963378906,381.3999938964844,390.04998779296875,67018900,TSLA
2026-03-10,399.239990234375,406.5899963378906,398.19000244140625,402.2200012207031,59258700,TSLA
2026-03-11,407.82000732421875,416.3800048828125,402.1499938964844,402.2799987792969,62559900,TSLA
2026-03-12,395.010009765625,406.5,394.6499938964844,405.17999267578125,60973800,TSLA
2026-03-13,391.20001220703125,400.20001220703125,389.95001220703125,399.1700134277344,58504100,TSLA
2026-03-16,395.55999755859375,403.7300109863281,394.4200134277344,396.2200012207031,58068300,TSLA
2026-03-17,399.2699890136719,400.1199951171875,393.0,395.69000244140625,46890500,TSLA
2026-03-18,392.7799987792969,403.07000732421875,392.30999755859375,399.0,50853100,TSLA
2026-03-19,380.29998779296875,387.2699890136719,378.7300109863281,387.2699890136719,67078300,TSLA
2026-03-20,367.9599914550781,379.8900146484375,364.4599914550781,379.8500061035156,78628600,TSLA
2026-03-23,380.8500061035156,385.3299865722656,372.7300109863281,373.0899963378906,74606000,TSLA
2026-03-24,383.0299987792969,387.4800109863281,376.30999755859375,376.55999755859375,60004900,TSLA
2026-03-25,385.95001220703125,396.2300109863281,385.010009765625,389.989990234375,55157300,TSLA
2026-03-26,372.1099853515625,384.44000244140625,371.8699951171875,381.6000061035156,55522900,TSLA
2026-03-27,361.8299865722656,369.8599853515625,359.4700012207031,369.69000244140625,62065700,TSLA
2026-03-30,355.2799987792969,367.2900085449219,352.1400146484375,365.8599853515625,67954400,TSLA
2026-03-31,371.75,373.3299865722656,361.0,361.510009765625,75534900,TSLA
2026-04-01,381.260009765625,383.1400146484375,374.0799865722656,378.6300048828125,58683800,TSLA
2026-04-02,360.5899963378906,370.2799987792969,359.0299987792969,364.20001220703125,83031200,TSLA
2026-04-06,352.82000732421875,367.7200012207031,346.6400146484375,362.5899963378906,77697600,TSLA
2026-04-07,346.6499938964844,348.0199890136719,337.239990234375,346.44000244140625,74515400,TSLA
2026-04-08,343.25,364.5,339.6700134277344,363.7900085449219,78838600,TSLA
2026-04-09,345.6199951171875,348.8800048828125,337.25,343.1499938964844,62164000,TSLA
2026-04-10,348.95001220703125,350.3599853515625,342.739990234375,346.2900085449219,51336000,TSLA
2026-04-13,352.4200134277344,356.3500061035156,348.57000732421875,350.07000732421875,53617500,TSLA
2026-04-14,364.20001220703125,367.6300048828125,354.7699890136719,357.6700134277344,59979600,TSLA
2026-04-15,391.95001220703125,394.6499938964844,362.5,366.8299865722656,113810400,TSLA
2026-04-16,388.8999938964844,394.05999755859375,381.79998779296875,393.80999755859375,63515100,TSLA
2026-04-17,400.6199951171875,409.2799987792969,391.6499938964844,395.9200134277344,90640000,TSLA
2026-04-20,392.5,406.79998779296875,388.3299865722656,402.5799865722656,64603900,TSLA
2026-04-21,386.4200134277344,393.95001220703125,385.2200012207031,393.0,50530600,TSLA
2026-04-22,387.510009765625,393.010009765625,385.29998779296875,387.57000732421875,62362800,TSLA
2026-04-23,373.7200012207031,386.0,368.3900146484375,375.2799987792969,93969500,TSLA
2026-04-24,376.29998779296875,382.760009765625,370.7300109863281,373.5,62893300,TSLA
2026-04-27,378.6700134277344,380.7799987792969,364.0199890136719,372.0899963378906,66735800,TSLA
2026-04-28,376.0199890136719,382.2900085449219,372.5400085449219,374.67999267578125,50864400,TSLA
2026-04-29,372.79998779296875,376.3999938964844,370.0400085449219,375.3999938964844,45384800,TSLA
2026-04-30,381.6300048828125,384.75,368.1700134277344,372.75,51076000,TSLA
2026-05-01,390.82000732421875,397.82000732421875,378.79998779296875,382.489990234375,65338300,TSLA
2026-05-04,392.510009765625,394.6400146484375,384.79998779296875,390.2300109863281,48765100,TSLA
2026-05-05,389.3699951171875,402.1199951171875,389.0,395.19000244140625,47780600,TSLA
2026-05-06,398.7300109863281,401.67999267578125,384.0199890136719,386.25,53465400,TSLA
2026-05-07,411.7900085449219,415.8299865722656,402.1199951171875,407.4800109863281,64294200,TSLA
2026-05-08,428.3500061035156,431.20001220703125,416.3900146484375,416.4800109863281,65050000,TSLA
2026-05-11,445.0,449.1600036621094,416.79998779296875,422.1600036621094,78376100,TSLA
2026-05-12,433.45001220703125,447.79998779296875,422.260009765625,441.4100036621094,60569300,TSLA
2026-05-13,445.2699890136719,453.3999938964844,430.2099914550781,436.6700134277344,68283200,TSLA
2026-05-14,443.29998779296875,451.9800109863281,441.1600036621094,446.489990234375,46070400,TSLA
2026-05-15,422.239990234375,434.6600036621094,422.0,433.9800109863281,52688700,TSLA
2026-05-18,409.989990234375,421.1300048828125,405.3299865722656,419.2699890136719,52474200,TSLA
2026-05-19,404.1099853515625,405.6300048828125,393.6300048828125,403.1600036621094,46500600,TSLA
2026-05-20,417.260009765625,417.4599914550781,406.3900146484375,407.6000061035156,45294700,TSLA
2026-05-21,417.8500061035156,426.95001220703125,412.8999938964844,422.17999267578125,42636900,TSLA
2026-05-22,426.010009765625,431.510009765625,420.510009765625,422.6700134277344,46104700,TSLA
2026-05-26,433.5899963378906,435.20001220703125,426.1199951171875,430.260009765625,45658900,TSLA
2026-05-27,440.3599853515625,445.6000061035156,435.5199890136719,442.8900146484375,44656500,TSLA
2026-05-28,442.1000061035156,443.9599914550781,436.29998779296875,437.6199951171875,32435000,TSLA
2026-05-29,435.7900085449219,441.07000732421875,428.1400146484375,439.8500061035156,45176800,TSLA
2026-06-01,415.8800048828125,429.6000061035156,415.42999267578125,427.489990234375,44937900,TSLA
2026-06-02,423.739990234375,424.4200134277344,413.6499938964844,418.2200012207031,37596000,TSLA
2026-06-03,423.70001220703125,433.6000061035156,416.0,418.70001220703125,44500700,TSLA
2026-06-04,418.45001220703125,426.3500061035156,417.1600036621094,419.8399963378906,35323300,TSLA
2026-06-05,391.0,424.67999267578125,388.5899963378906,420.5,63420200,TSLA
2026-06-08,408.95001220703125,412.94000244140625,394.7200012207031,396.3299865722656,50328800,TSLA
2026-06-09,396.67999267578125,418.5,384.239990234375,411.0299987792969,59940200,TSLA
2026-06-10,381.5899963378906,397.0899963378906,380.1499938964844,391.5400085449219,49695600,TSLA
2026-06-11,399.1499938964844,399.5400085449219,380.6600036621094,388.2799987792969,45324300,TSLA
2026-06-12,406.42999267578125,406.67999267578125,386.760009765625,399.489990234375,63514500,TSLA
2026-06-15,411.1499938964844,416.0,407.1000061035156,412.3699951171875,45620500,TSLA
2026-06-16,404.6600036621094,412.4200134277344,400.5400085449219,404.1099853515625,40255500,TSLA
2026-06-17,396.3800048828125,405.94000244140625,393.760009765625,401.5299987792969,43534300,TSLA
2026-06-18,400.489990234375,402.5199890136719,384.70001220703125,398.1000061035156,58384700,TSLA
2026-06-22,405.04998779296875,414.75,394.3999938964844,394.8500061035156,47819500,TSLA
2026-06-23,381.6099853515625,392.8699951171875,379.05999755859375,392.6099853515625,50420200,TSLA
2026-06-24,375.5299987792969,384.5799865722656,373.04998779296875,380.0799865722656,37081400,TSLA
2026-06-25,375.1199951171875,379.1199951171875,371.2200012207031,375.2699890136719,30138800,TSLA
2026-06-26,379.7099914550781,387.79998779296875,368.6000061035156,370.1499938964844,53434100,TSLA
2026-06-29,411.8399963378906,413.2699890136719,379.29998779296875,381.7900085449219,57645800,TSLA
2015-01-02,59.20564270019531,59.23429702407516,59.04088170419954,59.04804665148287,2218800,BND
2015-01-05,59.377593994140625,59.39908338188976,59.24148725138772,59.27014159013866,5820100,BND
2015-01-06,59.54951477050781,59.728600289387884,59.47788165600705,59.47788165600705,3887600,BND
2015-01-07,59.58531951904297,59.65695261606222,59.49219703944344,59.55666518718427,2433400,BND
2015-01-08,59.492183685302734,59.535162440815895,59.43487503444935,59.535162440815895,1873400,BND
2015-01-09,59.59247970581055,59.664112797105034,59.456373006672855,59.46353795537867,1646100,BND
2015-01-12,59.671268463134766,59.692757840654686,59.599629917730084,59.635449190432425,4397900,BND
2015-01-13,59.728599548339844,59.793073176270035,59.62115261054994,59.67845582228581,2223400,BND
2015-01-14,59.86471176147461,59.972164174341835,59.85038732354546,59.91485549211175,2481200,BND
2015-01-15,60.1297492980957,60.144073733399665,59.85037635499458,59.85037635499458,4214500,BND
2015-01-16,59.95064926147461,60.065261111883274,59.87185122326985,60.0366067829675,3631300,BND
2015-01-20,59.886165618896484,60.050926616236595,59.864676242124624,59.95779869655386,3029500,BND
2015-01-21,59.77154541015625,60.02942882578082,59.764380463818696,60.022263879443265,2473900,BND
2015-01-22,59.78588104248047,59.90765782677826,59.72141290911826,59.90765782677826,2157400,BND
2015-01-23,59.97932434082031,60.00797321439302,59.89336132433326,59.91485071214095,6255000,BND
2015-01-26,59.90768814086914,59.99365116077095,59.87187431485245,59.97932672341558,7810500,BND
2015-01-27,59.943477630615234,60.09390874171261,59.90765835714994,60.07241936373496,1154100,BND
2015-01-28,60.158424377441406,60.237216996665644,59.90054073100215,59.91486517124539,1394600,BND
2015-01-29,60.093936920166016,60.15124559848139,60.00081441684581,60.12975621042722,1551300,BND
2015-01-30,60.423397064208984,60.423397064208984,60.25147665544268,60.31594475926082,10474400,BND
2015-02-02,60.3516845703125,60.423462356185944,60.22966178669822,60.25836852001238,6070500,BND
2015-02-03,60.1650276184082,60.28705034051404,60.12913600541647,60.24398478595699,1237200,BND
2015-02-04,60.18655776977539,60.19373718731876,59.978398471346054,60.04300227665428,2945700,BND
2015-02-05,60.05738830566406,60.121992146115694,60.01432272955898,60.07174714856176,2128200,BND
2015-02-06,59.66978073120117,59.87794013951455,59.65542736482856,59.84922793047541,2907700,BND
2015-02-09,59.648223876953125,59.784605445789104,59.61951167949862,59.77024660891599,1384600,BND
2015-02-10,59.540550231933594,59.60515404064209,59.50466409491004,59.57644184524846,1447900,BND
2015-02-11,59.540550231933594,59.612333458563334,59.497484676988805,59.57644184524846,1904000,BND
2015-02-12,59.569271087646484,59.64822826738513,59.54773830704361,59.56927108764649,4662900,BND
2015-02-13,59.43292999267578,59.59801839206749,59.432929992675774,59.59801839206749,1883000,BND
2015-02-17,59.19599533081055,59.43286675752478,59.17446256043462,59.418507926414485,5281500,BND
2015-02-18,59.36112976074219,59.44726638558341,59.21039477449037,59.282172557044504,3813000,BND
2015-02-19,59.310848236083984,59.440050355624024,59.28931546220904,59.389805391152365,1322700,BND
2015-02-20,59.325218200683594,59.49030648222715,59.23908161273167,59.39699595249781,3145800,BND
2015-02-23,59.447261810302734,59.49750680185297,59.397016818752505,59.43290844541411,3952700,BND
2015-02-24,59.6912841796875,59.73434972998087,59.346743348468394,59.44723328334673,2542200,BND
2015-02-25,59.74872970581055,59.76308854649896,59.633886361769065,59.684131351592185,4934600,BND
2015-02-26,59.5836296081543,59.748717909424975,59.57645018922755,59.676940149033726,2187500,BND
2015-02-27,59.63386154174805,59.65539431752541,59.52619218657033,59.59796993125851,4094400,BND
2015-03-02,59.44114685058594,59.69286264385424,59.42675995554617,59.66409434076747,2476100,BND
2015-03-03,59.369205474853516,59.48427315492923,59.354818585474916,59.42673657139607,2648100,BND
2015-03-04,59.369205474853516,59.44831690546396,59.340437183086934,59.40516172431878,1425400,BND
2015-03-05,59.4051628112793,59.46269939586523,59.33324482404224,59.38358796380725,1340800,BND
2015-03-06,59.059932708740234,59.19657518849087,58.995202702973124,59.19657518849087,1580000,BND
2015-03-09,59.131893157958984,59.189429762874234,59.103124855501356,59.1750428681491,1982300,BND
2015-03-10,59.362037658691406,59.369231106486346,59.28292619392596,59.297307602522864,3766100,BND
2015-03-11,59.426719665527344,59.469874834395625,59.34042030176888,59.361995142708494,4829700,BND
2015-03-12,59.46994400024414,59.61378009845456,59.441175683202964,59.599398683431694,8421500,BND
2015-03-13,59.412353515625,59.52742119249851,59.390778669148126,59.412353515625,2114500,BND
2015-03-16,59.52741241455078,59.59933587485511,59.4554944412361,59.56337414470294,1203700,BND
2015-03-17,59.57774353027344,59.57774353027344,59.50582557146155,59.53459385238401,1471300,BND
2015-03-18,59.944541931152344,59.944541931152344,59.52741002091484,59.64248316318288,5534300,BND
2015-03-19,59.76475524902344,59.92297810523568,59.728799000696384,59.90859670330295,1208100,BND
2015-03-20,59.923011779785156,59.9302052282892,59.800750590184066,59.800750590184066,1011200,BND
2015-03-23,59.95173263549805,59.95892607830854,59.8510463841079,59.95173263549805,1572700,BND
2015-03-24,60.05246353149414,60.088425285292345,59.93020234776949,59.987738959049295,2300500,BND
2015-03-25,59.95895767211914,60.1243685349951,59.94457077891737,60.1243685349951,1559900,BND
2015-03-26,59.76475524902344,59.87982841244705,59.70721866731163,59.87263496798546,2342500,BND
2015-03-27,59.82230758666992,59.90141903561233,59.786345841880866,59.822307586669915,6542300,BND
2015-03-30,59.894229888916016,59.92299818941409,59.843886734792456,59.90861678266119,1634800,BND
2015-03-31,59.95895767211914,60.009300824341224,59.8654593272838,59.908614519897064,1996000,BND
2015-04-01,60.197566986083984,60.22640134999687,60.08222953043244,60.09664946218518,3132700,BND
2015-04-02,60.11827087402344,60.2263983584277,60.09664647706105,60.219188392909466,791200,BND
2015-04-06,60.16869354248047,60.26961100083318,60.11102485211063,60.2624010396397,1768800,BND
2015-04-07,60.20476531982422,60.21918525010812,60.067808979679306,60.11826773648891,977400,BND
2015-04-08,60.16145324707031,60.21912190836283,60.074950255131526,60.20470199324658,3470700,BND
2015-04-09,60.03175735473633,60.17592914208641,59.97408863979629,60.17592914208641,1025400,BND
2015-04-10,60.002952575683594,60.10387012678022,59.974118203999694,60.08224572291581,4290100,BND
2015-04-13,60.017337799072266,60.08221097314477,59.97408351676637,60.04617215407923,6046400,BND
2015-04-14,60.125431060791016,60.255177335146456,60.118221101242014,60.211928577027976,1398100,BND
2015-04-15,60.18315887451172,60.248037580956264,60.16153447222809,60.22641317867264,1022400,BND
2015-04-16,60.16869354248047,60.23356669445478,60.10381489091714,60.19752788766539,1289900,BND
2015-04-17,60.26962661743164,60.305670933149564,60.11825039067914,60.15428920680663,1693900,BND
2015-04-20,60.20476531982422,60.25522407663382,60.13268216718079,60.226395215250065,2463600,BND
2015-04-21,60.132667541503906,60.20475067661503,60.08941876035538,60.17592182224313,1788000,BND
2015-04-22,59.909217834472656,60.11826280972152,59.909217834472656,60.11105284517044,1501300,BND
2015-04-23,60.024513244628906,60.09660184709095,59.930805760851776,59.9668500620828,5518000,BND
2015-04-24,60.11827087402344,60.17593959898469,60.06781211458043,60.10385094298697,1597900,BND
2015-04-27,60.074974060058594,60.147062665032735,60.03172529674484,60.147062665032735,1591400,BND
2015-04-28,59.8875846862793,60.03896092217505,59.873164759284975,60.02454099518073,1217700,BND
2015-04-29,59.70016098022461,59.7722441126178,59.62807784783141,59.70737094334107,1905200,BND
2015-04-30,59.76500701904297,59.76500701904296,59.51991790320945,59.606420914607305,4229900,BND
2015-05-01,59.583778381347656,59.67766598786693,59.5259988495699,59.62711027510125,7173200,BND
2015-05-04,59.49708557128906,59.65597646580677,59.482643449131665,59.63431052749204,1190000,BND
2015-05-05,59.403194427490234,59.52597174399085,59.32374898501173,59.52597174399085,4175700,BND
2015-05-06,59.237060546875,59.367061637006174,59.186504873499274,59.367061637006174,3938900,BND
2015-05-07,59.359859466552734,59.40319133832144,59.28041402820567,59.29485614874303,3602900,BND
2015-05-08,59.51875305175781,59.61986443059049,59.47541566786032,59.569308741174154,1735900,BND
2015-05-11,59.20819091796875,59.45374553203227,59.16485353713198,59.40318984618646,929200,BND
2015-05-12,59.13596725463867,59.24430244784914,59.04207969260658,59.11430131802795,2139600,BND
2015-05-13,59.10709762573242,59.33821572201696,59.07821337385555,59.30210214193283,2372000,BND
2015-05-14,59.2226676940918,59.26599959012904,59.15044603064314,59.186554107287606,1485300,BND
2015-05-15,59.46100997924805,59.48989974949524,59.323784948113925,59.33823258831765,1402700,BND
2015-05-18,59.244300842285156,59.410415535393604,59.23707702689175,59.410415535393604,3747700,BND
2015-05-19,59.11429214477539,59.20096138792594,59.04929434502945,59.078184092746305,4856500,BND
2015-05-20,59.11429214477539,59.19373757345774,59.063736463809896,59.13595807802404,4097400,BND
2015-05-21,59.30208206176758,59.338195629623364,59.186523052754524,59.22263662061031,2314100,BND
2015-05-22,59.265933990478516,59.28759991451579,59.157604370292134,59.265933990478516,816600,BND
2015-05-26,59.41044616699219,59.44655424226297,59.244331388236155,59.26599733543053,1178300,BND
2015-05-27,59.43930435180664,59.468188592612584,59.323745347956525,59.42485672124708,2564500,BND
2015-05-28,59.44650650024414,59.49706217314913,59.4031746406556,59.46095412687704,1073300,BND
2015-05-29,59.468196868896484,59.55486613384598,59.43208880778555,59.52597637886281,2494300,BND
2015-06-01,59.26991271972656,59.47978242218945,59.240964603391475,59.47978242218945,1362800,BND
2015-06-02,59.103477478027344,59.21926997284681,59.052819641866336,59.19756026039067,1510000,BND
2015-06-03,58.84291076660156,59.00212258048766,58.77778167253164,58.994884174051094,1390000,BND
2015-06-04,58.98766326904297,59.06003078424699,58.908057345932306,58.92252864045811,1111300,BND
2015-06-05,58.75608444213867,58.87187136326095,58.690949812961264,58.81397514205604,4115300,BND
2015-06-08,58.828487396240234,58.86466841532307,58.78506796482449,58.81401057157441,4954500,BND
2015-06-09,58.65477752685547,58.76332605612645,58.625829411953745,58.76332605612645,2883300,BND
2015-06-10,58.53176498413086,58.61860935602644,58.49558397014194,58.56071310809605,1222800,BND
2015-06-11,58.806739807128906,58.813972693512746,58.57516045323792,58.6185798566902,1815900,BND
2015-06-12,58.763328552246094,58.92254043032428,58.705437841271966,58.741618845469716,1785100,BND
2015-06-15,58.77058410644531,58.92979603096959,58.75611280480229,58.89360949492672,2082900,BND
2015-06-16,58.922542572021484,58.922542572021484,58.78504591701058,58.864646337654364,2250700,BND
2015-06-17,58.944278717041016,58.95875554277029,58.6909894796916,58.89362086957114,865700,BND
2015-06-18,58.900848388671875,58.937034925011034,58.76334617613137,58.886377086910365,1210300,BND
2015-06-19,59.067256927490234,59.08896662541491,58.98765102090886,59.01659912523721,1176700,BND
2015-06-22,58.78502655029297,58.973180968065456,58.77054973582617,58.92252316000563,1020000,BND
2015-06-23,58.64750671386719,58.78500880335555,58.61855861495988,58.64750671386718,1096000,BND
2015-06-24,58.75608444213867,58.78503255274113,58.67647851830381,58.72713633153622,6836900,BND
2015-06-25,58.676490783691406,58.763329612363506,58.64754266703781,58.7343870169986,2894500,BND
2015-06-26,58.567909240722656,58.60409574987955,58.510013034586066,58.57514764681125,963000,BND
2015-06-29,58.864662170410156,58.90808711850985,58.67650764004253,58.75611360338664,2168400,BND
2015-06-30,58.806739807128906,58.96595164817034,58.79226299178661,58.80673980712891,1547800,BND
2015-07-01,58.663909912109375,58.758176253512275,58.613150261755976,58.64215656658463,5399300,BND
2015-07-02,58.80891418457031,58.866926772802415,58.77990789045426,58.77990789045426,1060100,BND
2015-07-06,59.011959075927734,59.05547128798742,58.89593941933475,59.05547128798742,2210700,BND
2015-07-07,59.069976806640625,59.29476871435056,59.069976806640625,59.236761647203025,4183200,BND
2015-07-08,59.23674392700195,59.28750355331295,59.142472097864136,59.200484680043665,1967800,BND
2015-07-09,59.04098129272461,59.15700651298763,59.011974987658846,59.14250059426125,1670900,BND
2015-07-10,58.76541519165039,58.85243408537402,58.70014963826125,58.75090927650363,2038300,BND
2015-07-13,58.62760543823242,58.74363056807609,58.62035248452152,58.634858391943325,2846500,BND
2015-07-14,58.73639678955078,58.78715641733279,58.707390497620416,58.73639678955078,1567700,BND
2015-07-15,58.903175354003906,58.924928687554385,58.72189019790469,58.74364353145517,2631000,BND
2015-07-16,58.903175354003906,58.9394290657934,58.77264982031711,58.787150198556134,1063100,BND
2015-07-17,58.91047286987305,58.96848549692641,58.88146655634636,58.917725831351866,807900,BND
2015-07-20,58.8306884765625,58.89595404466635,58.79443474529315,58.874200699427355,1026900,BND
2015-07-21,58.939476013183594,58.9757352862388,58.80895037552849,58.8234562977059,1422900,BND
2015-07-22,58.96116256713867,59.0481814044548,58.95391514664887,58.96841552001053,1624100,BND
2015-07-23,59.0989990234375,59.12800533101648,58.94672005793845,58.990226753113184,1178400,BND
2015-07-24,59.13525390625,59.1787605981988,59.09899464136795,59.164254679291155,804300,BND
2015-07-27,59.251277923583984,59.25853088356761,59.178764920910254,59.23677753600423,2022800,BND
2015-07-28,59.14973449707031,59.20774708851163,59.142481540043846,59.178740792790975,1434700,BND
2015-07-29,59.0989990234375,59.15701163859546,59.055492328262766,59.149758678603845,1020500,BND
2015-07-30,59.120731353759766,59.156990608440296,59.055471334197435,59.08447763146475,788000,BND
2015-07-31,59.32380676269531,59.33831268653489,59.258546702584084,59.302053409324905,1589100,BND
2015-08-03,59.46110916137695,59.47563956037031,59.32304542366972,59.366642164487644,2085800,BND
2015-08-04,59.257652282714844,59.424776823965566,59.24311633940033,59.41024642448908,1007300,BND
2015-08-05,59.163177490234375,59.199511799897,59.083246444046445,59.18497585849703,2097000,BND
2015-08-06,59.199520111083984,59.25765279717068,59.163185796320285,59.177721739761,1173000,BND
2015-08-07,59.3230094909668,59.37387417239095,59.25761441935054,59.29394316674808,1773800,BND
2015-08-10,59.199520111083984,59.30124953981666,59.163185796320285,59.27945116849367,1173300,BND
2015-08-11,59.4247932434082,59.504724322209405,59.37392851542921,59.395726892585984,1424200,BND
2015-08-12,59.40300750732422,59.606466462536616,59.388477100740786,59.52653536672592,1029700,BND
2015-08-13,59.279422760009766,59.40295050086721,59.257624399133206,59.344817842639436,845500,BND
2015-08-14,59.257652282714844,59.344845767249815,59.228585939923846,59.257652282714844,2279800,BND
2015-08-17,59.366676330566406,59.42480904767147,59.337615515854914,59.39574268911893,821900,BND
2015-08-18,59.257652282714844,59.33758333943059,59.235848367743074,59.293981053325076,1083900,BND
2015-08-19,59.4683952331543,59.49019915607019,59.163206838412435,59.19954116609887,1356600,BND
2015-08-20,59.519287109375,59.56288388334822,59.46841681461682,59.4902207454455,1536900,BND
2015-08-21,59.613712310791016,59.650041085685714,59.490184497239404,59.562847590867484,3459200,BND
2015-08-24,59.599159240722656,59.897085045983005,59.53376413839942,59.802623605792625,4751800,BND
2015-08-25,59.40300750732422,59.52653536672592,59.29401005450593,59.52653536672592,5325500,BND
2015-08-26,59.148685455322266,59.39574118098414,59.11235112209392,59.25041493575255,2742500,BND
2015-08-27,59.228580474853516,59.30851152419395,59.11231511441741,59.126851056390684,2671000,BND
2015-08-28,59.257652282714844,59.39571048117456,59.228585939923846,59.359381710564335,2723900,BND
2015-08-31,59.177738189697266,59.366661156237775,59.1704702159566,59.352130752596054,3103700,BND
2015-09-01,59.32188415527344,59.37285400583251,59.22722189330868,59.263631310263904,2577700,BND
2015-09-02,59.27820587158203,59.343736165221515,59.21995301814837,59.26363988057469,1934700,BND
2015-09-03,59.32188415527344,59.39469743388682,59.27091430471436,59.358288016931596,2503000,BND
2015-09-04,59.467552185058594,59.48939562834648,59.32920852580168,59.42386529848283,1213800,BND
2015-09-08,59.32188415527344,59.358288016931596,59.278197299164816,59.358288016931596,1194600,BND
2015-09-09,59.30732727050781,59.394706551435505,59.125291268381886,59.13985725951879,4265400,BND
2015-09-10,59.183528900146484,59.29275158438921,59.183528900146484,59.29275158438921,1889000,BND
2015-09-11,59.30732727050781,59.365580124459605,59.285483839100365,59.33645369748371,1411500,BND
2015-09-14,59.32188415527344,59.38741443943636,59.30004072721913,59.380137000282964,905900,BND
2015-09-15,59.07432556152344,59.27092756860273,59.023355699558124,59.26364457252246,1697300,BND
2015-09-16,59.03792190551758,59.08160877156082,58.979669047261034,59.030638909410925,1579000,BND
2015-09-17,59.372840881347656,59.372840881347656,58.99420302778142,59.00876901346249,1833200,BND
2015-09-18,59.540340423583984,59.54762342004447,59.40927426378827,59.438400694331605,1639800,BND
2015-09-21,59.32188415527344,59.4675107125002,59.278197299164816,59.43110685084204,933800,BND
2015-09-22,59.43115997314453,59.5476602119998,59.40203352460521,59.416593971223854,1444000,BND
2015-09-23,59.43115997314453,59.489407314921145,59.38019007702622,59.460286421683854,709000,BND
2015-09-24,59.45295333862305,59.605862898169704,59.4383873489725,59.591296908519155,1454400,BND
2015-09-25,59.34371566772461,59.438372355386214,59.34371566772461,59.41652893171784,1134000,BND
2015-09-28,59.49665832519531,59.54034519686334,59.37287515193653,59.43840545943858,1305000,BND
2015-09-29,59.540340423583984,59.6204367187535,59.489370558957795,59.50393655187876,1256600,BND
2015-09-30,59.65684127807617,59.6641242739424,59.52577512897476,59.554901557141534,4432000,BND
2015-10-01,59.68894577026367,59.79838756479777,59.68165373268472,59.747315469540645,2023700,BND
2015-10-02,59.915103912353516,60.075612173951875,59.8275493971227,59.95158078553729,1770400,BND
2015-10-05,59.681602478027344,59.84211066353298,59.68160247802734,59.84211066353298,4199900,BND
2015-10-06,59.761898040771484,59.820262161266314,59.68164111284641,59.75460043829474,1925300,BND
2015-10-07,59.761898040771484,59.80567252275254,59.68164111284641,59.73271319730421,1871000,BND
2015-10-08,59.66704559326172,59.80567220739036,59.637860749948345,59.76918976163871,1118100,BND
2015-10-09,59.65978240966797,59.710854523320926,59.59412064916114,59.59412064916114,1197400,BND
2015-10-12,59.761898040771484,59.80567252275254,59.68164111284641,59.71082038987396,864100,BND
2015-10-13,59.79838943481445,59.82757428536561,59.725430091657095,59.78379979275941,971700,BND
2015-10-14,60.01726150512695,60.017261505126946,59.856747641140906,59.88593248608746,786300,BND
2015-10-15,59.9005126953125,59.98806721636861,59.87132785496046,59.93699513736233,2264300,BND
2015-10-16,59.87861633300781,59.93698600481815,59.85672909768851,59.87131873242195,1241200,BND
2015-10-19,59.87861633300781,59.91509876949885,59.81295462704989,59.88591393359368,840100,BND
2015-10-20,59.783782958984375,59.81296780131773,59.75459811665102,59.783782958984375,1348200,BND
2015-10-21,59.8931999206543,59.95886718642044,59.84942545443535,59.8931999206543,943500,BND
2015-10-22,59.995365142822266,60.03913962036771,59.89321541781763,59.89321541781763,1101300,BND
2015-10-23,59.84214782714844,59.88592787441688,59.82755818901868,59.88592787441688,1367100,BND
2015-10-26,59.9078254699707,59.9734872025637,59.9078254699707,59.929712714168375,1512200,BND
2015-10-27,59.92241287231445,60.0318546556553,59.92241287231445,60.01726501554867,929400,BND
2015-10-28,59.75463104248047,59.95891948494091,59.747333436266146,59.95891948494091,2617300,BND
2015-10-29,59.54303741455078,59.68166408276421,59.51385255985102,59.68166408276421,943200,BND
2015-10-30,59.67437744140625,59.67437744140626,59.52845314109687,59.543048354349246,1474100,BND
2015-11-02,59.55665969848633,59.61515026908453,59.520107275338326,59.54203984482069,2939200,BND
2015-11-03,59.45429229736328,59.54202813600752,59.41042716702452,59.51278285645944,3997100,BND
2015-11-04,59.49085235595703,59.54203020245065,59.38849666296981,59.5054722072551,3594400,BND
2015-11-05,59.381160736083984,59.490829100834056,59.30073764046492,59.476203677286186,1715400,BND
2015-11-06,59.147216796875,59.23494704504545,59.09603895945359,59.20570734763259,1198700,BND
2015-11-09,59.096031188964844,59.16914157881564,59.037540645898126,59.052160492682205,2358300,BND
2015-11-10,59.161827087402344,59.249562899364136,59.103336546094475,59.16913979955708,1421000,BND
2015-11-11,59.169158935546875,59.19840421565907,59.125293804361995,59.169158935546875,1303500,BND
2015-11-12,59.17646789550781,59.26419815231135,59.17646789550781,59.249578302166256,1263900,BND
2015-11-13,59.286109924316406,59.30804805878986,59.22762496628076,59.22762496628076,1583300,BND
2015-11-16,59.286109924316406,59.3665330168255,59.256870234280846,59.30804805878986,949100,BND
2015-11-17,59.3519287109375,59.39579383543984,59.191082483807605,59.24226032171567,1155900,BND
2015-11-18,59.32269287109375,59.359250865971234,59.27151502504539,59.315380156524874,944100,BND
2015-11-19,59.40312576293945,59.43968376382684,59.38850590936518,59.42505833228477,1085500,BND
2015-11-20,59.38848876953125,59.454286458577634,59.36655062854961,59.454286458577634,1273800,BND
2015-11-23,59.41041564941406,59.44696805828788,59.32999254073977,59.3738576625746,1647300,BND
2015-11-24,59.43235778808594,59.476222916989805,59.403112509494505,59.43235778808593,1361900,BND
2015-11-25,59.43964767456055,59.483512786618114,59.41770954056736,59.46158023058933,904600,BND
2015-11-27,59.46890640258789,59.50546439298263,59.44697383953752,59.490844543604446,516000,BND
2015-11-30,59.43964767456055,59.49813263131584,59.41040240720069,59.46158023058933,6285200,BND
2015-12-01,59.664581298828125,59.671903475249756,59.44479303833072,59.46677074649094,1780200,BND
2015-12-02,59.59130859375,59.64259736002941,59.54735318202144,59.63526959492563,1413700,BND
2015-12-03,59.12977600097656,59.45213067939756,59.10779828916578,59.45213067939756,2510600,BND
2015-12-04,59.36418151855469,59.37150928160175,59.18835433154354,59.24696525702909,3815200,BND
2015-12-07,59.46675109863281,59.55466749167366,59.37151253158958,59.38616246904015,1543300,BND
2015-12-08,59.481441497802734,59.540046871409494,59.4228305347469,59.525396925370075,1687300,BND
2015-12-09,59.459468841552734,59.532729756879455,59.32026918981728,59.4228355891646,2076900,BND
2015-12-10,59.45210647583008,59.503389645660185,59.43745094762359,59.503389645660185,2004100,BND
2015-12-11,59.61330795288086,59.64993560937558,59.54004146099426,59.61330795288086,1994400,BND
2015-12-14,59.33491134643555,59.53272194023969,59.32758916847896,59.48876092525609,2974600,BND
2015-12-15,59.26896667480469,59.31292209178604,59.21035572586438,59.254311142845744,1806300,BND
2015-12-16,59.20304489135742,59.3422445375384,59.11513403225309,59.24700591035893,2332700,BND
2015-12-17,59.32758331298828,59.35688320082043,59.26164459174529,59.28362230234353,2290500,BND
2015-12-18,59.459468841552734,59.46679102047072,59.35689685275587,59.40818005242952,3211500,BND
2015-12-21,59.393463134765625,59.51068493867205,59.37148544389398,59.48137948769544,3158300,BND
2015-12-22,59.31291961669922,59.37153056319372,59.298269674799336,59.364202797520036,2348600,BND
2015-12-23,59.32024383544922,59.32024383544922,59.21003666024171,59.232082579579036,2538600,BND
2015-12-24,59.36432647705078,59.38636678968483,59.29085129444471,59.327588885747744,1361700,BND
2015-12-28,59.36432647705078,59.42309877561842,59.2981999337792,59.2981999337792,1580600,BND
2015-12-29,59.1806755065918,59.31292304536409,59.1512865418233,59.31292304536409,2586600,BND
2015-12-30,59.21741485595703,59.25415246781886,59.12190491263788,59.165985562574015,2367200,BND
2015-12-31,59.33498764038086,59.371719657338915,59.246820710008,59.31294730913119,2419700,BND
2016-01-04,59.30558395385742,59.45987183971082,59.29088666642026,59.357013249141886,2750500,BND
2016-01-05,59.37903594970703,59.43781387126328,59.290869067372654,59.3349553112254,1513600,BND
2016-01-06,59.64354705810547,59.64354705810547,59.4966078200035,59.53333982684267,2391100,BND
2016-01-07,59.65090560913086,59.658248648494734,59.489269057148654,59.599476306715935,2792900,BND
2016-01-08,59.72434997558594,59.74639029510111,59.58475381149492,59.61414277263888,1405100,BND
2016-01-11,59.474544525146484,59.628837967090156,59.47454452514649,59.59210036560433,2146900,BND
2016-01-12,59.62887954711914,59.7537785106711,59.51132362468795,59.570101585903544,1645300,BND
2016-01-13,59.77581024169922,59.84193123451929,59.628870965183005,59.65825433618697,2887800,BND
2016-01-14,59.702293395996094,59.856581195952806,59.672904442856286,59.76106569690603,4545800,BND
2016-01-15,59.80517578125,59.893337070460895,59.77578681638907,59.87864539071638,1773900,BND
2016-01-19,59.731689453125,59.80515904202753,59.68026018035619,59.80515904202753,3856700,BND
2016-01-20,59.79783630371094,59.95947283253361,59.73171532666863,59.90069489380305,7796900,BND
2016-01-21,59.76109313964844,59.92272965345722,59.753750102018756,59.9006893298237,3062600,BND
2016-01-22,59.739097595214844,59.753794892235476,59.658279277730706,59.74644624372516,3004100,BND
2016-01-25,59.739097595214844,59.827264561209304,59.73175455208097,59.80522422105479,2164700,BND
2016-01-26,59.82720947265625,59.85659843425988,59.746391229589086,59.81251779454008,2659100,BND
2016-01-27,59.82720947265625,59.878638754119784,59.69496194812555,59.76843154944899,1734400,BND
2016-01-28,59.871315002441406,59.9007039762628,59.783153686350836,59.81254266017223,1487600,BND
2016-01-29,60.0476188659668,60.09904814313423,59.98884094766951,60.069659183985586,3634300,BND
2016-02-01,59.9254150390625,60.10211944627136,59.88124034159324,60.02112875602317,2255300,BND
2016-02-02,60.13154983520508,60.16836581495406,60.065287812452716,60.13154983520508,2554600,BND
2016-02-03,60.17573547363281,60.32298817103448,60.050564501778034,60.1241964678092,3238200,BND
2016-02-04,60.219913482666016,60.27145249133385,60.14628712990206,60.18309749761872,1179000,BND
2016-02-05,60.16100311279297,60.22727075465658,60.08001244903188,60.15363879317923,2360200,BND
2016-02-08,60.418701171875,60.47760449709438,60.264084156171805,60.3156231614062,2519500,BND
2016-02-09,60.41133117675781,60.536496506454625,60.352427862549,60.529132187846216,2354500,BND
2016-02-10,60.53651428222656,60.54387860299741,60.31562959774817,60.44815928496903,2553900,BND
2016-02-11,60.57330322265625,60.80155214715882,60.53649286648601,60.74264883649178,1887700,BND
2016-02-12,60.37453842163086,60.52179114645838,60.29354773777631,60.49234509535798,1474600,BND
2016-02-16,60.28621292114258,60.323028929033356,60.227315172785126,60.29357724618756,1488800,BND
2016-02-17,60.271419525146484,60.28614254071408,60.12416690016019,60.234603560236124,2158200,BND
2016-02-18,60.47760009765625,60.48496441710552,60.271444091715466,60.271444091715466,1819100,BND
2016-02-19,60.396610260009766,60.484965242617356,60.37452291869035,60.41869760132918,1862600,BND
2016-02-22,60.41133117675781,60.440777216533,60.352427862549,60.41133117675781,1596900,BND
2016-02-23,60.44818115234375,60.54390050499899,60.30092838764278,60.33038006404955,2243700,BND
2016-02-24,60.49234390258789,60.73531033202943,60.455527913441244,60.55124162095874,2434300,BND
2016-02-25,60.58070373535156,60.66169443157521,60.5438933571886,60.55125206242185,2407600,BND
2016-02-26,60.52179718017578,60.52916150235076,60.39663178986089,60.462899454771794,1628400,BND
2016-02-29,60.5586051940918,60.6101442078616,60.47025019163018,60.47025019163018,1827800,BND
2016-03-01,60.35573959350586,60.62133186511447,60.296723466522934,60.62133186511447,2546300,BND
2016-03-02,60.31883239746094,60.355716759292854,60.23767892135952,60.31145327364563,2137300,BND
2016-03-03,60.34837341308594,60.45165868361047,60.30410427670036,60.33361515808238,2750500,BND
2016-03-04,60.31883239746094,60.39998587356235,60.23767892135952,60.385227625931755,1147700,BND
2016-03-07,60.30405807495117,60.33356893372355,60.25241547925471,60.281926338027084,1303200,BND
2016-03-08,60.50328826904297,60.591815265469734,60.49590914313278,60.54755176725635,1713100,BND
2016-03-09,60.39996337890625,60.495869438297845,60.37782601570494,60.41471599242027,2010000,BND
2016-03-10,60.370479583740234,60.51064917512374,60.31883697036259,60.466385686120816,1785600,BND
2016-03-11,60.289310455322266,60.42210651649078,60.289310455322266,60.42210651649078,1422300,BND
2016-03-14,60.4221305847168,60.473773205263306,60.34835621659658,60.370487964170295,1534200,BND
2016-03-15,60.36310958862305,60.50328482982923,60.34097784077441,60.48115308198058,1870200,BND
2016-03-16,60.59920120239258,60.59920120239258,60.281966296085514,60.31885630115882,1402900,BND
2016-03-17,60.73198699951172,60.74673962185434,60.62870175724266,60.65083350506838,1571000,BND
2016-03-18,60.783607482910156,60.835250085236154,60.73196488058416,60.783607482910156,1219400,BND
2016-03-21,60.672969818115234,60.71723894572117,60.65083806862425,60.71723894572117,1613600,BND
2016-03-22,60.658199310302734,60.805748015822246,60.636067567337044,60.78361627285655,2150200,BND
2016-03-23,60.79098129272461,60.79836041487527,60.66556435926853,60.695069590629124,1234500,BND
2016-03-24,60.71722412109375,60.87952545394167,60.650823260209165,60.87952545394167,1752300,BND
2016-03-28,60.74672317504883,60.82050315265715,60.70245969138146,60.7098388148667,2369600,BND
2016-03-29,60.997554779052734,61.04181825696062,60.805736993749754,60.82786873270369,1841800,BND
2016-03-30,60.97542953491211,61.04182475884603,60.89427606435605,60.96067128828997,1624300,BND
2016-03-31,61.093467712402344,61.17462118342017,61.00494074665339,61.02707248809063,3037600,BND
2016-04-01,61.16225051879883,61.20660668415996,61.01438723358238,61.10310520471225,3027400,BND
2016-04-04,61.16225051879883,61.258357423883815,61.14006679571066,61.19181753543452,1452400,BND
2016-04-05,61.27313232421875,61.354455709561144,61.27313232421875,61.33227762999628,2149200,BND
2016-04-06,61.24350357055664,61.302648822155454,61.21393658515888,61.28786532945657,1833100,BND
2016-04-07,61.44318771362305,61.47276037327187,61.36186430969081,61.42100962898845,1533400,BND
2016-04-08,61.39143371582031,61.41361179927955,61.3396829742795,61.406217224657205,1402100,BND
2016-04-11,61.384029388427734,61.413602041810776,61.31010057517358,61.35445673504469,1214400,BND
2016-04-12,61.28791427612305,61.34705957495735,61.22876897728874,61.30269778062855,2388000,BND
2016-04-13,61.32484436035156,61.3618115632377,61.213954032499636,61.26570473229828,1749400,BND
2016-04-14,61.27313232421875,61.34706677664406,61.25095424465388,61.324883056672384,1617200,BND
2016-04-15,61.41364288330078,61.46539365103484,61.33231944251718,61.35449753720168,1181000,BND
2016-04-18,61.39143371582031,61.39143371582031,61.33228839965715,61.37664456657563,1395400,BND
2016-04-19,61.42837905883789,61.42837905883789,61.31748867087487,61.391417476318985,1163600,BND
2016-04-20,61.25836181640625,61.47275936503774,61.25836181640625,61.44318670587395,2388600,BND
2016-04-21,61.18440628051758,61.2583350759517,61.125260988008066,61.213978926772334,1683900,BND
2016-04-22,61.16225051879883,61.27314093220166,61.14746137007339,61.228784766840526,5115300,BND
2016-04-25,61.08829116821289,61.19179260549343,61.08090223726807,61.154831029553414,2483300,BND
2016-04-26,60.99961471557617,61.11789972465316,60.947863966528374,61.11789972465316,1689600,BND
2016-04-27,61.18440628051758,61.22136785803187,61.02915411798426,61.07351026716363,1456400,BND
2016-04-28,61.2952995300293,61.33965567720862,61.169614379012415,61.199187023933725,1625800,BND
2016-04-29,61.33967590332031,61.34707047709024,61.228779858399925,61.26574708684244,2856900,BND
2016-05-02,61.231529235839844,61.32041726149562,61.209301577847455,61.32041726149562,2443700,BND
2016-05-03,61.40188217163086,61.45373538728167,61.36484173834744,61.44632617030966,1765500,BND
2016-05-04,61.42412185668945,61.49079352548092,61.35745583947625,61.438940294900114,2868300,BND
2016-05-05,61.53525161743164,61.55747362825421,61.387101110894825,61.45376714336252,1270700,BND
2016-05-06,61.50560760498047,61.55746083665124,61.46116359257077,61.53523883044639,1520600,BND
2016-05-09,61.55004119873047,61.58708163718759,61.505597193843876,61.56485963474429,1373200,BND
2016-05-10,61.55004119873047,61.601900073201406,61.505597193843876,61.55004119873047,1889300,BND
2016-05-11,61.56486892700195,61.67598460756705,61.53523770207937,61.58709093279932,2381000,BND
2016-05-12,61.57228469848633,61.61672871481067,61.527835030583105,61.55746625865896,1653300,BND
2016-05-13,61.63890075683594,61.66112274698437,61.5500071446679,61.60186599044665,1397400,BND
2016-05-16,61.50560760498047,61.59450128137824,61.49819838571939,61.59450128137824,3132000,BND
2016-05-17,61.46112823486328,61.57964741696621,61.43890624144243,61.57964741696621,1735900,BND
2016-05-18,61.1722297668457,61.42408655590078,61.127780129337445,61.42408655590078,1685900,BND
2016-05-19,61.238922119140625,61.25374055521682,61.17965967799076,61.2092908985657,1464000,BND
2016-05-20,61.238922119140625,61.31299734478924,61.20188733210505,61.23151855267998,2044000,BND
2016-05-23,61.253726959228516,61.31298373564818,61.20927731244351,61.283358173226446,1310700,BND
2016-05-24,61.224098205566406,61.26113298586995,61.157426558497754,61.25372942075509,2656800,BND
2016-05-25,61.20188522338867,61.261142010919386,61.17965757004024,61.23892000914821,1474800,BND
2016-05-26,61.30559158325195,61.35003558673429,61.2389199264512,61.27596036373798,1571700,BND
2016-05-27,61.28338623046875,61.34264303401784,61.22412377534088,61.33523946581094,2045600,BND
2016-05-31,61.3352165222168,61.40188252061389,61.187060439817685,61.231510090325756,1361400,BND
2016-06-01,61.35675048828125,61.4458202939781,61.312209922296645,61.41612847103376,1625600,BND
2016-06-02,61.475486755371094,61.52744600830399,61.40868442865757,61.42352750243819,1503200,BND
2016-06-03,61.86151885986328,61.88379198319838,61.73533280998976,61.77244901907651,1964500,BND
2016-06-06,61.76500701904297,61.79469884521168,61.70562336670555,61.77985576369572,1603100,BND
2016-06-07,61.77241897583008,61.831802616232075,61.757570234161754,61.81695387456375,1283100,BND
2016-06-08,61.846656799316406,61.85408117148361,61.7946975204193,61.83181371811866,1374500,BND
2016-06-09,61.906044006347656,61.95800328822938,61.88377655170363,61.95800328822938,1611200,BND
2016-06-10,61.96541213989258,62.03963885782622,61.92829594935798,61.972830847491046,1575300,BND
2016-06-13,61.98023986816406,62.039623493058215,61.96539679350761,62.02477475526759,1681500,BND
2016-06-14,61.97283172607422,62.06933155757803,61.957988647531295,62.06933155757803,1524200,BND
2016-06-15,62.113861083984375,62.16582034909403,62.00994255376506,62.02478563102417,1345100,BND
2016-06-16,62.1806640625,62.28458825691769,62.12128608972089,62.21778025073026,1111400,BND
2016-06-17,62.091583251953125,62.15838558314947,62.04704270135468,62.136118139417356,1860800,BND
2016-06-20,61.95057678222656,62.002536062318946,61.935733700687365,61.96542552690256,2347500,BND
2016-06-21,61.868927001953125,61.98026993686229,61.854083920095796,61.965426855004964,1785100,BND
2016-06-22,61.89118194580078,61.92087376665054,61.84664704609404,61.89118194580078,1337700,BND
2016-06-23,61.779850006103516,61.88376855644088,61.77242563446906,61.80953616636882,1152800,BND
2016-06-24,62.12870407104492,62.292006236333954,62.10643662362099,62.23262260111337,2030400,BND
2016-06-27,62.44048309326172,62.47759362848388,62.35883198738151,62.47017491932151,2465500,BND
2016-06-28,62.514705657958984,62.5369731102347,62.440478929327824,62.5369731102347,2971800,BND
2016-06-29,62.492431640625,62.59635018241888,62.44789107761634,62.5889258113948,2425700,BND
2016-06-30,62.57407760620117,62.65572869136948,62.492426521032854,62.507269598729216,3362300,BND
2016-07-01,62.74809646606445,62.82990669108481,62.65140855967336,62.80015700251623,2531600,BND
2016-07-05,62.96376419067383,63.00094703792314,62.837326622345344,62.91913683013424,3193800,BND
2016-07-06,63.0753173828125,63.0753173828125,62.94144665171006,63.02325685817109,1936800,BND
2016-07-07,62.971214294433594,63.04558568310932,62.90428174687741,62.971214294433594,2032500,BND
2016-07-08,63.134857177734375,63.15716803484395,62.978675503792076,63.06792460640564,1748000,BND
2016-07-11,62.94892501831055,63.097667846637265,62.92661416147905,63.075356989805776,2617100,BND
2016-07-12,62.696048736572266,62.86710238806667,62.64398818948605,62.86710238806667,1775400,BND
2016-07-13,62.80758285522461,62.86708222543319,62.792710849758585,62.85221021996717,1352500,BND
2016-07-14,62.7109375,62.762998060994164,62.651438094813635,62.6960654857912,1621500,BND
2016-07-15,62.510093688964844,62.66627527097977,62.47290516622095,62.66627527097977,2233900,BND
2016-07-18,62.53241729736328,62.62909953239198,62.472917918496506,62.62166069149036,2155800,BND
2016-07-19,62.62915802001953,62.644035715716626,62.55478656406917,62.59940830280371,1559600,BND
2016-07-20,62.562198638916016,62.59194834340068,62.51013807461183,62.59194834340068,1688100,BND
2016-07-21,62.636539459228516,62.6439783002591,62.435730470614985,62.510107532574466,2076000,BND
2016-07-22,62.64399337768555,62.68117624344145,62.53986660071522,62.57705514064566,1612000,BND
2016-07-25,62.6068000793457,62.681171479379465,62.57705038449737,62.64398861644964,1204600,BND
2016-07-26,62.59934616088867,62.6737175430111,62.554724466449755,62.6737175430111,2385100,BND
2016-07-27,62.78524398803711,62.7852439880371,62.62162363007561,62.63650130307377,1575400,BND
2016-07-28,62.74809646606445,62.80759016902869,62.67371940755656,62.74065762537908,1418900,BND
2016-07-29,62.94892501831055,62.94892501831054,62.80018218998382,62.837365059977905,2757900,BND
2016-08-01,62.751461029052734,62.92285453155939,62.74400765452836,62.78126884189124,3705700,BND
2016-08-02,62.69186019897461,62.78128365859452,62.63225024448833,62.729121395131315,4575700,BND
2016-08-03,62.69186019897461,62.729121395131315,62.58008798102514,62.69186019897461,3472400,BND
2016-08-04,62.80360794067383,62.878124611940194,62.77380013511576,62.796154567969914,1202000,BND
2016-08-05,62.59495162963867,62.7812461285364,62.5800505712399,62.7812461285364,2018700,BND
2016-08-08,62.60240173339844,62.647110591517716,62.5055249604645,62.565140561461284,1843100,BND
2016-08-09,62.78124237060547,62.78124237060547,62.63220905451082,62.63965674063594,2262700,BND
2016-08-10,62.86320114135742,62.885555566242324,62.78123112660906,62.82593997637887,1672200,BND
2016-08-11,62.69926452636719,62.88555899089413,62.6545556741626,62.88555899089413,1760100,BND
2016-08-12,62.84086608886719,62.94519056066129,62.82595934417813,62.900481697108766,1606000,BND
2016-08-15,62.7365608215332,62.83343195063627,62.72910744690711,62.75891526015245,1942500,BND
2016-08-16,62.70671463012695,62.76633022013132,62.67690683512477,62.75887685006688,2163100,BND
2016-08-17,62.80360794067383,62.84831680638213,62.70673683655331,62.736544642111376,2024600,BND
2016-08-18,62.87067413330078,62.90048193753551,62.77379734822359,62.83341295669304,1750900,BND
2016-08-19,62.7440071105957,62.78872167209531,62.65458935811434,62.75891385951522,1995100,BND
2016-08-22,62.83345031738281,62.85580476253645,62.76638698192191,62.81109587222918,1388100,BND
2016-08-23,62.86320114135742,62.930264416012136,62.833393346425694,62.92281673122088,1668300,BND
2016-08-24,62.85579299926758,62.930309697587695,62.833438558297516,62.915408632027535,2083300,BND
2016-08-25,62.78864669799805,62.8780643437084,62.78119333243814,62.833355520853225,1737800,BND
2016-08-26,62.63220977783203,62.96008421407811,62.63220977783204,62.87811418370243,2874500,BND
2016-08-29,62.848323822021484,62.84832382202148,62.72909827173789,62.766359454159264,1446800,BND
2016-08-30,62.79615020751953,62.86321918668243,62.766348089288456,62.86321918668243,4750700,BND
2016-08-31,62.751461029052734,62.85578553135801,62.751461029052734,62.81853002925411,1911900,BND
2016-09-01,62.83806610107422,62.86046468941051,62.64393550801406,62.64393550801406,3108600,BND
2016-09-02,62.74845886230469,62.81565461961512,62.673795010908634,62.81565461961512,1797500,BND
2016-09-06,62.93514633178711,62.979943521117214,62.733547586823676,62.793280970256475,4316100,BND
2016-09-07,62.942527770996094,63.0171915492472,62.92759159745719,63.0171915492472,1849500,BND
2016-09-08,62.703670501708984,62.875396814401725,62.62153854468636,62.845530130349175,3475600,BND
2016-09-09,62.427398681640625,62.57672638325388,62.39753200202064,62.502062532447255,2888900,BND
2016-09-12,62.44975280761719,62.47961946597432,62.35269044031848,62.38255709867561,3191000,BND
2016-09-13,62.27057647705078,62.54683317752351,62.188444567049636,62.54683317752351,2669800,BND
2016-09-14,62.35271453857422,62.41991027348579,62.27058262047019,62.28551310717782,2124500,BND
2016-09-15,62.404972076416016,62.427370651952444,62.2705749267133,62.322840168459685,1817200,BND
2016-09-16,62.45726776123047,62.48713444199811,62.382603907554824,62.45726776123047,1307800,BND
2016-09-19,62.412445068359375,62.472178410922105,62.39004648901962,62.44977983158235,1558100,BND
2016-09-20,62.427398681640625,62.5393973060939,62.427398681640625,62.46473345528727,1260900,BND
2016-09-21,62.60655212402344,62.60655212402344,62.367624539786604,62.382560718073066,1979800,BND
2016-09-22,62.73351287841797,62.793246228802246,62.65138664224687,62.67378522451951,1473900,BND
2016-09-23,62.718597412109375,62.778330776801646,62.7036669191799,62.74099599974718,1441500,BND
2016-09-26,62.8231201171875,62.845518702031896,62.755924362654305,62.7783229474987,1709200,BND
2016-09-27,62.897762298583984,62.920160875712554,62.81563038478953,62.91269848099271,2458100,BND
2016-09-28,62.897762298583984,62.942565149325645,62.85296514432683,62.897762298583984,2284600,BND
2016-09-29,62.9052848815918,62.95008207465459,62.800754300118996,62.82315289665039,2886200,BND
2016-09-30,62.8231201171875,62.927650644119005,62.73352008132343,62.90525205927461,1663600,BND
2016-10-03,62.756568908691406,62.8463407609968,62.71916254337831,62.80145198113909,1509200,BND
2016-10-04,62.54707336425781,62.726611265021795,62.53959095373228,62.71912885449627,1815500,BND
2016-10-05,62.44233322143555,62.59194716540074,62.419891700581374,62.58447046338676,2666100,BND
2016-10-06,62.41994094848633,62.509707102726445,62.37505216395566,62.43490007172281,1148500,BND
2016-10-07,62.47229766845703,62.48725678959293,62.322677920049024,62.47977437532007,1783300,BND
2016-10-10,62.40492630004883,62.41240870939918,62.32263691941318,62.375002370053494,1425500,BND
2016-10-11,62.3077278137207,62.41245879905409,62.30024539836528,62.37505242968761,1476700,BND
2016-10-12,62.34512710571289,62.3600919360949,62.262843368253876,62.315208859769896,1286400,BND
2016-10-13,62.41994094848633,62.494747979489965,62.412458533162784,62.47978314884286,1625500,BND
2016-10-14,62.292724609375,62.43486187651531,62.28524790603603,62.34509006978347,1379900,BND
2016-10-17,62.42738342285156,62.442348245292344,62.300210969142384,62.337617317836845,1008900,BND
2016-10-18,62.509666442871094,62.51714885332766,62.367534888637856,62.37501159168751,1167300,BND
2016-10-19,62.5545539855957,62.5545539855957,62.46478218407789,62.47226459438941,1546400,BND
2016-10-20,62.51715850830078,62.599447913810785,62.48723456926007,62.56204156315795,1283200,BND
2016-10-21,62.56951904296875,62.5770014539911,62.487229643944886,62.539595106286676,1018800,BND
2016-10-24,62.47977828979492,62.57703255920575,62.427412801423785,62.57703255920575,1453900,BND
2016-10-25,62.47977828979492,62.53962619290771,62.43489521616542,62.44986004564871,1462100,BND
2016-10-26,62.3675422668457,62.427384435356934,62.34509503282047,62.38250138212162,1144500,BND
2016-10-27,62.19550704956055,62.240390121558,62.10573519815567,62.21794858555928,1848200,BND
2016-10-28,62.165550231933594,62.22539810122839,62.14310870779979,62.15806782142001,1574400,BND
2016-10-31,62.232845306396484,62.277728329273614,62.19543898239639,62.247804411554284,1664700,BND
2016-11-01,62.21266174316406,62.26513002432339,62.0852395915791,62.13021077011174,1623500,BND
2016-11-02,62.27266311645508,62.36260552550115,62.212697698013,62.25766890253603,3138400,BND
2016-11-03,62.23514938354492,62.310103256440854,62.220160896411315,62.257634973552314,2335700,BND
2016-11-04,62.34757614135742,62.39254731638742,62.27262227676965,62.27262227676965,1047000,BND
2016-11-07,62.26512908935547,62.33259157475516,62.25763198684135,62.33259157475516,1290000,BND
2016-11-08,62.15263748168945,62.310042176056704,62.13764900924853,62.302550799140406,2509100,BND
2016-11-09,61.53809356689453,61.92036591478695,61.478128155731724,61.83791490409219,3448800,BND
2016-11-10,61.275699615478516,61.53804091659313,61.26820251584339,61.45558997644119,2836000,BND
2016-11-11,61.16327667236328,61.33567568239713,61.14079108814419,61.253224727852135,1580900,BND
2016-11-14,60.930938720703125,61.0883435823503,60.87097332999532,61.04337239862665,2079400,BND
2016-11-15,61.01340866088867,61.11084816210369,60.990923062040295,61.03589425973705,2098100,BND
2016-11-16,61.14078140258789,61.1482785023441,61.028347780691,61.065827560860484,1629100,BND
2016-11-17,60.89345169067383,61.07334784143432,60.87846320408399,61.043365149640906,1762200,BND
2016-11-18,60.7435302734375,60.97588893425192,60.713547588394924,60.92342066508052,1561600,BND
2016-11-21,60.73603820800781,60.82598627059293,60.71355262201476,60.78850648152923,2074000,BND
2016-11-22,60.78853988647461,60.87848799848864,60.76605428812511,60.85600240013915,1866900,BND
2016-11-23,60.63108825683594,60.71353919965773,60.48867195221434,60.63108825683593,1642900,BND
2016-11-25,60.6535758972168,60.70604416092014,60.57862205172799,60.64608451569621,942700,BND
2016-11-28,60.79599380493164,60.818479387308216,60.713542857142855,60.721039957472385,1352600,BND
2016-11-29,60.8409309387207,60.89339917445563,60.713508897451426,60.7210059935875,1583600,BND
2016-11-30,60.63108825683594,60.74352188055763,60.563631513769906,60.66107093773583,2372200,BND
2016-12-01,60.405765533447266,60.473355955738235,60.285597142782095,60.44331958801619,2998200,BND
2016-12-02,60.62358474731445,60.7362412150898,60.54097038627559,60.54848234544621,1951400,BND
2016-12-05,60.69868850708008,60.76628468123588,60.48839948516621,60.53345978130601,2479500,BND
2016-12-06,60.69119644165039,60.74376871436147,60.661154324394346,60.721238558906435,2337800,BND
2016-12-07,60.83384323120117,60.87890350371657,60.75874086702782,60.78127100328552,4273100,BND
2016-12-08,60.71370315551758,60.758769178975626,60.6686428620053,60.75125722007499,2323000,BND
2016-12-09,60.53346633911133,60.72122523329588,60.48089407793752,60.68367689242701,2697000,BND
2016-12-12,60.46588897705078,60.52596748143594,60.405804742717656,60.45837701527215,3464800,BND
2016-12-13,60.53346633911133,60.608568750795804,60.44334573706865,60.57102040992693,4372500,BND
2016-12-14,60.22553634643555,60.668644524638424,60.218024387329045,60.65362633637134,2971300,BND
2016-12-15,60.135398864746094,60.2780974115525,60.127886907033954,60.23303139522451,2651200,BND
2016-12-16,60.1879997253418,60.2856323022398,60.10538534106364,60.19551168662551,3080100,BND
2016-12-19,60.34568405151367,60.38323810777119,60.26306971170274,60.338172094273276,2936800,BND
2016-12-20,60.35320281982422,60.36071477791238,60.23303441019435,60.255570284458805,5853400,BND
2016-12-21,60.443302154541016,60.45832033407039,60.37570602180234,60.41326006553967,2752300,BND
2016-12-22,60.40190124511719,60.44707659483026,60.36425129063863,60.36425129063863,2851500,BND
2016-12-23,60.43206024169922,60.507354456143744,60.43206024169921,60.507354456143744,2096800,BND
2016-12-27,60.386863708496094,60.386863708496094,60.326631799058,60.33415719737597,2178300,BND
2016-12-28,60.537452697753906,60.590159204393885,60.37180203557728,60.41697739996059,4097100,BND
2016-12-29,60.703147888183594,60.72573558694425,60.597734797578795,60.642910195100114,3115800,BND
2016-12-30,60.83113098144531,60.86124981922532,60.70313022931597,60.71065563032528,2338200,BND
2017-01-03,60.83861541748047,60.86872848755989,60.61272717984918,60.65037713431323,3312600,BND
2017-01-04,60.88382339477539,60.89887993788389,60.80099804622964,60.868761107087295,3095000,BND
2017-01-05,61.1924934387207,61.20002457789799,60.91390447949763,60.974142103763825,3890400,BND
2017-01-06,60.9515495300293,61.08708131421647,60.95154953002929,61.06449364094796,2287900,BND
2017-01-09,61.1021842956543,61.124771983969474,61.05700317444402,61.117240839671105,1785900,BND
2017-01-10,61.08714294433594,61.12479293415217,61.03443640534235,61.09467409121556,2250700,BND
2017-01-11,61.1171989440918,61.31296834959076,61.03437364732593,61.094611271260376,2327600,BND
2017-01-12,61.132266998291016,61.30544300274466,61.10214818347809,61.267798792660905,2981200,BND
2017-01-13,61.03440856933594,61.10217737118141,60.921470140558945,61.079589685426015,2425000,BND
2017-01-17,61.222633361816406,61.290402148628104,61.147339177808526,61.245221042560964,2188600,BND
2017-01-18,60.906402587890625,61.14734745608233,60.89887144509685,61.14734745608233,1981700,BND
2017-01-19,60.800968170166016,60.86873119772663,60.71814286231854,60.82355584601956,2121300,BND
2017-01-20,60.84617233276367,60.87629116302202,60.70311506976086,60.74075929914918,1836300,BND
2017-01-23,61.011837005615234,61.13231235425134,60.85371741896596,60.85371741896596,1490200,BND
2017-01-24,60.921478271484375,61.02689131546477,60.85370946059409,60.96665364902453,2136000,BND
2017-01-25,60.74073791503906,60.831094374003634,60.703093698903594,60.79344441329069,1897400,BND
2017-01-26,60.763309478759766,60.785902895942066,60.62777769854567,60.70307760000146,2381600,BND
2017-01-27,60.83113098144531,60.86877522023463,60.793480998075076,60.793480998075076,1768700,BND
2017-01-30,60.81604766845703,60.90640415056424,60.80099112706196,60.82357881144403,2699500,BND
2017-01-31,60.94405746459961,61.00428937806342,60.838644435313874,60.838644435313874,2857600,BND
2017-02-01,60.836875915527344,60.92742028427373,60.73879050011189,60.784059806223,2313400,BND
2017-02-02,60.87461853027344,61.00288543218527,60.86707172530053,60.957616115398864,1745400,BND
2017-02-03,60.889713287353516,61.070802088082004,60.821809304474975,61.01043915450584,2398900,BND
2017-02-06,61.078304290771484,61.123579340421166,60.96513105795359,61.08585109180019,3238100,BND
2017-02-07,61.17646408081055,61.229280234231524,61.04065029250963,61.08591963643361,5239300,BND
2017-02-08,61.34243392944336,61.380156448237635,61.176438728474096,61.176438728474096,2172700,BND
2017-02-09,61.17646408081055,61.282096387652494,61.13873578985458,61.22173342473453,3410400,BND
2017-02-10,61.16135025024414,61.18398491472621,61.07081159231588,61.07835264279184,2011900,BND
2017-02-13,61.09343338012695,61.123614845250714,61.025523644467015,61.100980185539356,1863000,BND
2017-02-14,60.96516036987305,61.09342726641879,60.859528130773576,61.07079260897252,2178300,BND
2017-02-15,60.8670768737793,60.90480514530959,60.814260747552495,60.82180755316376,1503700,BND
2017-02-16,60.98027801513672,61.07082244568342,60.91237400962277,60.91991506143892,3290700,BND
2017-02-17,61.12361145019531,61.15379291364267,61.08588318175472,61.11606464520208,1520000,BND
2017-02-21,61.11604690551758,61.17640981489122,61.04059614706245,61.07077760174928,1811300,BND
2017-02-22,61.15382385253906,61.244362532160864,61.02555112886074,61.244362532160864,1965800,BND
2017-02-23,61.26700973510742,61.26700973510742,61.214193575680916,61.24437506057173,1590500,BND
2017-02-24,61.49336624145508,61.50845410520578,61.357552441580864,61.38773392561174,1703800,BND
2017-02-27,61.36506652832031,61.47069878783442,61.33488506038394,61.463151981718724,2005600,BND
2017-02-28,61.31977844238281,61.42541643601777,61.31223739439296,61.365053512947846,1975700,BND
2017-03-01,61.068817138671875,61.09149589572744,61.01589811629528,61.068817138671875,2954300,BND
2017-03-02,60.95539093017578,61.023432939328906,60.88735468876099,61.01587143437004,2077300,BND
2017-03-03,61.00075912475586,61.00075912475586,60.87979810658635,60.96295736464319,2242600,BND
2017-03-06,60.962955474853516,61.02343598206344,60.91003647297949,61.02343598206344,1880900,BND
2017-03-07,60.84956741333008,60.95540543698932,60.84956741333008,60.93272668445372,1644800,BND
2017-03-08,60.7059440612793,60.743740066235226,60.63790202397347,60.660580780495174,2172700,BND
2017-03-09,60.51695251464844,60.615229058211376,60.49426798821889,60.600111808332954,2761300,BND
2017-03-10,60.63789749145508,60.65302050649963,60.55473821193095,60.58497847427976,3430900,BND
2017-03-13,60.51695251464844,60.637907816899656,60.50182949702874,60.56987154083483,2164600,BND
2017-03-14,60.509368896484375,60.584966653736586,60.49424588439043,60.501807390437406,3620700,BND
2017-03-15,60.88738250732422,60.894944015737835,60.5774241075169,60.60010863275773,2281200,BND
2017-03-16,60.796653747558594,60.87981302599472,60.789098007875474,60.84201702435844,2617800,BND
2017-03-17,60.91762924194336,60.94030800185142,60.83446994378606,60.83446994378606,1293000,BND
2017-03-20,61.03855895996094,61.04612046600729,60.910042195868854,60.92515944022238,1510900,BND
2017-03-21,61.18220520019531,61.18220520019531,60.978090657292036,61.008325149193446,2079000,BND
2017-03-22,61.265380859375,61.31829988596677,61.19733881504769,61.235140591645234,1339600,BND
2017-03-23,61.23511505126953,61.31071280519245,61.151955791632645,61.28803405578947,1790300,BND
2017-03-24,61.21998977661133,61.28802601589515,61.18218802073933,61.18974952546136,3736700,BND
2017-03-27,61.34857177734375,61.401490831213955,61.30320846849479,61.38636780568287,1870300,BND
2017-03-28,61.23511505126953,61.40899507625727,61.20487479615258,61.40899507625727,1990800,BND
2017-03-29,61.3560676574707,61.356067657470696,61.25778539988414,61.27290840923813,1356800,BND
2017-03-30,61.2578010559082,61.31828157330528,61.21244355173019,61.310720066695744,1403500,BND
2017-03-31,61.29563903808594,61.31075629249753,61.242719996030885,61.242719996030885,2399400,BND
2017-04-03,61.518348693847656,61.518348693847656,61.29864538392556,61.344100443889445,2142600,BND
2017-04-04,61.450130462646484,61.5031632618935,61.42740294584657,61.5031632618935,1983200,BND
2017-04-05,61.503173828125,61.54862886953401,61.38195267751087,61.419835732113434,2050500,BND
2017-04-06,61.52595138549805,61.54110693172154,61.41230790941112,61.50322384631012,1855300,BND
2017-04-07,61.389583587646484,61.63959809211152,61.374433820776304,61.59414301135337,1608200,BND
2017-04-10,61.450130462646484,61.510741027540675,61.419825180199396,61.45770822829366,1481700,BND
2017-04-11,61.64711380004883,61.677419083425804,61.54104819830032,61.54862018403822,1340500,BND
2017-04-12,61.79106140136719,61.79106140136718,61.616813233787134,61.639540753024335,1801600,BND
2017-04-13,61.882015228271484,61.91989830367275,61.760794011104025,61.828982390797165,1393500,BND
2017-04-17,61.84414291381836,61.9199090778043,61.77596030240715,61.88960376823928,1494600,BND
2017-04-18,62.0638313293457,62.10171439867694,61.91231061231043,61.91231061231043,1782800,BND
2017-04-19,61.950172424316406,61.995633252185264,61.912295144592996,61.995633252185264,1437000,BND
2017-04-20,61.86681365966797,61.92741843735621,61.8062031018388,61.92741843735621,1425700,BND
2017-04-21,61.882015228271484,61.96535337003766,61.86686546619843,61.91989830367275,1241700,BND
2017-04-24,61.79865646362305,61.81380622064045,61.69259082406966,61.730473886828946,2665700,BND
2017-04-25,61.609249114990234,61.7153147483543,61.57136605444157,61.67743746794914,1670900,BND
2017-04-26,61.669898986816406,61.68504875260098,61.56383328588285,61.586560824633295,1876200,BND
2017-04-27,61.71529769897461,61.76833050100588,61.647115144995226,61.68499241493647,1543100,BND
2017-04-28,61.783485412597656,61.81378491618958,61.63953675989766,61.66984204363144,2100000,BND
2017-05-01,61.66813659667969,61.80478910127517,61.59980744834277,61.751640990302924,1478100,BND
2017-05-02,61.774383544921875,61.781971162935704,61.64531874171407,61.67568658999386,1664300,BND
2017-05-03,61.706050872802734,61.83510987647849,61.66050199905234,61.79715441237799,2948400,BND
2017-05-04,61.63772201538086,61.64530963227346,61.56179950986319,61.599760762622026,1216100,BND
2017-05-05,61.67570877075195,61.67570877075195,61.56942415958641,61.64534091155081,1658900,BND
2017-05-08,61.56940841674805,61.65291856017904,61.539040565311744,61.6377375304986,1832300,BND
2017-05-09,61.53907012939453,61.56943799541991,61.49352122639556,61.53148250694684,2532200,BND
2017-05-10,61.531455993652344,61.64532820208336,61.50108814071216,61.59977931871095,1845500,BND
2017-05-11,61.57699966430664,61.57699966430664,61.440347233681834,61.49348952380952,1421500,BND
2017-05-12,61.759254455566406,61.78202891504647,61.68333765993945,61.71370553660628,1510300,BND
2017-05-15,61.74407196044922,61.789620878337594,61.721297501505035,61.721297501505035,1823500,BND
2017-05-16,61.80476379394531,61.8806805338396,61.76680252796018,61.76680252796018,1760600,BND
2017-05-17,62.13882827758789,62.15401510806365,61.97180789482694,61.97180789482694,1987100,BND
2017-05-18,62.08567810058594,62.169188281401496,62.055310235555005,62.15400724492503,1881800,BND
2017-05-19,62.123634338378906,62.123634338378906,62.02493733701843,62.108447511056895,1394700,BND
2017-05-22,62.07048034667969,62.100848203531655,62.05529352221548,62.100848203531655,1570700,BND
2017-05-23,61.94142532348633,62.13122011483234,61.933837702128194,62.13122011483234,1679500,BND
2017-05-24,62.07048034667969,62.07806796683534,61.93382788688409,61.971783363891696,1568700,BND
2017-05-25,62.07048034667969,62.09325479129955,62.01733804520787,62.07806796683534,1108400,BND
2017-05-26,62.10086441040039,62.10845203253623,62.04772209505967,62.078084167758966,952700,BND
2017-05-30,62.19195556640625,62.19195556640624,62.116038808615045,62.15400008354932,1283300,BND
2017-05-31,62.222347259521484,62.2603085489952,62.17679834581669,62.19197938635843,2290100,BND
2017-06-01,62.23904037475586,62.246649754773706,62.147751031567005,62.16296398734637,1710900,BND
2017-06-02,62.44448471069336,62.46730705807828,62.36079890077582,62.37601186427935,1795200,BND
2017-06-05,62.34559631347656,62.39124682435327,62.33038334602483,62.368424471045294,1916200,BND
2017-06-06,62.459678649902344,62.497719753463294,62.42164335059889,62.46728803146603,3262500,BND
2017-06-07,62.37599563598633,62.459681424131425,62.360782676440735,62.44446846458584,1743500,BND
2017-06-08,62.33037185668945,62.360803590244196,62.23907665602521,62.360803590244196,1827800,BND
2017-06-09,62.277099609375,62.31514071628772,62.20862677778369,62.23145492448613,1404500,BND
2017-06-12,62.261878967285156,62.34556475656306,62.20862490176812,62.22384366577746,2053900,BND
2017-06-13,62.277099609375,62.299921951819435,62.22384554225198,62.23905850246227,1515100,BND
2017-06-14,62.50533676147461,62.63466724254981,62.44447331005397,62.54337206541886,2472800,BND
2017-06-15,62.43684768676758,62.48249236133107,62.40641596897303,62.48249236133107,2063400,BND
2017-06-16,62.50533676147461,62.51294033970854,62.436863927561845,62.44447331005397,1376200,BND
2017-06-19,62.41401672363281,62.49009310547682,62.3911943895052,62.45966139188804,1776500,BND
2017-06-20,62.50533676147461,62.54337206541886,62.44447331005397,62.46729565327216,1864100,BND
2017-06-21,62.53578567504883,62.55861383091829,62.45970923493161,62.49775035712038,1249600,BND
2017-06-22,62.55857467651367,62.58900059010921,62.50532062133644,62.566178252784205,1195100,BND
2017-06-23,62.57381820678711,62.59664055526307,62.52817350983518,62.55860524255631,1356000,BND
2017-06-26,62.642242431640625,62.68028352260304,62.619420098765396,62.64985181068422,4665500,BND
2017-06-27,62.42924880981445,62.528153360351354,62.41403585048597,62.528153360351354,2374200,BND
2017-06-28,62.42924880981445,62.45968053272906,62.34556302286368,62.44446757340059,1604300,BND
2017-06-29,62.2999153137207,62.36077875659282,62.22383891225925,62.261874210861286,1548100,BND
2017-06-30,62.2542610168457,62.307515070067936,62.20100696362347,62.28469273358076,1978100,BND
2017-07-03,62.261131286621094,62.39099973220624,62.207655701474174,62.38336452604357,1092500,BND
2017-07-05,62.299312591552734,62.322229860208076,62.222913924834984,62.25347222584209,1917100,BND
2017-07-06,62.15420150756836,62.20767711111966,62.108366941211145,62.19240086513514,1827500,BND
2017-07-07,62.1389274597168,62.17712682221782,62.11601017357795,62.15420953607897,2441500,BND
2017-07-10,62.169498443603516,62.22297406495154,62.15422219253505,62.19242156281461,2228800,BND
2017-07-11,62.23061752319336,62.26117585492349,62.16186564810492,62.200059191463225,1931500,BND
2017-07-12,62.375755310058594,62.42923092248403,62.34519698461482,62.41394884555984,1378800,BND
2017-07-13,62.35285186767578,62.37576915974593,62.2611768709893,62.36812811958724,1321400,BND
2017-07-14,62.375755310058594,62.52854110887281,62.3604732331344,62.47506549644737,1201700,BND
2017-07-17,62.45977020263672,62.482687482630425,62.383377326523394,62.42921188651082,1432500,BND
2017-07-18,62.604949951171875,62.62023203198778,62.54383911312656,62.56675640594432,1607300,BND
2017-07-19,62.6125602722168,62.643118590449795,62.58964299064286,62.620201308875856,1589100,BND
2017-07-20,62.6507682800293,62.71187909653228,62.620209957575774,62.65840348933963,1646800,BND
2017-07-21,62.719505310058594,62.76534569710621,62.688946994827745,62.688946994827745,1942000,BND
2017-07-24,62.688941955566406,62.719500268340816,62.643107400605885,62.71185923304666,1417400,BND
2017-07-25,62.45213317871094,62.57436645106734,62.44449214208785,62.566725414444264,1385000,BND
2017-07-26,62.604949951171875,62.64314932480554,62.43688786103963,62.45980515385738,1583000,BND
2017-07-27,62.52854919433594,62.5667485631813,62.482714614445804,62.52854919433594,1224000,BND
2017-07-28,62.64311218261719,62.643112182617195,62.520878922188565,62.520878922188565,1867100,BND
2017-07-31,62.6354866027832,62.64312764054617,62.57437578589173,62.61256931789839,2561600,BND
2017-08-01,62.890193939208984,62.897861131786456,62.71374901200834,62.72142205740457,1783600,BND
2017-08-02,62.851829528808594,62.928542418167666,62.85182952880859,62.88251585511588,1336600,BND
2017-08-03,62.982234954833984,63.028267365535896,62.90552207408765,62.93620839694971,1904800,BND
2017-08-04,62.882476806640625,62.913163113892466,62.79041788488509,62.913163113892466,1046700,BND
2017-08-07,62.90550231933594,62.91317536084623,62.836462504190685,62.874816006110564,1257900,BND
2017-08-08,62.82109451293945,62.897807342842164,62.78273517158122,62.897807342842164,1929000,BND
2017-08-09,62.867191314697266,62.982263614588646,62.867191314697266,62.97459056717714,1808600,BND
2017-08-10,62.95921325683594,62.96688629972981,62.85948711048309,62.8901734292417,1376700,BND
2017-08-11,63.01290512084961,63.020578162802124,62.867146587832494,62.88249267173752,1153400,BND
2017-08-14,62.96693420410156,63.012960790847444,62.92857481326578,62.97460140001167,2082000,BND
2017-08-15,62.859474182128906,62.89782768307634,62.813441787050074,62.82878786968157,1419600,BND
2017-08-16,62.95149612426758,63.005195681281094,62.82108375049372,62.844097010240546,1594800,BND
2017-08-17,63.06660842895508,63.06660842895508,62.91318269775156,62.94386901455556,1723600,BND
2017-08-18,63.03594207763672,63.13567410204214,62.982242469425465,63.1049877755188,1663100,BND
2017-08-21,63.06660842895508,63.1049677881642,63.03592211215108,63.0742814713602,1258400,BND
2017-08-22,62.98985290527344,63.05889268171486,62.98217986806466,63.051225497318605,1157400,BND
2017-08-23,63.1739616394043,63.1739616394043,63.058889498331894,63.08190860879615,1237800,BND
2017-08-24,63.08195495605469,63.15099477973539,63.06660887113686,63.081954956054695,1540200,BND
2017-08-25,63.158634185791016,63.17397440972259,63.06657528376138,63.089588546065436,1453100,BND
2017-08-28,63.18936538696289,63.20470562179478,63.120319698175486,63.15867906448155,1408700,BND
2017-08-29,63.258392333984375,63.3504512826713,63.20469274378775,63.30441888191965,2054300,BND
2017-08-30,63.250709533691406,63.25838257476899,63.204682992856895,63.2430423454293,1150700,BND
2017-08-31,63.30443572998047,63.33512205437641,63.250736125492054,63.27375525840246,1696700,BND
2017-09-01,63.19987106323242,63.29212453842618,63.15374725822742,63.276746026635344,1471200,BND
2017-09-05,63.461246490478516,63.49199178055013,63.33055261435,63.38436566975004,2008400,BND
2017-09-06,63.35364532470703,63.51508455447266,63.34595606656996,63.48433338710986,1586500,BND
2017-09-07,63.55348587036133,63.5842370216384,63.43048713043543,63.44585977348277,1899100,BND
2017-09-08,63.484344482421875,63.55353022219085,63.46128256916555,63.55353022219085,2702200,BND
2017-09-11,63.292083740234375,63.39970979265927,63.26902185259761,63.36126940314468,1423100,BND
2017-09-12,63.19987106323242,63.284435282530765,63.15374725822742,63.23831147752576,1604300,BND
2017-09-13,63.12297058105469,63.19984551337932,63.11528132826781,63.184472872986944,1594000,BND
2017-09-14,63.161434173583984,63.17680681962141,63.099931859067205,63.099931859067205,1325200,BND
2017-09-15,63.16915512084961,63.23065747193224,63.123031290131145,63.192217036208845,1536200,BND
2017-09-18,63.12297058105469,63.14603247423394,63.06915754190931,63.13065983384157,1756300,BND
2017-09-19,63.076881408691406,63.14606712619543,63.076881408691406,63.12300522036076,1220000,BND
2017-09-20,63.02307891845703,63.14607772528222,62.95388732415458,63.138388466985155,1672500,BND
2017-09-21,63.007694244384766,63.10763113173792,62.99232159447852,63.046134666927905,1168200,BND
2017-09-22,63.06916809082031,63.13067039303941,63.04610619378374,63.12298113896643,1394100,BND
2017-09-25,63.20759201049805,63.21528127024875,63.076903920669594,63.092276574984304,2626100,BND
2017-09-26,63.17682647705078,63.17682647705078,63.1076348853946,63.1691372190478,1446500,BND
2017-09-27,62.98463439941406,63.023074823215964,62.93082132520252,62.976945141616646,1511900,BND
2017-09-28,63.00001907348633,63.00001907348633,62.884709510444,62.923144076396,1198400,BND
2017-09-29,63.007694244384766,63.015383501930394,62.90775735703162,63.00000498683914,3001200,BND
2017-10-02,62.983062744140625,63.013877080083084,62.92913912554973,62.9753576908466,3642600,BND
2017-10-03,63.01387405395508,63.029278282569734,62.944540332105774,62.95224538502978,2752100,BND
2017-10-04,63.01387405395508,63.07549684564704,62.967649613644426,63.067797669956384,2616700,BND
2017-10-05,62.96762466430664,63.029253308813146,62.921406119542276,63.029253308813146,2859800,BND
2017-10-06,62.898292541503906,62.952216132448044,62.79814453172864,62.852068122672776,1860000,BND
2017-10-09,62.9599609375,62.967660114474604,62.89833225829716,62.90603731250609,987800,BND
2017-10-10,62.9907341003418,63.08317706734172,62.95222060534844,62.97532987779066,4719400,BND
2017-10-11,63.02153778076172,63.03694787794172,62.98302429227181,62.998428512221764,1249500,BND
2017-10-12,63.07546615600586,63.08317120518094,62.990728246771496,63.0600619348862,1723400,BND
2017-10-13,63.206451416015625,63.21415059075367,63.114008424065446,63.175637085365565,1772800,BND
2017-10-16,63.14483642578125,63.183349939507664,63.098617858416006,63.16794570946388,1471500,BND
2017-10-17,63.15248107910156,63.167885294412436,63.08314741713192,63.09085246340149,1381100,BND
2017-10-18,63.052364349365234,63.060069399452374,63.00614580330476,63.029255076335,1522900,BND
2017-10-19,63.08320236206055,63.17564536612771,63.05238802737149,63.09861246802177,1515800,BND
2017-10-20,62.9290771484375,62.97529566821502,62.89055779713767,62.96759062250948,1935600,BND
2017-10-23,62.983062744140625,63.02928130943749,62.95995346149219,62.95995346149219,2649700,BND
2017-10-24,62.875179290771484,62.92139782944642,62.85206414420377,62.882878462397144,2287200,BND
2017-10-25,62.821266174316406,62.82896534722537,62.7519324775172,62.7904518509869,1576700,BND
2017-10-26,62.744224548339844,62.85977678621556,62.72882032599753,62.852071736428925,1915600,BND
2017-10-27,62.88287353515625,62.88287353515625,62.76732719752266,62.79813563607176,1734400,BND
2017-10-30,63.02927780151367,63.044682030010755,62.94453985169646,62.975354185923926,1542600,BND
2017-10-31,62.9907341003418,63.052362745008416,62.9907341003418,63.04465769511733,1977100,BND
2017-11-01,63.031646728515625,63.08568464588009,62.931286389345,62.985324306709465,1596000,BND
2017-11-02,63.093421936035156,63.14745986702177,63.06254227694384,63.093421936035156,2373200,BND
2017-11-03,63.147491455078125,63.147491455078125,63.03169414798398,63.12432728190274,1370500,BND
2017-11-06,63.1937370300293,63.216895287492946,63.14742051510201,63.193737030029304,1336700,BND
2017-11-07,63.21693801879883,63.21693801879883,63.14746319944659,63.15517869735702,2450800,BND
2017-11-08,63.170616149902344,63.2246540791875,63.14745787873621,63.193774421068476,2312700,BND
2017-11-09,63.10885238647461,63.13973204241759,63.04709307458864,63.10885238647461,2115800,BND
2017-11-10,62.854095458984375,62.954455806542676,62.85409545898438,62.93901303475289,1724400,BND
2017-11-13,62.861820220947266,62.954459187585954,62.85409883463769,62.94673780127638,1698500,BND
2017-11-14,62.939022064208984,62.939022064208984,62.86954725026315,62.89270552157843,1659300,BND
2017-11-15,63.085716247558594,63.093437636676065,62.95448208103277,63.02395691400731,2859400,BND
2017-11-16,63.000797271728516,63.06255660394208,62.96991760562174,63.01623415993486,1637000,BND
2017-11-17,63.062538146972656,63.10113330103964,63.03165848990365,63.062538146972656,2257700,BND
2017-11-20,63.023921966552734,63.070238496186064,62.99304231690019,63.0316433513886,1528300,BND
2017-11-21,63.077938079833984,63.13969735779364,63.00074192722887,63.09338084416835,1925700,BND
2017-11-22,63.20918655395508,63.21690793788446,63.085673859536385,63.09339524346576,1631900,BND
2017-11-24,63.1937370300293,63.209173905108706,63.155136007797175,63.17829426526082,837000,BND
2017-11-27,63.170616149902344,63.21693269223461,63.13973649178331,63.20149580802137,1516900,BND
2017-11-28,63.170616149902344,63.263249234566864,63.170616149902344,63.2246540791875,1846700,BND
2017-11-29,63.01620864868164,63.06253107393585,62.993050380900385,63.03165142033028,1837400,BND
2017-11-30,62.92357635498047,63.05481046715677,62.88497531507365,63.039373585009116,3044100,BND
2017-12-01,63.09221649169922,63.285608529402424,62.92976788825133,63.04580429124457,2384800,BND
2017-12-04,63.099979400634766,63.10771673779875,63.01488639740798,63.053567181368884,1834000,BND
2017-12-05,63.177284240722656,63.18502157166198,63.053516454964864,63.11539739691663,1763900,BND
2017-12-06,63.246917724609375,63.31653600774739,63.23144306045306,63.23918039253122,1509300,BND
2017-12-07,63.16181564331055,63.277852000282024,63.099928799345186,63.16181564331055,1641000,BND
2017-12-08,63.138648986816406,63.185061197850985,63.09996820971562,63.13091165102466,1368300,BND
2017-12-11,63.09221649169922,63.200515560664485,63.07674772549988,63.169578028265796,1780800,BND
2017-12-12,63.08448028564453,63.08448028564453,63.01485608837471,63.07674295220207,2962800,BND
2017-12-13,63.26239013671875,63.316539660679645,63.09220423231154,63.13862232560335,2095400,BND
2017-12-14,63.285606384277344,63.29334371804306,63.13863245386723,63.177307318982976,1998800,BND
2017-12-15,63.29338836669922,63.301125705923035,63.17735188578425,63.24697613507746,2781800,BND
2017-12-18,63.19279861450195,63.270154266944544,63.16185517315333,63.270154266944544,1946900,BND
2017-12-19,62.999393463134766,63.09995520026263,62.93750659327604,63.09995520026263,3307700,BND
2017-12-20,62.87559127807617,62.94521545063298,62.85238518784193,62.87559127807617,2325500,BND
2017-12-21,62.914283752441406,62.952958609420016,62.867865661469814,62.89880908816581,3103400,BND
2017-12-22,62.945220947265625,62.96842703952632,62.90654019226141,62.92200895315034,2566700,BND
2017-12-26,63.00807189941406,63.039095787004705,62.95378157543083,63.00032036541755,1696400,BND
2017-12-27,63.20199966430664,63.225266112812626,63.00810470381724,63.07790996653982,1708000,BND
2017-12-28,63.16317367553711,63.1864401054239,63.116634898563674,63.17868265639501,2235000,BND
2017-12-29,63.26402282714844,63.26402282714844,63.17870860439108,63.20973249604851,2531500,BND
2018-01-02,63.08560562133789,63.20970112638157,62.99253990975449,63.17091980175558,3104500,BND
2018-01-03,63.139869689941406,63.155378661574545,63.04679810855354,63.155378661574545,2216700,BND
2018-01-04,63.10890579223633,63.10890579223633,63.01583412241666,63.07788190229644,2152400,BND
2018-01-05,63.023563385009766,63.101120116568914,62.97702461231482,63.0933626682532,4257400,BND
2018-01-08,63.03131103515625,63.0778498049857,62.98477818252575,63.0778498049857,2587300,BND
2018-01-09,62.84518051147461,63.00029989903546,62.829671531318326,62.96927602152329,2725200,BND
2018-01-10,62.8529167175293,62.86067416358542,62.682288407480016,62.7288212494216,3411400,BND
2018-01-11,62.8529167175293,62.91496445158314,62.79086898347545,62.829650296558505,3381600,BND
2018-01-12,62.84518051147461,62.9149857151769,62.77538122497193,62.82191408264038,2829100,BND
2018-01-16,62.891727447509766,62.969290117252456,62.845194579424884,62.93826623279556,4300500,BND
2018-01-17,62.821895599365234,62.91496720451848,62.80638662377196,62.85291946774965,3674600,BND
2018-01-18,62.69784164428711,62.744380436280615,62.666823672560476,62.68233265842379,2528400,BND
2018-01-19,62.56597137451172,62.66680045547387,62.55046239439424,62.64352810949828,2148300,BND
2018-01-22,62.51948547363281,62.63582362209084,62.51948547363281,62.612557175840045,5473200,BND
2018-01-23,62.68232727050781,62.713351156769534,62.60477051345413,62.651303384246084,2442900,BND
2018-01-24,62.612491607666016,62.62800058319078,62.53492897844869,62.60473416130471,1709700,BND
2018-01-25,62.78314208984375,62.79089953967492,62.5582292995441,62.61251961396134,2537700,BND
2018-01-26,62.66683578491211,62.72112612172971,62.60478799506259,62.71336866869779,1590200,BND
2018-01-29,62.58151626586914,62.6125401581728,62.465178149031026,62.558249825942006,2219700,BND
2018-01-30,62.465152740478516,62.527200499847055,62.42637141157317,62.48841917094171,2735100,BND
2018-01-31,62.48067092895508,62.59700901561483,62.37984774302377,62.59700901561483,3082600,BND
2018-02-01,62.307315826416016,62.501637536058944,62.29176676871693,62.47054535088872,2814300,BND
2018-02-02,62.120758056640625,62.268444442566434,62.08189727576319,62.21403460515601,3137600,BND
2018-02-05,62.39284133911133,62.5172101384282,62.02752133413723,62.08193120128067,4349200,BND
2018-02-06,62.19075012207031,62.3772973883747,62.19075012207031,62.36175425377878,3891500,BND
2018-02-07,62.05081558227539,62.26845496870785,62.0274979237617,62.26845496870785,3797200,BND
2018-02-08,62.00419998168945,62.08970205175804,61.88761164089681,61.9497901125759,4639800,BND
2018-02-09,61.84873962402344,62.04306141572016,61.8331964899891,61.879831822322565,3725500,BND
2018-02-12,61.864234924316406,61.980829095229325,61.83314868028378,61.93419379895451,5336200,BND
2018-02-13,61.918701171875,61.934244306566804,61.81765004057082,61.88760897226069,2669400,BND
2018-02-14,61.716609954833984,61.82542969738816,61.67774321953698,61.79433749519679,3509700,BND
2018-02-15,61.77879333496094,61.87206400975746,61.755469736030705,61.77101880198419,1981200,BND
2018-02-16,61.91091537475586,61.965325231623375,61.86427411870539,61.934233037666274,1957800,BND
2018-02-20,61.84873962402344,61.86428275805777,61.747694427224104,61.86428275805777,2294300,BND
2018-02-21,61.615570068359375,61.8643018010864,61.58448379072175,61.84098412774203,2330100,BND
2018-02-22,61.69325637817383,61.763209344715996,61.662164194079175,61.68548184959323,2156000,BND
2018-02-23,61.85653305053711,61.88762525833351,61.77880549616225,61.78657410043715,1660600,BND
2018-02-26,61.88759231567383,62.004180620060225,61.87981778530503,61.94977076793687,2715300,BND
2018-02-27,61.75543212890625,61.918667570857096,61.66993010892342,61.89534398613019,3007200,BND
2018-02-28,61.83319854736328,61.8409671495237,61.76323961630488,61.77101414869596,1947700,BND
2018-03-01,61.93836212158203,61.99288509227434,61.79037459687896,61.860473012387025,2877400,BND
2018-03-02,61.82149887084961,61.88380655985647,61.75139454970378,61.8292836178786,4448000,BND
2018-03-05,61.78254699707031,61.92274968689376,61.735814747980676,61.89159287331582,2229100,BND
2018-03-06,61.805908203125,61.89937863642048,61.79811751471185,61.829274325810346,1905000,BND
2018-03-07,61.79032897949219,61.9227409616249,61.766962858239786,61.876008719120115,2167700,BND
2018-03-08,61.860443115234375,61.91496605957575,61.813710860814695,61.813710860814695,1479700,BND
2018-03-09,61.78254699707031,61.81370381064825,61.71244862343586,61.75139018349237,2290800,BND
2018-03-12,61.84489822387695,61.85268891764657,61.76700911385539,61.79037525260604,2253900,BND
2018-03-13,61.860443115234375,61.907181312209296,61.821501550736386,61.87602449507776,2471700,BND
2018-03-14,61.99283981323242,62.03957799865874,61.8448523966181,61.8448523966181,1733800,BND
2018-03-15,62.00063705444336,62.02400317834934,61.922747993905304,61.95390480663141,1590100,BND
2018-03-16,61.94614028930664,61.969506423084525,61.899408021750865,61.930564847640355,1492000,BND
2018-03-19,61.89938735961914,61.969485737553825,61.860439854618804,61.88380598059703,1328100,BND
2018-03-20,61.82149887084961,61.84486499704655,61.78255136548471,61.805917491681654,2234600,BND
2018-03-21,61.82149887084961,61.86044043365952,61.642348665748045,61.75918523928776,1760300,BND
2018-03-22,61.92274856567383,62.03958512883693,61.868225628538305,61.95390537868762,2871700,BND
2018-03-23,61.93836212158203,61.96173420264283,61.86826370607396,61.92278667676627,2114500,BND
2018-03-26,61.89938735961914,61.97727642706488,61.88380598059703,61.92275348559737,2303700,BND
2018-03-27,62.10969161987305,62.1408484369595,61.93054734981996,61.93054734981996,1693500,BND
2018-03-28,62.10188674926758,62.210932602457774,62.070729942277055,62.17977579546724,3251800,BND
2018-03-29,62.25766372680664,62.27323915874634,62.12525175638301,62.12525175638301,2157300,BND
2018-04-02,62.249839782714844,62.29668923520639,62.14832469237203,62.179559646519174,2336700,BND
2018-04-03,62.17959213256836,62.22644756699812,62.11712814909779,62.21863733501625,2580800,BND
2018-04-04,62.17959213256836,62.23425184151852,62.14055288758194,62.23425184151852,2226300,BND
2018-04-05,62.09372329711914,62.12495828058544,62.04687380065166,62.12495828058544,1978300,BND
2018-04-06,62.249839782714844,62.26545428105924,62.1561349202734,62.2186048285677,2155900,BND
2018-04-09,62.31235885620117,62.31235885620117,62.14837372817785,62.20303940916099,2052000,BND
2018-04-10,62.20301818847656,62.28110263008616,62.17958749427876,62.23424719915158,1854600,BND
2018-04-11,62.249839782714844,62.31230969100913,62.210794600666325,62.273264508960615,1645200,BND
2018-04-12,62.132755279541016,62.2342644860838,62.11714076986623,62.203035466734235,1397700,BND
2018-04-13,62.17959213256836,62.18740236455023,62.09369745315218,62.109317917115916,1461800,BND
2018-04-16,62.18741226196289,62.1874122619629,62.07809282666388,62.07809282666388,1939600,BND
2018-04-17,62.2108268737793,62.218637105732384,62.14835693307747,62.18740213538147,1588500,BND
2018-04-18,62.00783157348633,62.16400052588407,61.98440086890937,62.16400052588407,1721200,BND
2018-04-19,61.85945129394531,61.92192124213133,61.81260181153688,61.92192124213133,1602300,BND
2018-04-20,61.70328140258789,61.84383581861731,61.70328140258789,61.84383581861731,1576600,BND
2018-04-23,61.67204666137695,61.70327567763032,61.63300145486711,61.67985093670925,2263300,BND
2018-04-24,61.56270980834961,61.64080020682465,61.547095303131194,61.62517974414525,2664000,BND
2018-04-25,61.476806640625,61.53146633223078,61.44557168007034,61.50023137167611,2201300,BND
2018-04-26,61.60176086425781,61.632995835125236,61.56271566130815,61.57052589339039,3297100,BND
2018-04-27,61.69546890258789,61.718893642559856,61.64080919016601,61.64080919016601,1407300,BND
2018-04-30,61.726722717285156,61.765761976667996,61.69548773530069,61.711102247561094,1602900,BND
2018-05-01,61.6312255859375,61.725141983975966,61.61557583838464,61.717314124745975,1410700,BND
2018-05-02,61.639060974121094,61.71732166325881,61.61558336447057,61.686016193422155,1434000,BND
2018-05-03,61.69380187988281,61.78771225428803,61.685974025047784,61.74858492192045,1477700,BND
2018-05-04,61.73297119140625,61.78775427069703,61.65471050254911,61.76427666113067,1342100,BND
2018-05-07,61.70164108276367,61.74860225405152,61.67816348257247,61.7407743970193,1634400,BND
2018-05-08,61.654693603515625,61.693826922671995,61.59208268122791,61.63904385839679,1380900,BND
2018-05-09,61.58426284790039,61.631218055729,61.552957385712524,61.576434989626826,2260900,BND
2018-05-10,61.70944595336914,61.73292354481507,61.6546629163609,61.701618099252755,1695500,BND
2018-05-11,61.772090911865234,61.77991877029869,61.69383024025023,61.772090911865234,1457800,BND
2018-05-14,61.69380187988281,61.74075706708542,61.685974025047784,61.70945161864909,1519500,BND
2018-05-15,61.40426254272461,61.52165654201539,61.33382972569424,61.52165654201539,1602600,BND
2018-05-16,61.35735321044922,61.45909156809098,61.34952534573484,61.427786080144756,2201300,BND
2018-05-17,61.302528381347656,61.37296120311188,61.27905077409292,61.357311455244464,2036000,BND
2018-05-18,61.46689987182617,61.46689987182618,61.372983437875085,61.372983437875085,1539700,BND
2018-05-21,61.46689987182617,61.482549625363326,61.396461053635505,61.41994464030533,1254900,BND
2018-05-22,61.4825325012207,61.513837970485184,61.43557728277784,61.49818822130681,2225800,BND
2018-05-23,61.670379638671875,61.67820152962369,61.560813456255225,61.56863534720704,1177200,BND
2018-05-24,61.795589447021484,61.84254467171337,61.740806361244765,61.740806361244765,1209400,BND
2018-05-25,61.92864990234375,61.94430562872798,61.86604490953724,61.87386680181921,1039500,BND
2018-05-29,62.359066009521484,62.43732669507226,62.0303675476637,62.04601729641083,2414400,BND
2018-05-30,62.171234130859375,62.25732266925977,62.077317733266106,62.132100805802075,3549700,BND
2018-05-31,62.147743225097656,62.24165363168781,62.07730444924923,62.15556511170963,4272100,BND
2018-06-01,62.18626403808594,62.217715645241434,62.076186412432065,62.13908962674305,3442400,BND
2018-06-04,62.0526123046875,62.16268995357632,62.04475390032541,62.16268995357632,2272100,BND
2018-06-05,62.107643127441406,62.154823541445204,62.05260431008797,62.11550752957224,2760500,BND
2018-06-06,61.934688568115234,61.99759181430557,61.871791320708624,61.99759181430557,2624600,BND
2018-06-07,62.09190368652344,62.20198129173872,61.91105847865286,61.91892287867669,3290700,BND
2018-06-08,62.0133056640625,62.076202896294674,61.997576856917746,62.04475727956973,1977000,BND
2018-06-11,61.958274841308594,61.981862056290794,61.91109441256115,61.94254603213176,1725200,BND
2018-06-12,61.950382232666016,61.9739694369097,61.88747902216263,61.88747902216263,1850400,BND
2018-06-13,61.91106033325195,62.00541514002563,61.78525992300013,61.950376335769256,1542800,BND
2018-06-14,62.04476547241211,62.052623878239885,61.9739978284806,62.021172258579554,3920100,BND
2018-06-15,62.0526123046875,62.194141567370544,62.0526123046875,62.15483154921423,1827800,BND
2018-06-18,62.0526123046875,62.084063918481725,62.00543788338714,62.084063918481725,3510300,BND
2018-06-19,62.15488815307617,62.19419820703178,62.12343651063924,62.14702374277008,2767100,BND
2018-06-20,62.0133056640625,62.15483493445389,62.00544126049012,62.15483493445389,2102200,BND
2018-06-21,62.04476547241211,62.115527117560546,62.021172258579554,62.060488282850734,2695400,BND
2018-06-22,62.084075927734375,62.09980473706497,62.029037092643506,62.05262430785629,1509900,BND
2018-06-25,62.07620620727539,62.162696654837866,62.06834780206615,62.11552222845201,4554800,BND
2018-06-26,62.178436279296875,62.178436279296875,62.107668628624836,62.11553303398476,1670800,BND
2018-06-27,62.32780838012695,62.34353718690795,62.257046745958895,62.257046745958895,1762700,BND
2018-06-28,62.280643463134766,62.327817893113625,62.25705624814534,62.3042306781242,1266500,BND
2018-06-29,62.264923095703125,62.35141355324653,62.25705869080374,62.304233122633484,1419000,BND
2018-07-02,62.22631072998047,62.312999334838494,62.194787054347884,62.28147565920591,1800600,BND
2018-07-03,62.35239791870117,62.36027432726541,62.22630323136594,62.22630323136594,1121900,BND
2018-07-05,62.439083099365234,62.44695950749884,62.33662966837541,62.36027091782682,1991900,BND
2018-07-06,62.509971618652344,62.52573043856357,62.454806730180195,62.509971618652344,1331800,BND
2018-07-09,62.454833984375,62.47059281116311,62.41542789861795,62.43119273793059,1556600,BND
2018-07-10,62.41544723510742,62.4548533330726,62.38392957176695,62.407570825535494,1661500,BND
2018-07-11,62.44694900512695,62.45483142446019,62.383907688033965,62.439072598318006,3750100,BND
2018-07-12,62.49425506591797,62.51001389648748,62.415442875492516,62.42332529704026,1807800,BND
2018-07-13,62.54939651489258,62.55727292095807,62.509990434470225,62.51787285305944,4071900,BND
2018-07-16,62.46272277832031,62.510005276034306,62.376034190827895,62.47059918625588,1688000,BND
2018-07-17,62.439083099365234,62.494248018926946,62.43120067870633,62.439083099365234,2432200,BND
2018-07-18,62.40755844116211,62.4784821883934,62.39967602062801,62.4469585187822,2182900,BND
2018-07-19,62.5257568359375,62.5494040945707,62.35238569363186,62.39966818584936,1990100,BND
2018-07-20,62.3839111328125,62.4863585397044,62.35238746626316,62.4863585397044,1607800,BND
2018-07-23,62.1868896484375,62.36026078709125,62.15536598344838,62.34450196085884,1427200,BND
2018-07-24,62.2814826965332,62.297247542393976,62.179035248546285,62.226317761074554,1811100,BND
2018-07-25,62.2814826965332,62.352412477852624,62.226317761074554,62.297247542393976,2075200,BND
2018-07-26,62.2814826965332,62.2814826965332,62.2814826965332,62.2814826965332,0,BND
2018-07-27,62.26572799682617,62.3287693468733,62.2578455733725,62.297251678113454,1376600,BND
2018-07-30,62.19477081298828,62.25781814778946,62.19477081298828,62.210535652950966,2115400,BND
2018-07-31,62.2420768737793,62.3208830582432,62.19478835307979,62.27359453754368,3328200,BND
2018-08-01,62.208091735839844,62.23178909221399,62.129098538994526,62.20809173583985,3168600,BND
2018-08-02,62.23967361450195,62.255469838938765,62.18437778878359,62.24757474011685,2817700,BND
2018-08-03,62.37399673461914,62.39769409763334,62.2950035156397,62.32660200859073,2711600,BND
2018-08-06,62.42928695678711,62.50038506620991,62.41349072513523,62.4608854468866,2083800,BND
2018-08-07,62.318687438964844,62.38978553947068,62.3028912092941,62.38188441123781,1886900,BND
2018-08-08,62.30290985107422,62.33450834666535,62.27920645928327,62.31870608547139,2101300,BND
2018-08-09,62.42136001586914,62.42136001586914,62.34236683668254,62.35816908859581,2603800,BND
2018-08-10,62.547752380371094,62.60304820711638,62.42135847535724,62.42135847535724,2414900,BND
2018-08-13,62.555667877197266,62.57146410555635,62.48456978259516,62.53986562204369,3315700,BND
2018-08-14,62.516136169433594,62.603030447782025,62.50823504591335,62.57143198049247,2692700,BND
2018-08-15,62.58727264404297,62.64256848904283,62.56356925893295,62.57147038730296,3051300,BND
2018-08-16,62.61888122558594,62.64258461679856,62.55569026274223,62.61888122558594,2226900,BND
2018-08-17,62.689945220947266,62.729444824670416,62.64255051791419,62.66624786943073,1018100,BND
2018-08-20,62.768951416015625,62.81634612887545,62.74525405958571,62.74525405958571,2473200,BND
2018-08-21,62.73735809326172,62.74525922165326,62.68996337650272,62.721561863273756,1883300,BND
2018-08-22,62.77685546875,62.81634905570846,62.729460753681884,62.81634905570846,2025500,BND
2018-08-23,62.77685546875,62.808453954393705,62.75315811121594,62.808453954393705,1447500,BND
2018-08-24,62.80842971801758,62.816324816285785,62.68203582421534,62.7136342976659,1845300,BND
2018-08-27,62.72945022583008,62.76894380616035,62.72154909904647,62.75314757938702,2340800,BND
2018-08-28,62.6346549987793,62.68204970605509,62.610957645141404,62.67414857924449,2375800,BND
2018-08-29,62.59513854980469,62.650434369013304,62.55564497996556,62.650434369013304,1560100,BND
2018-08-30,62.642581939697266,62.689976666503746,62.610983446227486,62.65837817303397,1157400,BND
2018-08-31,62.65835952758789,62.74525385207327,62.65045839987251,62.73735272435789,2888300,BND
2018-09-04,62.561763763427734,62.60927107877564,62.530090206158015,62.55384386383197,2400700,BND
2018-09-05,62.57760238647461,62.601356045995246,62.52217516722186,62.58552228668609,2558000,BND
2018-09-06,62.6726188659668,62.6963725238957,62.59343799249935,62.625105508995595,2133300,BND
2018-09-07,62.474666595458984,62.53009381360033,62.44299303636198,62.53009381360033,2481100,BND
2018-09-10,62.514259338378906,62.53009913983347,62.458832115516344,62.48259181769819,1464300,BND
2018-09-11,62.3796272277832,62.458808081244456,62.35587357585602,62.41130077739008,1496800,BND
2018-09-12,62.427146911621094,62.49049402339727,62.419233053483886,62.466740366759474,1088400,BND
2018-09-13,62.46673583984375,62.538002845705556,62.45090208360371,62.514243149676524,1723800,BND
2018-09-14,62.363807678222656,62.40339509341422,62.34005402088507,62.363807678222656,3196000,BND
2018-09-17,62.355873107910156,62.3954665548996,62.30044590679205,62.31627966092072,2375200,BND
2018-09-18,62.21339416503906,62.316328750741974,62.18964049457813,62.316328750741974,2504000,BND
2018-09-19,62.11831283569336,62.20541356981377,62.07080554112249,62.18165992252833,1968700,BND
2018-09-20,62.197513580322266,62.2291810896886,62.10249292888711,62.11041282678472,2297700,BND
2018-09-21,62.23707962036133,62.23707962036132,62.16581868708428,62.16581868708428,1750600,BND
2018-09-24,62.15793228149414,62.2212793948329,62.13417862427041,62.15001238204849,2915800,BND
2018-09-25,62.11040496826172,62.12623872094152,62.06289162799974,62.11040496826172,1698200,BND
2018-09-26,62.268768310546875,62.30836175496312,62.14999401840959,62.15791391551513,1831100,BND
2018-09-27,62.3162727355957,62.31627273559571,62.252931685008384,62.28460523085763,1374700,BND
2018-09-28,62.3162727355957,62.3875397240343,62.28460523085763,62.36378607492516,2577700,BND
2018-10-01,62.199615478515625,62.286919235393036,62.19167712192898,62.23929515106505,2853300,BND
2018-10-02,62.310726165771484,62.34247353586427,62.26310208303645,62.26310208303645,2597600,BND
2018-10-03,61.993247985839844,62.22341183850821,61.9218149014714,62.22341183850821,2300300,BND
2018-10-04,61.83455276489258,61.91391819466802,61.80280538194357,61.882170811719014,3221400,BND
2018-10-05,61.723426818847656,61.81073059814734,61.636129094741435,61.77105091540696,2299100,BND
2018-10-08,61.69959259033203,61.74721666743416,61.68372193475865,61.73927831205197,1885400,BND
2018-10-09,61.81864929199219,61.81864929199219,61.6995981712548,61.6995981712548,4273200,BND
2018-10-10,61.77104949951172,61.7948585196489,61.66786900532618,61.72342540404404,2813100,BND
2018-10-11,61.945640563964844,62.009129249031965,61.82658943977745,61.83452779610773,3245600,BND
2018-10-12,61.92979049682617,62.01709428844692,61.913919832528904,61.92185213708038,2365700,BND
2018-10-15,61.91388702392578,61.99325241374447,61.905948668386586,61.99325241374447,2077800,BND
2018-10-16,61.9615364074707,61.985345430947696,61.88217097748266,61.90598000095966,2367000,BND
2018-10-17,61.85038375854492,61.98530550814511,61.83451310484678,61.94562584630461,1877300,BND
2018-10-18,61.81074142456055,61.90598357916775,61.755185014838304,61.81074142456055,1681500,BND
2018-10-19,61.778995513916016,61.834557980158664,61.7393158232787,61.818681259748004,1716700,BND
2018-10-22,61.75517272949219,61.850414865152274,61.74724042624884,61.810729128162244,1520000,BND
2018-10-23,61.84248733520508,61.977409176286415,61.826616670746134,61.921852767888545,1934300,BND
2018-10-24,62.00914001464844,62.02501673006541,61.945651318558824,61.96152197878303,1615500,BND
2018-10-25,61.93772888183594,62.00122364943953,61.905981498034144,61.95359954613968,1981000,BND
2018-10-26,62.048828125,62.144070255572146,62.0329574641678,62.08057550185738,2224400,BND
2018-10-29,61.993247985839844,62.05674271523608,61.945629966388,62.024995350537964,1900700,BND
2018-10-30,61.90592575073242,61.98529111116994,61.89798739813201,61.921796400744384,2546300,BND
2018-10-31,61.778995513916016,61.89804669621731,61.77899551391602,61.826619619953334,6206300,BND
2018-11-01,61.893585205078125,61.91745372263317,61.77423654697797,61.78219474293795,3784100,BND
2018-11-02,61.66279983520508,61.82988540309429,61.63097314556137,61.81397509343261,2024600,BND
2018-11-05,61.7105712890625,61.75035619091013,61.68670277608342,61.71852948349677,1858900,BND
2018-11-06,61.70259094238281,61.734411564917764,61.67871637000014,61.71850125365029,2024700,BND
2018-11-07,61.758331298828125,61.87767389640736,61.74241490560062,61.821978660761914,2673700,BND
2018-11-08,61.65488815307617,61.782195007681835,61.65488815307617,61.75832649002451,2233100,BND
2018-11-09,61.80603790283203,61.83786460328927,61.71851599415523,61.71851599415523,1697200,BND
2018-11-12,61.901485443115234,61.9094375613048,61.85374238238172,61.88556906609765,1067200,BND
2018-11-13,61.86967086791992,61.877622987665795,61.79010717821828,61.829885987908895,2735900,BND
2018-11-14,61.91745376586914,61.98110719294366,61.79015298204502,61.82993182122291,2905100,BND
2018-11-15,61.92536544799805,61.97310244728491,61.82192718911603,61.957192137629406,2557800,BND
2018-11-16,62.06062698364258,62.07653729397937,61.94127840999453,62.012889982311606,1811300,BND
2018-11-19,62.06062698364258,62.08449548430807,62.012889982311606,62.012889982311606,2495900,BND
2018-11-20,62.02082824707031,62.08448161483874,61.99695975173697,62.04470281272292,1891300,BND
2018-11-21,62.084510803222656,62.084510803222656,62.00494709126571,62.05268410437545,3871300,BND
2018-11-23,62.07654571533203,62.15611548877231,62.06063540283684,62.13224091454736,644500,BND
2018-11-26,62.028785705566406,62.06061238907603,61.99695902205678,62.01287539897118,1520500,BND
2018-11-27,62.06861114501953,62.1004378493308,62.02086805339104,62.02086805339104,2563100,BND
2018-11-28,62.10041427612305,62.140193088669804,62.00493419943331,62.068587583893134,2217500,BND
2018-11-29,62.148170471191406,62.19590748911745,62.09247526017011,62.156128664286655,2395900,BND
2018-11-30,62.17204284667969,62.17204284667969,62.10043731533742,62.14021614264209,2181200,BND
2018-12-03,62.269325256347656,62.269325256347656,62.173609999683364,62.205515085238126,2187500,BND
2018-12-04,62.4208869934082,62.51659618642206,62.333149509629344,62.333149509629344,3204700,BND
2018-12-06,62.53256607055664,62.66018038550618,62.50066097050035,62.52458827422367,4447800,BND
2018-12-07,62.660186767578125,62.684114073738485,62.51661684533973,62.5325724396308,3806000,BND
2018-12-10,62.72397232055664,62.77182691406813,62.63623484226968,62.67611772704515,2712100,BND
2018-12-11,62.73196792602539,62.795778125674204,62.67613552265156,62.739945722300384,4157200,BND
2018-12-12,62.668121337890625,62.731931500487825,62.660143546247966,62.70800421083188,2662400,BND
2018-12-13,62.71600341796875,62.75588630839852,62.684098322679866,62.684098322679866,2587600,BND
2018-12-14,62.771854400634766,62.811737302874185,62.73995538117505,62.763882688408096,3490600,BND
2018-12-17,62.891456604003906,62.89943439638005,62.787769644204424,62.79574743658056,2924300,BND
2018-12-18,62.9871711730957,63.011098464691855,62.883478129149005,62.883478129149005,3210700,BND
2018-12-19,63.098846435546875,63.21848899873113,63.01110896156332,63.074919139964734,3117500,BND
2018-12-20,63.011112213134766,63.17860937612669,62.9871849163179,63.16265987334007,3451000,BND
2018-12-21,63.011112213134766,63.058966806768495,62.96325761950103,63.03503950995163,4516100,BND
2018-12-24,63.025489807128906,63.16942037605888,62.95352757294513,63.10544987863169,6031000,BND
2018-12-26,62.889556884765625,63.08946011319745,62.88955688476562,63.06547270187561,5912400,BND
2018-12-27,63.025489807128906,63.16142253873988,63.01749196980991,63.121445553269695,2751800,BND
2018-12-28,63.17744445800781,63.18543619808427,63.02551598864603,63.05750125064666,3495100,BND
2018-12-31,63.33737564086914,63.36936090841134,63.11348486863976,63.12947445212786,5651100,BND
2019-01-02,63.46529769897461,63.473289438041604,63.36934192509313,63.39332934342246,4142500,BND
2019-01-03,63.7131462097168,63.769118859991515,63.465268201437524,63.48125777270401,4908400,BND
2019-01-04,63.5212287902832,63.55321402730416,63.44126264745074,63.545216192908875,4583600,BND
2019-01-07,63.42530822753906,63.57723666244251,63.401320811620316,63.54525140769633,4121700,BND
2019-01-08,63.34535598754883,63.42531608403714,63.32936030791257,63.36934340643889,1745400,BND
2019-01-09,63.4333381652832,63.4573255933402,63.353378038237636,63.361369780545544,1989600,BND
2019-01-10,63.30535888671875,63.449289468787924,63.281371473134385,63.385318965520966,2579900,BND
2019-01-11,63.4333381652832,63.48931086427176,63.4093507372262,63.441329907591104,3097100,BND
2019-01-14,63.377342224121094,63.46530016178466,63.36934438417956,63.449304481901606,2395700,BND
2019-01-15,63.38534164428711,63.489295274430425,63.34536464086403,63.45731001135288,1742900,BND
2019-01-16,63.40932846069336,63.42531804025846,63.32137052167403,63.35335578136874,1697700,BND
2019-01-17,63.33737564086914,63.417335759441634,63.313388215353996,63.40934401798059,2394700,BND
2019-01-18,63.28938674926758,63.40133211054751,63.28138890901482,63.33736158965479,3722400,BND
2019-01-22,63.4013557434082,63.489313717280865,63.39335790017425,63.40935358664215,3917700,BND
2019-01-23,63.46529769897461,63.51327253563326,63.36934192509313,63.36934192509313,2536100,BND
2019-01-24,63.601219177246094,63.641196167175515,63.56123608675358,63.58522350082385,2700300,BND
2019-01-25,63.52924728393555,63.5772282099576,63.49726813400451,63.537245121699684,2073100,BND
2019-01-28,63.55326843261719,63.59324543769589,63.52927490889148,63.53727275013338,2938200,BND
2019-01-29,63.68120193481445,63.68120193481445,63.601241825918386,63.601241825918386,1772300,BND
2019-01-30,63.74515914916992,63.76914656677251,63.57724112538779,63.63321379998184,2961400,BND
2019-01-31,64.04100036621094,64.04100036621094,63.92106330017388,63.95304855130472,3698100,BND
2019-02-01,63.863059997558594,64.03941184242127,63.80694860289168,63.95925358085187,3335000,BND
2019-02-04,63.806949615478516,63.8149672764677,63.75083821992114,63.8149672764677,4078600,BND
2019-02-05,63.94322204589844,63.967275029908706,63.87909910225551,63.887110647908564,2400300,BND
2019-02-06,63.91917037963867,63.97528177341669,63.87909430733052,63.959252567630074,2724700,BND
2019-02-07,63.96725845336914,63.99931685904111,63.92717627275601,63.959240794110094,2474700,BND
2019-02-08,64.06346130371094,64.11156115514716,63.999332245585045,64.02338522914495,1538700,BND
2019-02-11,64.0394515991211,64.06349848095226,63.975322503779886,64.0073870514505,2600900,BND
2019-02-12,64.03140258789062,64.03942024980516,63.97529118585716,64.00735571783116,1541200,BND
2019-02-13,63.935218811035156,63.975294891560914,63.89513661482489,63.96728334486646,1631600,BND
2019-02-14,64.04742431640625,64.1195649112714,64.00734213102594,64.09551804631634,1895800,BND
2019-02-15,64.07147216796875,64.07147216796875,64.02337843731807,64.03940764230731,1917900,BND
2019-02-19,64.12757873535156,64.15162559886812,64.07146734858543,64.12757873535156,3792100,BND
2019-02-20,64.10353088378906,64.13559540654441,64.06344870142426,64.1115485433985,1768400,BND
2019-02-21,63.97529602050781,63.99133134554869,63.94323148611067,63.99133134554869,3411400,BND
2019-02-22,64.11956024169922,64.19170694699307,64.02337278888396,64.06344885566286,1936600,BND
2019-02-25,64.09551239013672,64.11955925296972,64.05543632397581,64.09551239013672,2244600,BND
2019-02-26,64.18368530273438,64.2237674827073,64.14360312276145,64.17566764360339,1405200,BND
2019-02-27,64.05546569824219,64.14363553050164,64.00736583483643,64.14363553050164,1323000,BND
2019-02-28,63.983299255371094,64.05544597041738,63.91917020103734,64.05544597041738,4028500,BND
2019-03-01,63.785667419433594,63.93832433629458,63.785667419433594,63.91422190306709,3035000,BND
2019-03-04,63.89813232421875,63.93830712199163,63.84992747074211,63.89813232421875,2531300,BND
2019-03-05,63.94633865356445,63.96241102496996,63.84992894438605,63.85796513008881,1924500,BND
2019-03-06,64.02668762207031,64.08292866180985,63.978476638141004,64.00258519501246,1629000,BND
2019-03-07,64.21147918701172,64.24361780079667,64.10703328957099,64.14720195944183,2322200,BND
2019-03-08,64.29185485839844,64.31596342817275,64.17937271871915,64.24364997848357,4388500,BND
2019-03-11,64.25967407226562,64.29984273207215,64.2516378883794,64.29984273207215,1891100,BND
2019-03-12,64.41233825683594,64.42841062796934,64.2918199925896,64.31592854928971,1958500,BND
2019-03-13,64.38021850585938,64.40432706962257,64.35611607191153,64.38825469378044,1318600,BND
2019-03-14,64.32395935058594,64.38823657623746,64.28379068191396,64.38823657623746,4058400,BND
2019-03-15,64.44454193115234,64.48471676973199,64.3883008350327,64.42847567361233,1639300,BND
2019-03-18,64.40431213378906,64.43644461839087,64.34806496120109,64.41234219003255,5344200,BND
2019-03-19,64.3721923828125,64.42039725365495,64.32398138215433,64.34005375897895,2702400,BND
2019-03-20,64.65337371826172,64.6694399593164,64.4123371937472,64.42840956461535,2528700,BND
2019-03-21,64.66943359375,64.7096083871524,64.6614035389198,64.68550596303609,1980500,BND
2019-03-22,65.0229721069336,65.06314691266014,64.87835138805865,64.93459243818697,2734000,BND
2019-03-25,65.10332489013672,65.22384319472054,64.98280658555288,65.03904764371659,2034000,BND
2019-03-26,65.11936950683594,65.17561054102458,65.0390199181553,65.06312847264729,3527200,BND
2019-03-27,65.2398910522461,65.32827070870827,65.20775856790881,65.22382481007746,2121900,BND
2019-03-28,65.27203369140625,65.29613612105243,65.18365402949412,65.24793126176009,1818300,BND
2019-03-29,65.22380828857422,65.23987452667319,65.13542865449901,65.14346483845466,1937000,BND
2019-04-01,64.96607971191406,65.12716348443743,64.93386172841898,65.12716348443743,4106700,BND
2019-04-02,64.9983139038086,65.06274989295872,64.96610205418767,64.9983139038086,6305600,BND
2019-04-03,64.90972900390625,64.94194700495817,64.86946111130788,64.9016791123598,2177300,BND
2019-04-04,64.97412872314453,64.98218475514771,64.90164286997182,64.93386085303257,1586000,BND
2019-04-05,65.02247619628906,65.03052608549766,64.91776618704128,64.92582222120349,2131700,BND
2019-04-08,64.95805358886719,65.03053947639225,64.92583559053776,65.03053947639225,3794200,BND
2019-04-09,65.05465698242188,65.09493098905027,65.01438912074413,65.06271301273769,1919100,BND
2019-04-10,65.14327239990234,65.15938446486696,65.07884257490083,65.08689246243082,3414300,BND
2019-04-11,65.03050231933594,65.09493827917744,65.00634037063321,65.08688224795942,2641800,BND
2019-04-12,64.90972900390625,64.99027707901372,64.9016791123598,64.97416500601008,1821800,BND
2019-04-15,64.92581176757812,64.94191768835573,64.89359378107032,64.90164981393542,1671300,BND
2019-04-16,64.81305694580078,64.87749292384551,64.79694487881306,64.86138085685778,2002000,BND
2019-04-17,64.81305694580078,64.89359884588013,64.80500091230692,64.81305694580078,1797500,BND
2019-04-18,64.90165710449219,64.94998101720594,64.86138308059519,64.917763027079,1604600,BND
2019-04-22,64.83722686767578,64.90166285363755,64.80500887469489,64.90166285363755,1840100,BND
2019-04-23,64.94996643066406,64.95802246262488,64.89358649684212,64.91774844777268,2643500,BND
2019-04-24,65.1191177368164,65.1271737702005,65.04663187121855,65.07884985980193,1370500,BND
2019-04-25,65.10301208496094,65.14327996214239,65.05468202940895,65.11911800684291,1238100,BND
2019-04-26,65.24800872802734,65.28022672601071,65.22384676577852,65.24800872802734,1622500,BND
2019-04-29,65.11101531982422,65.17545125108829,65.07880349914082,65.15934534074658,1737800,BND
2019-04-30,65.20771789550781,65.20771789550781,65.07885208172755,65.07885208172755,2376200,BND
2019-05-01,65.21176147460938,65.41360548904827,65.16332088227699,65.21983695992827,2035300,BND
2019-05-02,65.06643676757812,65.17947508828212,65.01799617284125,65.16332411684265,2061100,BND
2019-05-03,65.18751525878906,65.22788650954074,65.13907468571747,65.17137045436121,1877500,BND
2019-05-06,65.26826477050781,65.32478699688059,65.25211996282222,65.28441573798268,2261500,BND
2019-05-07,65.36517333984375,65.39746912550042,65.32480822761634,65.35709785348176,3223200,BND
2019-05-08,65.31672668457031,65.44590365542746,65.31672668457031,65.4136078727655,4750500,BND
2019-05-09,65.38130187988281,65.45396275283655,65.28441455615534,65.43781794544321,1926100,BND
2019-05-10,65.37325286865234,65.45398925789085,65.35710189492964,65.38939768258338,4679900,BND
2019-05-13,65.51048278808594,65.5589233729904,65.47818701155312,65.49433797971429,3427000,BND
2019-05-14,65.55081939697266,65.55888871699807,65.51044815770044,65.52659911732384,4478100,BND
2019-05-15,65.64773559570312,65.6881068565485,65.57507471792893,65.67195588829452,1940900,BND
2019-05-16,65.55081939697266,65.5911844764586,65.53466843734925,65.5911844764586,1862700,BND
2019-05-17,65.56697845458984,65.64771479090442,65.52661336632637,65.63964546912429,1615200,BND
2019-05-20,65.48623657226562,65.59926866549088,65.48623657226562,65.56697290174266,2188000,BND
2019-05-21,65.4539566040039,65.49432785837845,65.43781179812724,65.48625237554583,1747000,BND
2019-05-22,65.57506561279297,65.61543070824406,65.49432926210207,65.49432926210207,4000500,BND
2019-05-23,65.8092041015625,65.86572016196003,65.64772524343485,65.64772524343485,5334000,BND
2019-05-24,65.8092041015625,65.82534890748097,65.76883284708343,65.8092041015625,1770100,BND
2019-05-28,65.94648742675781,65.95456291339713,65.86575103973917,65.91419163999205,1910600,BND
2019-05-29,65.93034362792969,66.09181640445202,65.93034362792969,66.00300452942726,3142700,BND
2019-05-30,66.10791778564453,66.13214423001867,65.93836963375082,65.99488568438206,2253600,BND
2019-05-31,66.39859771728516,66.39859771728516,66.19675372579067,66.23712498800548,5898700,BND
2019-06-03,66.58715057373047,66.61952231686152,66.39292628922287,66.47385255991114,3787000,BND
2019-06-04,66.47384643554688,66.53049543723735,66.38482569370781,66.49003539276022,2906700,BND
2019-06-05,66.47384643554688,66.58714443892784,66.41719743385639,66.50621817569545,7341700,BND
2019-06-06,66.4576644897461,66.57096249455421,66.41719827048111,66.49812453473288,2995300,BND
2019-06-07,66.63569641113281,66.72471714956407,66.58714188990773,66.65188536772644,2490100,BND
2019-06-10,66.49816131591797,66.57099931602716,66.47388404064212,66.57099931602716,2417400,BND
2019-06-11,66.4495849609375,66.50623397608652,66.42530769362787,66.45767944146725,3362100,BND
2019-06-12,66.5628662109375,66.5628662109375,66.46575099190181,66.48193994888011,1904400,BND
2019-06-13,66.67620086669922,66.70857262417356,66.59527456015407,66.60336904309301,1946300,BND
2019-06-14,66.68424987792969,66.70043265849118,66.60332362656781,66.61141192970996,2260700,BND
2019-06-17,66.68424987792969,66.70852713591053,66.60332362656781,66.60332362656781,2792600,BND
2019-06-18,66.83800506591797,66.94321474507169,66.78945055201746,66.89466023117117,3342000,BND
2019-06-19,67.06463623046875,67.06463623046875,66.72473596322143,66.7490194049588,2496900,BND
2019-06-20,67.16983032226562,67.27503385786136,67.1536475376658,67.18601310686545,2171600,BND
2019-06-21,66.98371124267578,67.06464370893265,66.9351567023459,67.04845474596915,2398100,BND
2019-06-24,67.1051025390625,67.14556877144999,67.04845351828814,67.07273078800856,2803800,BND
2019-06-25,67.1293716430664,67.21030409799663,67.08081710953182,67.16174339018261,2699800,BND
2019-06-26,66.97560119628906,67.12127094427697,66.96750671743465,67.11317646542255,2195800,BND
2019-06-27,67.16983032226562,67.19410758630474,67.0322550431915,67.08080957126973,2021400,BND
2019-06-28,67.22650146484375,67.24268425477193,67.12938620243229,67.13748068453678,2554600,BND
2019-07-01,67.2215805053711,67.2864693250723,67.12423799272635,67.25402800958601,2354400,BND
2019-07-02,67.35138702392578,67.37572111310287,67.21348972610178,67.26215790445596,3127100,BND
2019-07-03,67.47308349609375,67.5055310207799,67.39196777874463,67.41630187507612,1720800,BND
2019-07-05,67.15673828125,67.20540648146063,67.01884092149757,67.18918581096825,2356800,BND
2019-07-08,67.14862823486328,67.26219150023219,67.13240756355364,67.2297439688791,1761500,BND
2019-07-09,67.05936431884766,67.15670686246138,67.05125708176112,67.15670686246138,1839400,BND
2019-07-10,67.11615753173828,67.17293914481895,67.06748934587819,67.14049162466833,2097200,BND
2019-07-11,66.89716339111328,67.14051057784017,66.864715861803,67.09184237824148,3024100,BND
2019-07-12,66.95391845703125,66.97825254717634,66.872802760304,66.89713685044907,2265000,BND
2019-07-15,67.05128479003906,67.05128479003906,66.94582877702956,66.94582877702956,2245900,BND
2019-07-16,66.96205139160156,66.98638548883598,66.88904291116555,66.93771110563438,2294100,BND
2019-07-17,67.16484832763672,67.17295556810778,67.03505821530152,67.05939231418107,2062300,BND
2019-07-18,67.28648376464844,67.31082403957949,67.10803173626381,67.14047305871195,3323200,BND
2019-07-19,67.2135238647461,67.2621920678195,67.172962903029,67.2054104346559,2167300,BND
2019-07-22,67.28648376464844,67.35137878700463,67.26214967844734,67.34326536202762,1725500,BND
2019-07-23,67.22969818115234,67.28647977516489,67.18103001163576,67.25403845464024,1799600,BND
2019-07-24,67.29463958740234,67.35142122055578,67.27030548587,67.28652615731362,2535800,BND
2019-07-25,67.2215805053711,67.2864693250723,67.1080173349832,67.27024866732916,2199000,BND
2019-07-26,67.2215805053711,67.26213524409327,67.18913300115618,67.26213524409327,2413500,BND
2019-07-29,67.26219940185547,67.30276036799518,67.2297518666906,67.29464693702033,1771900,BND
2019-07-30,67.2459487915039,67.28650355085456,67.19727441605863,67.27839631222349,1968800,BND
2019-07-31,67.32707214355469,67.44874881288592,67.14861385369987,67.26217709474703,2628700,BND
2019-08-01,67.80919647216797,67.84171961234104,67.43518966490976,67.45958046925088,3278400,BND
2019-08-02,67.87425231933594,67.90676926093754,67.7848152220426,67.84172917457876,5392400,BND
2019-08-05,68.16696166992188,68.21574949826467,68.05313374238338,68.10192157072618,4284300,BND
2019-08-06,68.33767700195312,68.35393546816822,68.1588028578179,68.19132599340193,4939700,BND
2019-08-07,68.33767700195312,68.70355142175418,68.32141233258419,68.6628959514857,5516400,BND
2019-08-08,68.39459991455078,68.43524918700025,68.12628866313476,68.21572574694011,3244200,BND
2019-08-09,68.27265930175781,68.49218280487462,68.25639462558239,68.42714270964221,2832800,BND
2019-08-12,68.57347869873047,68.63039885481913,68.44339232195026,68.48404780396912,3008000,BND
2019-08-13,68.46780395507812,68.63041972945918,68.4027576453257,68.60602271093387,3299800,BND
2019-08-14,68.7116928100586,68.7686067540413,68.66290499867723,68.72795127841594,3395400,BND
2019-08-15,69.04508209228516,69.12638688507447,68.78490303346454,68.84181700873286,4358100,BND
2019-08-16,68.97187042236328,68.99626122601568,68.77673158683508,68.92308261190396,3913600,BND
2019-08-19,68.75236511230469,68.81741141383176,68.70358348773775,68.73610663850128,3640100,BND
2019-08-20,68.93124389648438,68.93124389648438,68.84993911577942,68.89872074357096,2568100,BND
2019-08-21,68.89871215820312,69.02067241564184,68.82553972563372,68.86618900934238,2532300,BND
2019-08-22,68.76860809326172,68.92308525670616,68.736084952759,68.82552203835279,3232600,BND
2019-08-23,69.02070617675781,69.09388484827856,68.71987155501148,68.74426858095799,3100100,BND
2019-08-26,68.98001861572266,69.10197887614399,68.93123699281674,69.05319725323805,2358800,BND
2019-08-27,69.2157974243164,69.22392976141818,69.06132023831665,69.08571104646632,2450800,BND
2019-08-28,69.24022674560547,69.35405470552391,69.22396206381222,69.34592236462728,3352400,BND
2019-08-29,69.19953155517578,69.20766389140813,69.06943898807815,69.20766389140813,2812400,BND
2019-08-30,69.19139099121094,69.2483049317596,69.1100862480206,69.13447705066227,2861800,BND
2019-09-03,69.25499725341797,69.40982274922307,69.13276692603988,69.24685312398074,3345800,BND
2019-09-04,69.38536071777344,69.39351106208187,69.22238491606059,69.23868560467746,2864100,BND
2019-09-05,69.02678680419922,69.18161218676295,68.92085724695927,69.14086670180781,3162800,BND
2019-09-06,69.10832214355469,69.14091731200038,69.03498767722142,69.0675828456671,2764600,BND
2019-09-09,68.79049682617188,68.89643263134215,68.77420235754798,68.83124232306659,2618400,BND
2019-09-10,68.44011688232422,68.75791191138075,68.41567206730308,68.74161744033029,2425900,BND
2019-09-11,68.39936828613281,68.48085306407566,68.37492347443896,68.38306760041021,2030200,BND
2019-09-12,68.26899719238281,68.59494256651814,68.22825790617271,68.57049775141391,3025200,BND
2019-09-13,67.87784576416016,68.17934000879231,67.86969542279772,68.13860073575795,3111300,BND
2019-09-16,68.05714416503906,68.12233449512043,67.96751523229226,68.06529451052225,2971000,BND
2019-09-17,68.21199035644531,68.26903035836294,68.04902069865032,68.10606070056797,2974900,BND
2019-09-18,68.26083374023438,68.48084946770467,68.22009446184747,68.35861919876447,2557800,BND
2019-09-19,68.35862731933594,68.45641278948234,68.33418250602196,68.44011210267938,2631100,BND
2019-09-20,68.60307312011719,68.61121724487526,68.40750222191912,68.44009737161879,2436700,BND
2019-09-23,68.65194702148438,68.82306685557074,68.64379668170282,68.69269250350443,2365800,BND
2019-09-24,68.8882827758789,68.90457724461807,68.70901253529802,68.73345734685176,3043500,BND
2019-09-25,68.56234741210938,68.81495212405837,68.51345778189756,68.80680799695034,3009500,BND
2019-09-26,68.67644500732422,68.74978568837817,68.64384983984385,68.70088982871135,2909900,BND
2019-09-27,68.74974822998047,68.78234337970132,68.66825724723377,68.66825724723377,2778400,BND
2019-09-30,68.79865264892578,68.83124780565986,68.6356830821459,68.66012789547383,5258400,BND
2019-10-01,68.86561584472656,69.02076952019668,68.61245922522781,68.6369630763953,5383100,BND
2019-10-02,69.02079010009766,69.0861212620494,68.93912926281924,69.00446042477098,3741400,BND
2019-10-03,69.24942779541016,69.3555862280776,69.0942678912403,69.10243584154414,3149600,BND
2019-10-04,69.3637466430664,69.39641221041252,69.26574994102805,69.29841550837416,3309600,BND
2019-10-07,69.18412017822266,69.31477627590786,69.17595222514147,69.2494513422266,4701400,BND
2019-10-08,69.21675872802734,69.3474147746856,69.16775725900025,69.33925305511465,3876100,BND
2019-10-09,69.13507843017578,69.23306887996488,69.0779090273741,69.23306887996488,3187900,BND
2019-10-10,68.92279815673828,69.07795187524972,68.88196462378546,69.06162220026202,3683300,BND
2019-10-11,68.6696548461914,68.73498601951569,68.56349636228217,68.71865634134642,3411200,BND
2019-10-14,68.78392791748047,68.80025758150106,68.7349264647823,68.79208963433166,1600400,BND
2019-10-15,68.60433197021484,68.78398958710783,68.5716663825685,68.74315604496896,2408500,BND
2019-10-16,68.67778015136719,68.71861366691806,68.6124490186137,68.63695286613607,2549900,BND
2019-10-17,68.67778015136719,68.7676089013233,68.6124490186137,68.66145048333868,2420600,BND
2019-10-18,68.71046447753906,68.79212530061663,68.70229652613487,68.71046447753906,2467600,BND
2019-10-21,68.54714965820312,68.66963778985775,68.54714965820312,68.63697844163121,2328000,BND
2019-10-22,68.6696548461914,68.71048838709999,68.5716643165286,68.68599075468428,4545600,BND
2019-10-23,68.70226287841797,68.80025955630893,68.69410116133251,68.77576194441579,4250400,BND
2019-10-24,68.71046447753906,68.81662292450777,68.69413480505212,68.74313005283437,2353700,BND
2019-10-25,68.59613037109375,68.751290278731,68.55529684898266,68.751290278731,2157500,BND
2019-10-28,68.44915008544922,68.47364771076475,68.40015483481814,68.46547975888564,2861600,BND
2019-10-29,68.4654769897461,68.53897609304177,68.44914731697014,68.53897609304177,2729800,BND
2019-10-30,68.68597412109375,68.69414207336216,68.50631655312122,68.5471500841412,2831800,BND
2019-10-31,69.01258850097656,69.02075021876266,68.84109897268462,68.87375830446686,3058400,BND
2019-11-01,68.95120239257812,69.04122820085892,68.83662522640024,68.95120239257812,2771900,BND
2019-11-04,68.75480651855469,68.79572337969019,68.71388341343001,68.7875437538566,2444500,BND
2019-11-05,68.51749420166016,68.58296869897843,68.43565420200817,68.57478282581572,2890600,BND
2019-11-06,68.66476440429688,68.69750163183785,68.52563587023849,68.54200136201513,3147000,BND
2019-11-07,68.31288146972656,68.43564457392911,68.14101562143934,68.43564457392911,3767100,BND
2019-11-08,68.2474365234375,68.41111657056476,68.23925064788307,68.29653928877697,2130600,BND
2019-11-11,68.28831481933594,68.3619689189841,68.23920584224771,68.33741755243472,1926100,BND
2019-11-12,68.3292465209961,68.3783555087491,68.23922066143821,68.3128810210723,3072600,BND
2019-11-13,68.45201110839844,68.50929972535991,68.41108799171555,68.46838285266797,2690800,BND
2019-11-14,68.64844512939453,68.71391963451184,68.64026549924922,68.68936825609097,2299700,BND
2019-11-15,68.62385559082031,68.68114418994296,68.58293873086927,68.59930422605188,2342200,BND
2019-11-18,68.72206115722656,68.77934975123353,68.70568941951689,68.73842665094779,3553000,BND
2019-11-19,68.79573059082031,68.82846782955372,68.72207648666253,68.73026235734334,3712600,BND
2019-11-20,68.98397827148438,68.99216414336594,68.86940104110556,68.91850378441342,4924100,BND
2019-11-21,68.86940002441406,68.90213726746626,68.80392553830967,68.89395139570554,2779600,BND
2019-11-22,68.91033935546875,68.95126248361991,68.85305072245275,68.94307660919114,3119700,BND
2019-11-25,68.97581481933594,69.00036619896999,68.93489793461012,68.95944931424417,3444700,BND
2019-11-26,69.0903549194336,69.10672665971089,69.03306631644193,69.07398942314573,3207400,BND
2019-11-27,68.98397827148438,69.03308101479223,68.96760652772126,69.00034377125674,2293000,BND
2019-11-29,68.98397827148438,69.00034377125674,68.90213828464105,68.98397827148438,2535100,BND
2019-12-02,68.80352783203125,68.80352783203125,68.69690881059,68.75432001557407,3745800,BND
2019-12-03,69.17259979248047,69.24641777539583,69.00036617548079,69.03317347262627,3393600,BND
2019-12-04,69.03316497802734,69.1233834697379,68.94294648631679,69.10698295185932,3876800,BND
2019-12-05,68.9593505859375,69.00035500771865,68.87733548502406,68.9265432941019,2850000,BND
2019-12-06,68.86915588378906,68.97577492606554,68.78714075454921,68.8199480577158,4121700,BND
2019-12-09,68.88553619384766,68.96755129902209,68.87733906347621,68.95935416865065,2795100,BND
2019-12-10,68.83631134033203,68.93473319658581,68.81170744060606,68.92652981089385,2700500,BND
2019-12-11,69.06600189208984,69.09880919926871,68.92657552959515,68.9511794456408,2581800,BND
2019-12-12,68.73789978027344,69.02496200634164,68.65588468311859,69.01675861942091,4645900,BND
2019-12-13,69.04959869384766,69.08240599975636,68.77894311311621,68.91836947021285,3877700,BND
2019-12-16,68.86096954345703,68.95118808516473,68.84456901648964,68.93478755819734,2876500,BND
2019-12-17,68.86915588378906,68.97577492606554,68.84455197075243,68.95937440315888,3282700,BND
2019-12-18,68.77896881103516,68.88558790205924,68.72976096246344,68.88558790205924,3786100,BND
2019-12-19,68.82811737060547,68.88552856360346,68.75430566132981,68.79531008069938,3240600,BND
2019-12-20,68.84451293945312,68.86091345306154,68.74609108575348,68.78710175579909,3646300,BND
2019-12-23,68.80097198486328,68.883176493551,68.743432591576,68.87495478841753,4192500,BND
2019-12-24,68.86669921875,68.88314262093107,68.7269616568131,68.74339878767374,1682800,BND
2019-12-26,68.93250274658203,68.93250274658203,68.81742394570888,68.89962219328623,2036400,BND
2019-12-27,69.03114318847656,69.03935862316234,68.99004092975096,69.01469977645665,1940300,BND
2019-12-30,69.0064926147461,69.0064926147461,68.82565894368251,68.85031779558547,2562000,BND
2019-12-31,68.93250274658203,68.98182044086357,68.85851993383541,68.924281040427,5931300,BND
2020-01-02,69.02291107177734,69.13798985326275,68.99003052402105,69.03113277654722,5511000,BND
2020-01-03,69.26947784423828,69.28592124714824,69.12974027610717,69.1955013451056,5368300,BND
2020-01-06,69.18730163574219,69.30238040740836,69.13798395397747,69.29416497466272,3710400,BND
2020-01-07,69.1297607421875,69.2119589671102,69.10510190184294,69.2119589671102,3029900,BND
2020-01-08,69.02291107177734,69.21196638222199,68.96537168103464,69.15442699147928,3674400,BND
2020-01-09,69.10511779785156,69.12977664386831,68.93249960441035,68.9736018619876,5886600,BND
2020-01-10,69.2201919555664,69.24485079993096,69.12977201201402,69.1790959720667,4525700,BND
2020-01-13,69.17910766601562,69.19554480792931,69.12978369762529,69.19554480792931,3735700,BND
2020-01-14,69.27771759033203,69.28593929392851,69.19551936833435,69.21195650420495,3492300,BND
2020-01-15,69.38455963134766,69.38455963134766,69.30235516325338,69.37633793027415,2594300,BND
2020-01-16,69.34346008300781,69.40099945011008,69.30235784736877,69.35168178439976,4784100,BND
2020-01-17,69.33528137207031,69.34350307856002,69.25308312114691,69.26952026280178,3090600,BND
2020-01-21,69.50788116455078,69.53254000616207,69.39280238948281,69.45034177701679,2910600,BND
2020-01-22,69.56541442871094,69.56541442871094,69.50787504624175,69.5325338856825,4192100,BND
2020-01-23,69.68875885009766,69.72986112263709,69.63944114011139,69.68875885009766,3104800,BND
2020-01-24,69.79560089111328,69.86957743345418,69.70518093625816,69.72983978370513,4548400,BND
2020-01-27,70.02576446533203,70.03397990096512,69.95178164535982,70.00932105141602,3208600,BND
2020-01-28,69.90247344970703,69.98467171648744,69.85315574390394,69.97645000841167,3993400,BND
2020-01-29,70.09973907470703,70.14084133703507,69.9846602657782,70.00931911464514,4177500,BND
2020-01-30,70.11617279052734,70.23946701780939,70.0586333940211,70.16549048144016,4795700,BND
2020-01-31,70.2970199584961,70.34634393023607,70.18194114331128,70.1983845576663,6264000,BND
2020-02-03,70.23358154296875,70.26653260433505,70.09353796096882,70.20063048160243,6030800,BND
2020-02-04,70.01939392089844,70.05234497809262,69.95349180651007,70.0441056426012,4180900,BND
2020-02-05,69.904052734375,69.96995483402938,69.87934101819715,69.92876445055286,3537200,BND
2020-02-06,69.97000122070312,69.98647361415203,69.89585973824725,69.9452894881426,3435700,BND
2020-02-07,70.18413543701172,70.20885344084986,70.11000027980992,70.15942371794446,4169700,BND
2020-02-10,70.2912368774414,70.34066032186523,70.24180714824591,70.30770926399212,2785500,BND
2020-02-11,70.17591857910156,70.28300481469172,70.16767924258775,70.25829308992263,3799400,BND
2020-02-12,70.0935287475586,70.12647980459367,70.06058397529502,70.10176808301024,4127500,BND
2020-02-13,70.15943145751953,70.20886118587774,70.10176867841126,70.13471973572621,2852500,BND
2020-02-14,70.23358154296875,70.29947738092903,70.22534220643408,70.28300499263204,3069000,BND
2020-02-18,70.34066772460938,70.40656984729121,70.28300493845586,70.37361878595028,3645200,BND
2020-02-19,70.3324203491211,70.37361074228228,70.28299690514497,70.31594796271959,3109600,BND
2020-02-20,70.50544738769531,70.50544738769531,70.39012176526859,70.4148397855958,8404000,BND
2020-02-21,70.67839050292969,70.78547670706236,70.62072773381665,70.64543945132645,6561500,BND
2020-02-24,70.90081787109375,70.99967104768967,70.89257853518446,70.9831923758711,6314500,BND
2020-02-25,70.9585189819336,71.04913287156631,70.90085616896508,70.91732856490954,7928900,BND
2020-02-26,70.91728210449219,71.08203737987616,70.84314694414776,70.90904905430135,8015900,BND
2020-02-27,70.99966430664062,71.15617396542623,70.94200153029408,71.05732708298717,9514600,BND
2020-02-28,71.46920013427734,71.55981395911064,71.17264694114489,71.2714938156752,16377200,BND
2020-03-02,71.42215728759766,71.73581461908005,71.39739619244449,71.66152503629219,10154400,BND
2020-03-03,71.85136413574219,72.23929842048311,71.43040666399443,71.45516775692175,9323900,BND
2020-03-04,71.83487701416016,72.14027862473613,71.8101159127975,72.02472262015709,7445600,BND
2020-03-05,72.10726165771484,72.22281766218795,72.04122785592165,72.12376695949817,5385000,BND
2020-03-06,72.6025161743164,72.85013982875361,72.35489881721031,72.80886712057037,10176200,BND
2020-03-09,72.44567108154297,73.72504917836217,72.40440468000894,73.67552697758946,12445600,BND
2020-03-10,71.47167205810547,72.379620768319,71.47167205810547,72.1732699336937,14177600,BND
2020-03-11,70.1180419921875,72.00821722615396,70.05201448197398,71.62853227877164,10511600,BND
2020-03-12,66.30461120605469,70.06844611619199,63.13506104699916,68.90463139416748,16986900,BND
2020-03-13,69.1028060913086,69.7053473296279,67.27040867563846,67.42723741039634,14137500,BND
2020-03-16,69.8291244506836,69.87039713847422,65.62782428351144,67.12180238107771,8411000,BND
2020-03-17,68.38467407226562,69.92818077950108,68.33515188077341,68.96246026143174,13629700,BND
2020-03-18,66.73387145996094,68.23610557231461,66.28815281598844,67.22086279770694,10076800,BND
2020-03-19,66.69261932373047,67.33643318135246,65.68562583469904,65.81768714781957,11007200,BND
2020-03-20,67.82341766357422,68.13707508666675,66.60182376548498,66.61007326805989,8864500,BND
2020-03-23,69.32562255859375,69.32562255859375,67.02274655755252,67.03100235394172,10973300,BND
2020-03-24,69.39988708496094,69.53194829288958,68.2938437690979,68.4671776467497,9371200,BND
2020-03-25,70.33262634277344,70.6958058713949,69.44944491416729,69.44944491416729,9655500,BND
2020-03-26,70.65450286865234,70.72879242096656,70.19227915585564,70.20053494996296,10803800,BND
2020-03-27,71.03419494628906,71.100228711388,70.33260350976065,70.4646710399585,4975200,BND
2020-03-30,71.10851287841797,71.45518083751706,71.00120639298567,71.00120639298567,6030800,BND
2020-03-31,70.4482192993164,71.33140119151098,70.4482192993164,71.19108404446413,8523900,BND
2020-04-01,70.81216430664062,71.35814898651655,70.77080584722384,71.24233520194491,5995000,BND
2020-04-02,71.14306640625,71.29197075118333,71.0520689559364,71.24233807333161,6356100,BND
2020-04-03,71.10995483398438,71.25058492058642,71.00241529329628,71.18441014013483,4151200,BND
2020-04-06,71.33334350585938,71.39125040695889,71.14307436717303,71.39125040695889,4373100,BND
2020-04-07,71.39949798583984,71.4656790857915,71.19268678202371,71.33332319726526,6009600,BND
2020-04-08,71.58150482177734,71.58150482177734,71.3085124723716,71.39124201683016,4572300,BND
2020-04-09,72.36740112304688,72.36740112304688,71.76350944809077,71.76350944809077,5070700,BND
2020-04-13,72.13578033447266,72.29295894520621,71.92070112243532,72.29295894520621,7018100,BND
2020-04-14,72.13578033447266,72.29295894520621,72.06133129447053,72.29295894520621,5818300,BND
2020-04-15,72.49147033691406,72.50801876974717,72.13575476753695,72.16884532182527,3922500,BND
2020-04-16,72.53284454345703,72.63211621923631,72.38394018547747,72.49147976737099,3459600,BND
2020-04-17,72.43357849121094,72.68175454423745,72.31776468283303,72.5576665177242,3528300,BND
2020-04-20,72.3177490234375,72.41702068542806,72.25156791544379,72.40874646908438,3705200,BND
2020-04-21,72.40872955322266,72.5576338557331,72.33428055765562,72.54935964132241,4513000,BND
2020-04-22,72.35083770751953,72.40047038154313,72.2432981433425,72.3425634913897,3240100,BND
2020-04-23,72.4666748046875,72.52458171347304,72.38395155090527,72.4418584596908,2587200,BND
2020-04-24,72.44186401367188,72.48322879942421,72.35914075354741,72.43358979424538,2272600,BND
2020-04-27,72.18545532226562,72.42535731193706,72.1689068753182,72.40880886498964,3117300,BND
2020-04-28,72.40047454833984,72.4252971981579,72.30120919457973,72.38393242650584,3118800,BND
2020-04-29,72.45011138916016,72.5576509563388,72.36738815968597,72.49974406456909,4867500,BND
2020-04-30,72.39218139648438,72.56590201635791,72.38390718276396,72.54108568657252,5390100,BND
2020-05-01,72.36235809326172,72.48668697836807,72.24631358452817,72.4286647240013,4857100,BND
2020-05-04,72.43696594238281,72.46183172301467,72.33749649590305,72.39551875869482,7276600,BND
2020-05-05,72.37064361572266,72.4203814945043,72.34577783830761,72.37064361572266,3625600,BND
2020-05-06,72.04739379882812,72.34579585000401,71.99766223161652,72.31263936387857,5006600,BND
2020-05-07,72.27951049804688,72.31266699684247,72.08886853491661,72.26293541062684,3425600,BND
2020-05-08,72.07222747802734,72.25458490851004,72.0307866317951,72.22142843715406,3078900,BND
2020-05-11,71.84842681884766,72.08880648524483,71.8069796500395,72.05565001498832,4344300,BND
2020-05-12,72.08055114746094,72.17172990440866,71.93135012008767,72.0059537957509,3942700,BND
2020-05-13,72.1634521484375,72.27121232995587,72.12201127581486,72.2297651333789,2628900,BND
2020-05-14,72.36235809326172,72.36235809326172,72.2628886612252,72.30433583889494,2844700,BND
2020-05-15,72.40383911132812,72.53646509428133,72.34581682477483,72.53646509428133,2871300,BND
2020-05-18,72.27120971679688,72.43698584920202,72.17174024298134,72.43698584920202,3573700,BND
2020-05-19,72.36235809326172,72.37064246963452,72.24631358452817,72.33748599228902,3083000,BND
2020-05-20,72.55298614501953,72.58614261606395,72.33747224520594,72.4203665847921,4388600,BND
2020-05-21,72.62760162353516,72.68562387633246,72.57786374688658,72.6110202233352,5762200,BND
2020-05-22,72.65248107910156,72.67734686013202,72.61932459641012,72.67734686013202,3710300,BND
2020-05-26,72.61107635498047,72.6608142700787,72.5530540573293,72.6608142700787,5193900,BND
2020-05-27,72.64419555664062,72.76024009235786,72.58617328878199,72.73537430955459,7606400,BND
2020-05-28,72.66907501220703,72.66907501220703,72.52816466717408,72.56961186227981,7381900,BND
2020-05-29,72.8762435913086,72.8928249864757,72.63586395298033,72.71046758333361,6196500,BND
2020-06-01,72.81731414794922,72.81731414794922,72.70935280206008,72.74256680377091,4345600,BND
2020-06-02,72.87544250488281,72.87544250488281,72.77578149908263,72.80900183434935,5445500,BND
2020-06-03,72.70935821533203,72.81731956925898,72.63461086558873,72.77579255983136,5036400,BND
2020-06-04,72.53495788574219,72.7841072976641,72.50174387787649,72.75919362369845,6341700,BND
2020-06-05,72.52664184570312,72.52664184570312,72.27749248773621,72.41867416705615,6465600,BND
2020-06-08,72.60138702392578,72.65952103264159,72.43529166648968,72.48511900649416,4491000,BND
2020-06-09,72.6512222290039,72.76749024888238,72.6512222290039,72.74257024222396,5445200,BND
2020-06-10,72.95849609375,72.95849609375,72.66782605674932,72.78409407154959,3951600,BND
2020-06-11,72.82562255859375,73.03324492297689,72.81731588990154,73.03324492297689,5026500,BND
2020-06-12,72.90038299560547,73.00835070898125,72.82564196585307,72.9419100140013,4087300,BND
2020-06-15,73.04984283447266,73.13289050266576,72.90866116493129,72.96679516627955,4486100,BND
2020-06-16,72.95849609375,73.1578117853888,72.90036208634986,73.1578117853888,9338500,BND
2020-06-17,72.97509765625,73.03323165427021,72.8422163258435,73.02492498708716,3900300,BND
2020-06-18,73.05815887451172,73.08307254455265,72.9834115282572,73.03324520447079,2988600,BND
2020-06-19,73.08307647705078,73.09968347926109,73.03324913428779,73.03324913428779,2606400,BND
2020-06-22,73.05815887451172,73.21595389961325,73.04154553706327,73.1827335608481,3048400,BND
2020-06-23,73.02496337890625,73.099704414456,73.00835637193983,73.09140407903975,3037100,BND
2020-06-24,73.03327941894531,73.08310678237018,72.95853203767328,73.00836573723288,3256700,BND
2020-06-25,73.10796356201172,73.19931788127671,73.08304989969031,73.19101121512631,4318400,BND
2020-06-26,73.2408676147461,73.25747461607301,73.12459959706236,73.22425427728741,2911700,BND
2020-06-29,73.29071044921875,73.2990171197042,73.19104941179263,73.26579677389549,3047300,BND
2020-06-30,73.36544799804688,73.38206133823039,73.22426628715098,73.37375466813863,5405900,BND
2020-07-01,73.38372802734375,73.38372802734375,73.2173275492948,73.33380915348333,3569200,BND
2020-07-02,73.50020599365234,73.50020599365234,73.3587649595342,73.40869017869493,4007000,BND
2020-07-06,73.47527313232422,73.49191699398786,73.36711342260394,73.42535424287998,4026800,BND
2020-07-07,73.59172821044922,73.59172821044922,73.45860910405523,73.52517183113774,3300800,BND
2020-07-08,73.55013275146484,73.62501106011581,73.50852945925575,73.61669547989092,2908100,BND
2020-07-09,73.74983978271484,73.79144308913608,73.57511732173766,73.59175483564216,3189700,BND
2020-07-10,73.6666259765625,73.84134840542295,73.64998211794408,73.84134840542295,2960500,BND
2020-07-13,73.69991302490234,73.71655053703059,73.6250283508936,73.65830972292275,3115800,BND
2020-07-14,73.79142761230469,73.83302456222815,73.74982431460923,73.7747837541177,3067300,BND
2020-07-15,73.7997817993164,73.85802263789344,73.74154096073937,73.81642566621004,3349900,BND
2020-07-16,73.84969329833984,73.93289357398665,73.84969329833984,73.89961219417309,2856100,BND
2020-07-17,73.92454528808594,73.9911080239835,73.85798255218837,73.97447051389506,2430300,BND
2020-07-20,73.99944305419922,74.04936194107438,73.94951781955106,74.04936194107438,2771000,BND
2020-07-21,74.0410385131836,74.0826418165868,74.02440100048604,74.05768237365402,3044700,BND
2020-07-22,74.1408920288086,74.16585147490456,74.09097313661665,74.14921396009848,5609100,BND
2020-07-23,74.20741271972656,74.24900965704974,74.17413136120598,74.24900965704974,4394900,BND
2020-07-24,74.19078063964844,74.24070585923681,74.12421791204466,74.18246505952628,2980400,BND
2020-07-27,74.1408920288086,74.28233312186819,74.04936982794094,74.2740111905783,5146900,BND
2020-07-28,74.17417907714844,74.24905742116113,74.11593824921384,74.2240979731569,5547800,BND
2020-07-29,74.29064178466797,74.29064178466797,74.1824820883118,74.21575711198098,3136200,BND
2020-07-30,74.33224487304688,74.35721066451808,74.2989698466314,74.31560735983913,2621100,BND
2020-07-31,74.43209838867188,74.44042032021247,74.27401342826981,74.34057618504687,5110000,BND
2020-08-03,74.4062271118164,74.45624122420844,74.32287873659422,74.4479044789642,6270000,BND
2020-08-04,74.56462097167969,74.56462097167969,74.4729358174045,74.4896093140413,5325100,BND
2020-08-05,74.46458435058594,74.50626172486434,74.41457658871144,74.48959459059769,4931500,BND
2020-08-06,74.581298828125,74.66464723895409,74.54795819197814,74.581298828125,3933400,BND
2020-08-07,74.49791717529297,74.67295068259521,74.47291329697462,74.63961641755331,3764400,BND
2020-08-10,74.41462707519531,74.59799747190847,74.40629032286867,74.58133032633401,3708400,BND
2020-08-11,74.15619659423828,74.26454886746419,74.08117859040908,74.26454886746419,8125700,BND
2020-08-12,73.96451568603516,74.05620085693535,73.93951179562183,74.05620085693535,4530800,BND
2020-08-13,73.7227783203125,73.98949700180549,73.64776667195899,73.98949700180549,3969800,BND
2020-08-14,73.63945770263672,73.79782416544353,73.6227905608516,73.76448352279591,3454400,BND
2020-08-17,73.73109436035156,73.80611234671137,73.67274986388202,73.7144272295345,3995400,BND
2020-08-18,73.83110046386719,73.87277146155216,73.77275597985076,73.82276372070146,6371100,BND
2020-08-19,73.70612335205078,73.93116469333559,73.68111946513869,73.93116469333559,4628100,BND
2020-08-20,73.83110046386719,73.91444881830897,73.82276372070146,73.89778169104935,4623400,BND
2020-08-21,73.989501953125,73.989501953125,73.83114189853416,73.91449029975176,3642100,BND
2020-08-24,73.9061508178711,74.00617271107731,73.88114693433833,73.97283208000857,2960400,BND
2020-08-25,73.76448059082031,73.81448837326535,73.63111802553074,73.78114773194295,4830800,BND
2020-08-26,73.7227783203125,73.77279244495648,73.6394299246725,73.73945181488548,4853800,BND
2020-08-27,73.45604705810547,73.86446493721976,73.44771667132068,73.86446493721976,5125700,BND
2020-08-28,73.51438903808594,73.5894070300917,73.4477141507264,73.54772966130254,4281200,BND
2020-08-31,73.73109436035156,73.79777560176625,73.56439761588805,73.59773823659539,16000300,BND
2020-09-01,73.93404388427734,73.95073990500076,73.62511335508121,73.68355898275662,7201700,BND
2020-09-02,74.09268951416016,74.11773673405821,73.91735260477712,73.92570380144201,5054900,BND
2020-09-03,74.10098266601562,74.2178738473744,74.06758427561431,74.15107706657177,7543900,BND
2020-09-04,73.66679382324219,74.00911607260407,73.66679382324219,73.99242006755043,6588300,BND
2020-09-08,73.77536010742188,73.8839001042263,73.74196171530699,73.82545451054824,4440300,BND
2020-09-09,73.72528839111328,73.85052443746693,73.6751876024779,73.80878121204701,6048200,BND
2020-09-10,73.74198150634766,73.77537990742609,73.61673909482697,73.66683988149144,5331800,BND
2020-09-11,73.81710815429688,73.85885136600304,73.76700738212094,73.83380416496098,5301400,BND
2020-09-14,73.81710815429688,73.91729695846513,73.80875696391892,73.88389856704511,4256400,BND
2020-09-15,73.85884094238281,73.88388813988999,73.80874654736846,73.85884094238281,3746900,BND
2020-09-16,73.84219360351562,73.97578086829833,73.75869439666941,73.95908484898617,4851800,BND
2020-09-17,73.84219360351562,73.98413206300198,73.82549121410833,73.97578086829833,2815400,BND
2020-09-18,73.7586441040039,73.90893365571829,73.75029928508533,73.90893365571829,2938800,BND
2020-09-21,73.8004150390625,73.89225903447547,73.79206384763606,73.88390784304903,4981500,BND
2020-09-22,73.8254623413086,73.86721192840362,73.76701674143112,73.80876632852616,4442200,BND
2020-09-23,73.6584701538086,73.8421581284712,73.6584701538086,73.81711092648848,4659600,BND
2020-09-24,73.66679382324219,73.75028658868975,73.63339544304523,73.74193540111808,4225900,BND
2020-09-25,73.6584701538086,73.72526693915718,73.63342295182589,73.72526693915718,5602600,BND
2020-09-28,73.72528839111328,73.73363321414091,73.66684277945026,73.70023481174863,4215100,BND
2020-09-29,73.77536010742188,73.84215689165165,73.7503129058587,73.80040730898506,7929700,BND
2020-09-30,73.6584701538086,73.72526693915718,73.58332217776842,73.70856455777401,6113600,BND
2020-10-01,73.73375701904297,73.7588468853277,73.57484602464955,73.59157047519183,4485900,BND
2020-10-02,73.6835708618164,73.7755712921009,73.58321139673703,73.7755712921009,5557100,BND
2020-10-05,73.40758514404297,73.58322700707868,73.40758514404297,73.58322700707868,6298400,BND
2020-10-06,73.50791931152344,73.63337499632813,73.38246362671875,73.48282945075074,5705900,BND
2020-10-07,73.40758514404297,73.51631642886926,73.36577081837004,73.44940585065984,3494600,BND
2020-10-08,73.53302001953125,73.55810988400509,73.47447487544493,73.50793015505742,5661600,BND
2020-10-09,73.54977416992188,73.54977416992188,73.39922855440388,73.45777371705286,4105000,BND
2020-10-12,73.6584701538086,73.68356001638548,73.56646973706557,73.59155959964247,3383500,BND
2020-10-13,73.71700286865234,73.76718258534845,73.67518218411188,73.7002784234005,4121100,BND
2020-10-14,73.75883483886719,73.79229011543036,73.70028970011701,73.74210401011482,6966400,BND
2020-10-15,73.71700286865234,73.80063785679272,73.68354759720808,73.75882355319281,3877900,BND
2020-10-16,73.6584701538086,73.77556043312849,73.6333802912317,73.73374612248091,3424500,BND
2020-10-19,73.59156799316406,73.62502327406288,73.53302284682671,73.60829882408467,5206600,BND
2020-10-20,73.46609497070312,73.5413709302202,73.44100511117772,73.5413709302202,4652700,BND
2020-10-21,73.38245391845703,73.46608890361512,73.36572947380155,73.43264001430417,4115700,BND
2020-10-22,73.25701904296875,73.38247474678445,73.24029459356633,73.37411571255433,5036700,BND
2020-10-23,73.34900665283203,73.39082734044517,73.24028179835533,73.24864721206617,3237300,BND
2020-10-26,73.45777130126953,73.52468187950909,73.43268142966568,73.44104046623767,4177000,BND
2020-10-27,73.63341522216797,73.65013967817258,73.51632488730161,73.57487005473479,3293100,BND
2020-10-28,73.53302001953125,73.67520017217774,73.50793015505742,73.67520017217774,4766400,BND
2020-10-29,73.3741226196289,73.54975806912748,73.29884663787651,73.53302723720795,4200700,BND
2020-10-30,73.24864196777344,73.39918749908485,73.18173142475935,73.33227695607076,9731400,BND
2020-11-02,73.35002136230469,73.41704107899349,73.32488177758965,73.35839483191482,4021200,BND
2020-11-03,73.33331298828125,73.34169285572064,73.241153622346,73.32493312084186,3985400,BND
2020-11-04,73.8359375,73.8862102725866,73.72702487799071,73.78567111937431,5667400,BND
2020-11-05,73.91133880615234,73.96998504384098,73.81917951950443,73.96160518361103,4128700,BND
2020-11-06,73.7437973022461,73.78569022492223,73.66001784885638,73.73542383128091,3844500,BND
2020-11-09,73.40027618408203,73.5259485200122,73.25785051960943,73.50918879950922,5712700,BND
2020-11-10,73.25788879394531,73.35004812897965,73.21599586276103,73.24950892931568,5169600,BND
2020-11-11,73.30809020996094,73.3164700671618,73.20755109942517,73.25782385067215,3365700,BND
2020-11-12,73.55111694335938,73.55111694335938,73.39193148212624,73.43382441149188,4178500,BND
2020-11-13,73.57625579833984,73.62652220387059,73.55112259557448,73.58463566324967,3199500,BND
2020-11-16,73.61812591552734,73.626499385878,73.5510998009494,73.57623299592561,4059400,BND
2020-11-17,73.7437973022461,73.76893689102931,73.66001784885638,73.69353090860479,5537500,BND
2020-11-18,73.82759094238281,73.83596441423207,73.76894467962184,73.82759094238281,6089500,BND
2020-11-19,73.9783935546875,74.01190022466287,73.86947450539714,73.90298756733549,6207000,BND
2020-11-20,74.04541778564453,74.07055737759802,73.93650512169955,73.99515138566429,6611300,BND
2020-11-23,73.98673248291016,74.03700524832757,73.95321943661854,74.02862538876467,3506600,BND
2020-11-24,73.91133880615234,73.9951182325703,73.89457908569244,73.97836490407092,4678800,BND
2020-11-25,73.87787628173828,73.98678897137019,73.8694964157774,73.95327589949154,5282000,BND
2020-11-27,74.03702545166016,74.04539892154801,73.96161947893714,73.96999934078676,2226300,BND
2020-11-30,74.13758850097656,74.1459683662482,74.02029595503117,74.03705568557443,4729900,BND
2020-12-01,73.91349792480469,74.07293458297242,73.84636333067759,74.064547560437,7331400,BND
2020-12-02,73.78762817382812,74.00581242136583,73.69531969995863,73.86314979664436,4631300,BND
2020-12-03,73.93028259277344,74.00581061605504,73.84636754647761,73.95545646643143,3685300,BND
2020-12-04,73.7372817993164,73.86315117302229,73.68692764752613,73.84637072396414,4880200,BND
2020-12-07,73.83797454833984,73.90510914668798,73.81280067453622,73.82958752527709,4734800,BND
2020-12-08,73.86317443847656,73.98066322812191,73.8547874124597,73.97226979979511,3737300,BND
2020-12-09,73.7372817993164,73.77923612311572,73.68692764752613,73.75406224837455,5163900,BND
2020-12-10,73.88834381103516,73.93029814185313,73.77924846582867,73.81281577186844,4731400,BND
2020-12-11,74.00582885742188,74.0393961646756,73.94708767030517,73.98065497755888,5317100,BND
2020-12-14,73.98065948486328,74.00583336625999,73.8547836755701,73.93869874766236,5176800,BND
2020-12-15,74.01420593261719,74.02259935887957,73.93029087691838,73.93868430318076,6539900,BND
2020-12-16,73.9386978149414,74.00583243269216,73.83799588831528,73.92191095934895,4186700,BND
2020-12-17,73.9554443359375,74.09810693377868,73.87992272735093,74.03936577077582,4963600,BND
2020-12-18,73.93028259277344,74.04776493804913,73.89671529379358,74.00581061605504,3472700,BND
2020-12-21,73.9386978149414,74.03100631377131,73.89673707826981,74.00583243269216,5364200,BND
2020-12-22,74.05616760253906,74.06456102890809,73.92189838986833,73.97225254577407,4697300,BND
2020-12-23,73.97279357910156,73.98121477138004,73.83808019659651,73.97279357910156,5643700,BND
2020-12-24,74.09911346435547,74.11594943171734,74.03175674792793,74.08227107350358,1980900,BND
2020-12-28,74.07383728027344,74.11593039961411,73.98122342484022,74.04015893070788,4706500,BND
2020-12-29,74.09911346435547,74.13279182256925,74.01492078056606,74.0485927152898,4884800,BND
2020-12-30,74.14960479736328,74.15802599017796,74.0738333324953,74.1159264495926,3609800,BND
2020-12-31,74.25065612792969,74.26749209376406,74.1664570282895,74.18329941761331,6134900,BND
2021-01-04,74.14960479736328,74.17486195231928,74.0738333324953,74.12434764240729,7568400,BND
2021-01-05,74.02336883544922,74.1244039555187,73.93917611380444,74.107561557094,6452700,BND
2021-01-06,73.6949691772461,73.76232588415711,73.53499860420472,73.76232588415711,5933700,BND
2021-01-07,73.54341888427734,73.60235439621962,73.52658291950343,73.55184007840883,6196100,BND
2021-01-08,73.47607421875,73.57710929441728,73.39188153410565,73.57710929441728,7688800,BND
2021-01-11,73.4002914428711,73.45922695540865,73.332934736117,73.45922695540865,5404300,BND
2021-01-12,73.38348388671875,73.38348388671875,73.19825608318271,73.32454192787402,6078800,BND
2021-01-13,73.5771255493164,73.67816064730468,73.43399731145163,73.47609045132812,7357100,BND
2021-01-14,73.48450469970703,73.6697324834239,73.42556917065993,73.58553978814103,7191900,BND
2021-01-15,73.54341888427734,73.6107755903511,73.48448337233508,73.53499769014587,4083600,BND
2021-01-19,73.64447021484375,73.65289141083585,73.50134200043018,73.56027752539403,7636500,BND
2021-01-20,73.6360092163086,73.66968755858238,73.5854949146414,73.6023308740348,5889500,BND
2021-01-21,73.53501892089844,73.58553967678444,73.47608339194052,73.52660414782652,7890800,BND
2021-01-22,73.5687026977539,73.60238106299273,73.50976716445878,73.59396628930155,4439800,BND
2021-01-25,73.7370834350586,73.74549820748433,73.62762715862003,73.66130551879417,5126900,BND
2021-01-26,73.72864532470703,73.77074487113906,73.66970981379555,73.70338816624339,4608700,BND
2021-01-27,73.72864532470703,73.8380951525458,73.72022413072284,73.77915964163432,4248500,BND
2021-01-28,73.66969299316406,73.72862849061909,73.59392153507365,73.72020729855767,4359300,BND
2021-01-29,73.61078643798828,73.65288599136063,73.4929153967337,73.4929153967337,6088400,BND
2021-02-01,73.6352310180664,73.67739760396498,73.55933888391023,73.56776705411578,5774700,BND
2021-02-02,73.54248046875,73.56777785051456,73.50874848182437,73.54248046875,4554500,BND
2021-02-03,73.41597747802734,73.50873882145265,73.41597747802734,73.49187604706523,4271700,BND
2021-02-04,73.432861328125,73.45815871160914,73.31480258271958,73.40756394464086,4652200,BND
2021-02-05,73.33164978027344,73.47500587870526,73.32321517633105,73.43284572642882,4401300,BND
2021-02-08,73.41597747802734,73.4665786686252,73.31478796426723,73.34008534270725,5571500,BND
2021-02-09,73.3822250366211,73.48342095588566,73.37379686863606,73.41595700970929,4474000,BND
2021-02-10,73.50031280517578,73.50031280517578,73.42441423391354,73.46658082169456,3735500,BND
2021-02-11,73.4244155883789,73.52561154068933,73.38224899982004,73.50031416104125,4578200,BND
2021-02-12,73.23046112060547,73.34009168161157,73.20516373997896,73.30635969620342,4825400,BND
2021-02-16,72.88471984863281,73.01964135713841,72.86785707271402,73.00277858121962,6702200,BND
2021-02-17,73.0364990234375,73.04493362692303,72.93530308276341,73.01120164669832,5217000,BND
2021-02-18,72.99433898925781,73.02807097250917,72.87628026473706,72.92688145647307,4607000,BND
2021-02-19,72.7413330078125,72.90155182937565,72.69073183399432,72.88468906058004,4011100,BND
2021-02-22,72.53895568847656,72.76664493190927,72.52209291630824,72.6823182036337,4809400,BND
2021-02-23,72.52210235595703,72.5642689424418,72.37031165181678,72.41247823830155,6475900,BND
2021-02-24,72.4799575805664,72.51368957316149,72.20167990066649,72.25227467269926,5164600,BND
2021-02-25,71.84750366210938,72.23541839500831,71.61138612641112,72.18481718470132,9956100,BND
2021-02-26,72.47151184082031,72.47151184082031,71.9318129575599,72.15949581023737,8580200,BND
2021-03-01,72.37775421142578,72.41998418480763,72.23418261135038,72.30174799140562,7152000,BND
2021-03-02,72.36931610107422,72.38620422503037,72.29330343479774,72.3355334097724,5338800,BND
2021-03-03,72.14129638671875,72.22574990714052,72.06529015135632,72.18352636862494,6022500,BND
2021-03-04,71.91325378417969,72.19195613298314,71.82880028425443,72.16661428395544,9701800,BND
2021-03-05,71.87102508544922,71.89636049153661,71.7190062055357,71.78657158402818,6871000,BND
2021-03-08,71.54167175292969,71.78659148532182,71.54167175292969,71.75280878671005,5806700,BND
2021-03-09,71.77812957763672,71.84569496109626,71.72745876173686,71.72745876173686,7671800,BND
2021-03-10,71.91325378417969,71.96392459545703,71.8203530012452,71.84568840688388,5286700,BND
2021-03-11,71.92172241210938,71.98084052394101,71.82037431608758,71.90482784107694,5510000,BND
2021-03-12,71.49095916748047,71.57541264298355,71.4318410902896,71.5669653624171,5717100,BND
2021-03-15,71.57544708251953,71.6176770622842,71.49944085101144,71.49944085101144,5012200,BND
2021-03-16,71.56697845458984,71.65987922765427,71.49941952786072,71.6176557038721,6159100,BND
2021-03-17,71.54167175292969,71.6176844356539,71.31364659153891,71.44877094259506,7370600,BND
2021-03-18,71.24606323242188,71.33896401933522,71.12782703878476,71.19539241897434,4905200,BND
2021-03-19,71.30520629882812,71.6768095766092,71.19541735011624,71.61769145908872,4969200,BND
2021-03-22,71.50787353515625,71.54165622643626,71.40653190470577,71.47409084387625,4748300,BND
2021-03-23,71.66834259033203,71.6852307149565,71.5163236951527,71.67678987433916,5148600,BND
2021-03-24,71.77812957763672,71.78657686141656,71.56699258686784,71.58388715442753,5148200,BND
2021-03-25,71.72745513916016,71.83724404919485,71.64300163579583,71.81190864252447,3876300,BND
2021-03-26,71.60077667236328,71.71901287402424,71.55855313942136,71.58388854786446,3376200,BND
2021-03-29,71.50787353515625,71.64300430027626,71.43186731231839,71.61766889266364,3775500,BND
2021-03-30,71.58389282226562,71.59233366332418,71.37275581477944,71.42342663469128,4769200,BND
2021-03-31,71.55012512207031,71.65991406935031,71.47411243288303,71.5839078235545,6949300,BND
2021-04-01,71.78034973144531,71.81420270269781,71.67030497178438,71.76341678779326,4780200,BND
2021-04-05,71.67030334472656,71.70416277323619,71.56873151722334,71.62798390260878,8200600,BND
2021-04-06,71.92427825927734,71.94120475215126,71.74652102297257,71.76344751584651,5400600,BND
2021-04-07,71.83960723876953,71.96657203508072,71.82267429391052,71.86500019803177,5480200,BND
2021-04-08,72.00044250488281,72.00890897861026,71.90733066796247,71.9242636154174,3872300,BND
2021-04-09,71.90731811523438,72.00889640814984,71.82267276681789,71.92425105973335,9748500,BND
2021-04-12,71.89036560058594,71.89036560058594,71.82264676316015,71.89036560058594,3995700,BND
2021-04-13,72.07661437988281,72.07661437988281,71.85653131029727,71.85653131029727,4097500,BND
2021-04-14,72.02581787109375,72.059677299704,71.95810547189892,72.00042491414249,4592300,BND
2021-04-15,72.33057403564453,72.42368588555857,72.17820977742412,72.22900216884969,5395000,BND
2021-04-16,72.1358871459961,72.21206604274145,72.00044938552274,72.1358871459961,6199700,BND
2021-04-19,72.09353637695312,72.11046932018856,72.00042456323514,72.04275046329809,6165300,BND
2021-04-20,72.21205139160156,72.25437729766892,72.06815364381502,72.0766201166338,6383700,BND
2021-04-21,72.28824615478516,72.28824615478516,72.15280840413448,72.18666784179715,4508300,BND
2021-04-22,72.32206726074219,72.33899374158855,72.19509605131054,72.29667431046065,4007800,BND
2021-04-23,72.33057403564453,72.37289995216115,72.24592866063945,72.35597346037139,6435700,BND
2021-04-26,72.27977752685547,72.36442288947593,72.26285103754226,72.33902992649251,3797400,BND
2021-04-27,72.09353637695312,72.26283351917928,72.07660989174333,72.26283351917928,4450300,BND
2021-04-28,72.12739562988281,72.14432857307705,71.97503143126285,72.1189291582857,5479200,BND
2021-04-29,72.06815338134766,72.06815338134766,71.90732268850928,72.00043451509713,6247600,BND
2021-04-30,72.16975402832031,72.16975402832031,72.04278272929012,72.13589458471036,6867600,BND
2021-05-03,72.18753051757812,72.32317019212098,72.1536189819514,72.1620984828491,4601200,BND
2021-05-04,72.28079986572266,72.39100752725173,72.23840882084552,72.26384086058566,5520300,BND
2021-05-05,72.32318115234375,72.34861319092688,72.20449399364577,72.23840553441163,5950300,BND
2021-05-06,72.3570785522461,72.39946958691013,72.26382345035624,72.2723029508818,4143600,BND
2021-05-07,72.36555480957031,72.56901753731879,72.31469074462407,72.4672894074263,4886300,BND
2021-05-10,72.19599151611328,72.39097471104168,72.17903251866413,72.37402218155493,6211800,BND
2021-05-11,72.0518798828125,72.09427091669396,72.00949531689471,72.07731191595592,6630800,BND
2021-05-12,71.79753875732422,71.93317839634548,71.77210672925538,71.93317839634548,7011700,BND
2021-05-13,71.94166564941406,71.9755771798152,71.78906699659048,71.78906699659048,6991000,BND
2021-05-14,72.11122131347656,72.11122131347656,71.99253418368049,72.04340471642415,6262100,BND
2021-05-17,72.04341125488281,72.09427532427927,72.01797275222052,72.09427532427927,4753000,BND
2021-05-18,71.96710205078125,72.00101358324183,71.93319051832067,71.98406105099328,4631000,BND
2021-05-19,71.89083099365234,72.06038224704734,71.80604889898912,71.98408612340931,6511300,BND
2021-05-20,72.1281967163086,72.13666975038981,71.9671185172561,71.9671185172561,5283900,BND
2021-05-21,72.1451416015625,72.1875326393329,72.0857980294625,72.16210060385637,5050800,BND
2021-05-24,72.22991180419922,72.26382333828509,72.17904773705229,72.1875272375647,6954500,BND
2021-05-25,72.41642761230469,72.41642761230469,72.26382893108986,72.27230843225854,5235500,BND
2021-05-26,72.39099884033203,72.45034241525958,72.33165526540448,72.3740463051947,4834400,BND
2021-05-27,72.28926086425781,72.34860443642597,72.22991729208965,72.3316519020769,5215200,BND
2021-05-28,72.28079986572266,72.39100752725173,72.27232036315417,72.28927290032581,5258500,BND
2021-06-01,72.27568054199219,72.29265975885714,72.15680658950386,72.23322278261297,5398000,BND
2021-06-02,72.35210418701172,72.36908988377067,72.25020944089368,72.26719513765262,5479900,BND
2021-06-03,72.21626281738281,72.2841861810944,72.19927711784521,72.2841861810944,4829000,BND
2021-06-04,72.50492095947266,72.50492095947266,72.29264516172782,72.30963085330762,19321400,BND
2021-06-07,72.45401000976562,72.47948208065296,72.42004508920044,72.45401000976562,10706500,BND
2021-06-08,72.58984375,72.60682944480122,72.54739246928585,72.58984375,5099600,BND
2021-06-09,72.73421478271484,72.80213814479959,72.68326416346864,72.75968685326488,4810300,BND
2021-06-10,72.88704681396484,72.90403251300425,72.60684756127542,72.63231963168845,7400300,BND
2021-06-11,72.87002563476562,72.89549769051195,72.8020958340139,72.87002563476562,4194500,BND
2021-06-14,72.68326568603516,72.81912536934287,72.66628646469482,72.81912536934287,4438400,BND
2021-06-15,72.68326568603516,72.70873775711878,72.6153358443813,72.64930076520822,6173600,BND
2021-06-16,72.47947692871094,72.79364756299746,72.39456787240655,72.75118979577239,7302400,BND
2021-06-17,72.72574615478516,72.91255003856284,72.58140005482905,72.59837928146871,6467500,BND
2021-06-18,72.95497131347656,73.01440829947151,72.70873052059878,72.78515320438976,5842800,BND
2021-06-21,72.70026397705078,72.81064513024639,72.68327827462231,72.78517305475104,7907000,BND
2021-06-22,72.80213165283203,72.81062450164009,72.60684147726552,72.61532784792804,4082900,BND
2021-06-23,72.7511978149414,72.81912765873093,72.70874004303634,72.75969066495172,5739900,BND
2021-06-24,72.7851333618164,72.83607748502502,72.7596613002121,72.79362620839912,4852100,BND
2021-06-25,72.6492691040039,72.81060078808544,72.55586723197179,72.8021079420434,6018500,BND
2021-06-28,72.84458923339844,72.88704052103964,72.74269448239762,72.75968017997052,5664100,BND
2021-06-29,72.8785400390625,72.8785400390625,72.73419402836994,72.73419402836994,10672700,BND
2021-06-30,72.92948150634766,73.00590417155041,72.91250229082706,72.93797435317997,4846600,BND
2021-07-01,72.92269897460938,72.94821025102071,72.82064738084695,72.90569361970752,5768000,BND
2021-07-02,73.05025482177734,73.05025482177734,72.91418604317569,72.93119788455913,4315700,BND
2021-07-06,73.31388092041016,73.36490346898886,73.13529551226813,73.13529551226813,5711600,BND
2021-07-07,73.4669418334961,73.50946494173712,73.3308795657325,73.39040802440071,5933900,BND
2021-07-08,73.53495025634766,73.6199899546985,73.45840998615273,73.50943899565372,6991200,BND
2021-07-09,73.30537414550781,73.3649026141949,73.30537414550781,73.3649026141949,10304900,BND
2021-07-12,73.27984619140625,73.38189775226199,73.23732957380261,73.35638648407681,9073900,BND
2021-07-13,73.05025482177734,73.33089181155593,73.02474354781866,73.27136334294681,8583600,BND
2021-07-14,73.29689025878906,73.31389561568506,73.18633273055262,73.20334457556648,5036200,BND
2021-07-15,73.4754409790039,73.48394689749102,73.2883497009761,73.42441195619601,3423000,BND
2021-07-16,73.40741729736328,73.44994040787654,73.29686629339083,73.3053657250009,5725100,BND
2021-07-19,73.8241195678711,73.89215395224535,73.71356855934992,73.73907983146127,6493300,BND
2021-07-20,73.74755859375,74.05370672257808,73.70503549714635,74.02819545986135,6762200,BND
2021-07-21,73.50950622558594,73.594546001712,73.44147180943747,73.55202286958945,6293000,BND
2021-07-22,73.67108154296875,73.7306100364338,73.51800734718444,73.51800734718444,4894900,BND
2021-07-23,73.58602142333984,73.61153270089856,73.47547039121295,73.48397631310499,8887500,BND
2021-07-26,73.5434799194336,73.6710362640906,73.517962162387,73.6710362640906,5427900,BND
2021-07-27,73.73056030273438,73.74757213974601,73.64552058202057,73.71355495383753,4344100,BND
2021-07-28,73.79861450195312,73.79861450195312,73.56050062473471,73.63703444750497,6636700,BND
2021-07-29,73.67108154296875,73.72211060030965,73.62856489799039,73.64557025835789,5201000,BND
2021-07-30,73.78160858154297,73.79861393487795,73.70506827124431,73.73057954530503,7557200,BND
2021-08-02,73.9570541381836,74.05074665140998,73.78670116036213,73.8292910293929,4660800,BND
2021-08-03,73.97412872314453,74.05078923182064,73.94005810798909,73.96560944477933,5297700,BND
2021-08-04,73.97412872314453,74.14448179892179,73.79526286730746,74.11041118376635,3916900,BND
2021-08-05,73.8037338256836,73.92297765150494,73.77818250562204,73.90593910592982,4613800,BND
2021-08-06,73.45453643798828,73.59081884893163,73.43750438577187,73.52267764345996,4329800,BND
2021-08-09,73.31825256347656,73.56525953276083,73.31825256347656,73.52266965939026,4541300,BND
2021-08-10,73.20752716064453,73.35232884233541,73.20752716064453,73.35232884233541,4312300,BND
2021-08-11,73.25862121582031,73.36934577471708,73.13085811044621,73.22455062116713,6494000,BND
2021-08-12,73.26713562011719,73.29269344040156,73.16493033218619,73.23307152300794,4946500,BND
2021-08-13,73.55673217773438,73.55673217773438,73.34379583087858,73.36082787937433,4329600,BND
2021-08-16,73.62490844726562,73.76118439506584,73.59935711319713,73.65045978133412,3918900,BND
2021-08-17,73.5482406616211,73.65045248607545,73.53120860669739,73.56527921484884,7168400,BND
2021-08-18,73.53119659423828,73.61636985155052,73.45453611384518,73.53119659423828,4561900,BND
2021-08-19,73.69302368164062,73.69302368164062,73.5993376476025,73.66747235432996,5345600,BND
2021-08-20,73.67598724365234,73.73560916992898,73.65043591786272,73.71005784413936,3581200,BND
2021-08-23,73.69302368164062,73.70154295684517,73.61636969970861,73.65895957742838,4005500,BND
2021-08-24,73.5482406616211,73.65897176268933,73.5482406616211,73.6334139328477,5164800,BND
2021-08-25,73.42897033691406,73.59080404277329,73.36934841869777,73.58228476922761,3904900,BND
2021-08-26,73.4374771118164,73.46302842980302,73.34378461366506,73.45450915770728,4810900,BND
2021-08-27,73.65039825439453,73.65039825439453,73.3948721305646,73.45449402635167,4780900,BND
2021-08-30,73.73560333251953,73.73560333251953,73.58228889161666,73.59932743966257,4119000,BND
2021-08-31,73.6419448852539,73.76970806150246,73.58232293611194,73.72711816998458,4974900,BND
2021-09-01,73.65471649169922,73.71443817152759,73.57794263214653,73.71443817152759,4792400,BND
2021-09-02,73.75709533691406,73.75709533691406,73.65472367239792,73.71444535804864,4885100,BND
2021-09-03,73.603515625,73.62058081741397,73.54380046847898,73.58645694104996,4059700,BND
2021-09-07,73.39025115966797,73.44996632016017,73.33053599917577,73.4329076350757,4839700,BND
2021-09-08,73.50969696044922,73.57794473208757,73.44144918881086,73.47557307463005,4864600,BND
2021-09-09,73.7741470336914,73.79973831802039,73.52675377106956,73.58646893732553,5504600,BND
2021-09-10,73.5949935913086,73.6888326376616,73.4585045747273,73.65470875640007,3711400,BND
2021-09-13,73.70587921142578,73.7229378935144,73.64616406142078,73.65469014823347,4047300,BND
2021-09-14,73.88504028320312,73.9447554458339,73.74001867516617,73.76560995794156,4758300,BND
2021-09-15,73.81681060791016,73.87652578517059,73.7315041416047,73.86799318600019,6204400,BND
2021-09-16,73.68030548095703,73.75707933133428,73.62059031673091,73.66324028634114,4604000,BND
2021-09-17,73.58650207519531,73.60356076960826,73.51825428060765,73.57796947375488,6217800,BND
2021-09-20,73.79118347167969,73.81677474829266,73.68881185676477,73.69734445179012,6195100,BND
2021-09-21,73.7741470336914,73.80826440715339,73.74002315176443,73.79973831802039,6962300,BND
2021-09-22,73.8509292602539,73.87652054748456,73.70590762696975,73.77415539856196,6006200,BND
2021-09-23,73.45850372314453,73.68030569454082,73.42437984227858,73.66324049987546,5222300,BND
2021-09-24,73.30494689941406,73.3902533443045,73.26229042273656,73.37319465871224,4170600,BND
2021-09-27,73.21964263916016,73.29641648931288,73.16845356392693,73.19405135577591,4858500,BND
2021-09-28,72.90401458740234,73.04903622467583,72.84429941273292,72.99785364880658,6253700,BND
2021-09-29,72.91252136230469,73.08313422708574,72.83574101722868,73.00636039047335,5123500,BND
2021-09-30,72.8954849243164,72.93814141156929,72.83576974724207,72.88695883363876,5877700,BND
2021-10-01,73.14325714111328,73.17743302277941,72.98946893280717,73.01509921446103,6029900,BND
2021-10-04,73.09193420410156,73.15174031638544,72.99795223931586,73.05775835159973,7280000,BND
2021-10-05,72.91253662109375,73.06632475568628,72.88690635172496,73.04924008223368,4395400,BND
2021-10-06,72.94673156738281,72.97236836183733,72.88692541708528,72.92964688946131,7177800,BND
2021-10-07,72.7416763305664,72.83565834667776,72.72459165417385,72.8185736702852,5363500,BND
2021-10-08,72.56226348876953,72.6904213859252,72.51954201692384,72.6904213859252,4547100,BND
2021-10-11,72.45121765136719,72.51956290026759,72.43412645035461,72.47684793450276,3286600,BND
2021-10-12,72.71605682373047,72.74168710130479,72.52809276367626,72.52809276367626,5529600,BND
2021-10-13,72.91253662109375,72.92962781292614,72.79292435178621,72.79292435178621,5018100,BND
2021-10-14,73.04071044921875,73.04925604700256,72.90401347658376,72.95527402652422,4336400,BND
2021-10-15,72.86132049560547,72.91258106558936,72.82714460948827,72.91258106558936,5801200,BND
2021-10-18,72.81857299804688,72.86983354513224,72.67332391733692,72.75876685365367,5863600,BND
2021-10-19,72.61357116699219,72.74172914732328,72.60503208178626,72.74172914732328,3865900,BND
2021-10-20,72.5280990600586,72.6733416578433,72.5280990600586,72.58790521905127,5332400,BND
2021-10-21,72.42556762695312,72.52809525915998,72.39993734849693,72.51101057964989,6073300,BND
2021-10-22,72.579345703125,72.60498249639116,72.44264873094482,72.51100047622552,6076100,BND
2021-10-25,72.61357116699219,72.67337735536195,72.5452258934165,72.55376497862243,4652500,BND
2021-10-26,72.75879669189453,72.75879669189453,72.57083258432336,72.68189932135017,5752800,BND
2021-10-27,73.02362823486328,73.12614933820188,72.79294271558852,72.88692473923655,7618400,BND
2021-10-28,72.92961120605469,73.05776904209549,72.8783506789897,72.98087173311968,6225800,BND
2021-10-29,72.94673156738281,72.99799863791034,72.73313724226568,72.75877403672021,8975200,BND
2021-11-01,72.8902816772461,72.89884071134566,72.71914016703555,72.75336324617355,5201400,BND
2021-11-02,73.02716064453125,73.06994926710134,72.91591936592708,72.92447839616653,4199400,BND
2021-11-03,72.8988265991211,73.08708614108627,72.79613779569584,73.06996807620096,5058700,BND
2021-11-04,73.23252868652344,73.23252868652344,72.9415804538172,72.95013948294495,5564100,BND
2021-11-05,73.45502471923828,73.50637237481847,73.22398311932386,73.27532424627651,4595900,BND
2021-11-08,73.29244995117188,73.36090914666653,73.24966132183066,73.35235011507264,6517200,BND
2021-11-09,73.49781036376953,73.61761067421946,73.48069883168837,73.5234809262049,6027800,BND
2021-11-10,73.00151824951172,73.39514892025257,72.90738846644003,73.37803738179849,6206400,BND
2021-11-11,72.88170623779297,73.03573617376304,72.86459470207569,73.01006560587281,3847100,BND
2021-11-12,72.8902816772461,73.04431164788764,72.83038149580939,72.98441146645094,4890900,BND
2021-11-15,72.59077453613281,72.8389342746678,72.58221550276828,72.82181620793874,6239500,BND
2021-11-16,72.53941345214844,72.69344338108235,72.51374288543086,72.59076111421199,5580700,BND
2021-11-17,72.69346618652344,72.71058425545769,72.48809505972518,72.50521312865945,6589200,BND
2021-11-18,72.77902221679688,72.80469278407004,72.65066285180248,72.66777438710844,5320700,BND
2021-11-19,72.93305206298828,73.01862279667405,72.89882246378828,72.95016359827405,5498200,BND
2021-11-22,72.57365417480469,72.78758430174716,72.52231303349988,72.74480219353629,7497100,BND
2021-11-23,72.28270721435547,72.48807829365258,72.28270721435547,72.47096675730653,5779500,BND
2021-11-24,72.45382690429688,72.47094496412416,72.24845588675815,72.29124450769939,4757400,BND
2021-11-26,72.96729278564453,73.010081427153,72.77048070341777,72.81326281629617,4402500,BND
2021-11-29,72.95869445800781,72.98436501533828,72.71053485610334,72.72764638478165,6133000,BND
2021-11-30,73.09563446044922,73.33523512609635,72.94160452844342,73.155534626861,11234800,BND
2021-12-01,73.14275360107422,73.15989875732413,72.90277372526516,72.98848642859228,7737300,BND
2021-12-02,73.15135955810547,73.23706576157906,73.01423094034055,73.2113545544334,8831600,BND
2021-12-03,73.43419647216797,73.56275904783652,73.06565390936568,73.07422649146737,7440900,BND
2021-12-06,73.23704528808594,73.4598865859931,73.20276804745008,73.44274796567518,6865000,BND
2021-12-07,73.07416534423828,73.23700503412367,73.06559276930997,73.12558771589065,5351200,BND
2021-12-08,72.85137939453125,73.02279178928585,72.80852302636075,73.00565316539587,9064200,BND
2021-12-09,72.88565063476562,73.00564059823155,72.82565565303265,72.91993441560768,8096700,BND
2021-12-10,72.9113540649414,73.08276641192042,72.89421544582827,72.98849419835528,6869100,BND
2021-12-13,73.159912109375,73.21990708927665,73.0484947292612,73.06563334967778,4955300,BND
2021-12-14,73.0399169921875,73.10848454693705,72.91992704085675,73.0656281904781,5165800,BND
2021-12-15,72.94564819335938,73.03135437901088,72.8256582256547,72.88565320950704,6036000,BND
2021-12-16,73.0399169921875,73.12562316614347,72.97992201652212,72.97992201652212,6067700,BND
2021-12-17,73.16850280761719,73.26278159066045,73.1256464375197,73.1427850621803,4884200,BND
2021-12-20,73.04850769042969,73.21992008085925,73.02278994679806,73.1770637137701,7129100,BND
2021-12-21,72.97137451171875,73.01423088290393,72.8085281479721,73.01423088290393,6237800,BND
2021-12-22,73.04850769042969,73.04850769042969,72.92851117037273,73.03993510921914,5110000,BND
2021-12-23,72.93757629394531,73.02355585516247,72.86019009697584,73.02355585516247,4631200,BND
2021-12-27,72.97197723388672,73.02356366416957,72.92038424378313,72.94617745892455,5311700,BND
2021-12-28,72.96334838867188,73.10091433483986,72.92035534059667,73.09232097307932,5674800,BND
2021-12-29,72.72262573242188,72.84299843277375,72.67103274668523,72.80000537129658,7757900,BND
2021-12-30,72.88597106933594,72.90317091458296,72.70541205315585,72.81719136780467,6352100,BND
2021-12-31,72.86880493164062,73.00637750559457,72.85161163980707,72.89459814930164,7162600,BND
2022-01-03,72.37871551513672,72.6022676722207,72.37011558914308,72.6022676722207,7244300,BND
2022-01-04,72.3701171875,72.37871711368356,72.22395124148751,72.3099308238583,7384500,BND
2022-01-05,72.12078094482422,72.4045195064384,72.10358765010025,72.4045195064384,7076500,BND
2022-01-06,72.04337310791016,72.0691663198215,71.94879362435525,72.00897997208838,6011000,BND
2022-01-07,71.84561157226562,71.98318411048871,71.74243872841798,71.97458418689484,6345100,BND
2022-01-10,71.78540802001953,71.8112012247989,71.63064223152526,71.69082856261646,5912300,BND
2022-01-11,71.9316177368164,71.94881102897644,71.71666550579769,71.7682519420993,6755600,BND
2022-01-12,71.90579986572266,72.04337240767259,71.89720650171567,71.9917859843513,6672700,BND
2022-01-13,72.02619934082031,72.04339919486924,71.85424015926483,71.92302645581594,5746300,BND
2022-01-14,71.63066864013672,71.88001397796205,71.62207527525416,71.87141405325897,6843000,BND
2022-01-18,71.18355560302734,71.43290088708444,71.18355560302734,71.38990783266046,7453100,BND
2022-01-19,71.35550689697266,71.46728620232214,71.31252040706919,71.33831361297494,8644100,BND
2022-01-20,71.43290710449219,71.4844935264357,71.38991404632615,71.45870031546394,4951300,BND
2022-01-21,71.6994400024414,71.77682618902945,71.60486052984444,71.66504687060441,5204500,BND
2022-01-24,71.5876693725586,71.7940216098975,71.57906944938883,71.75102855386803,10332200,BND
2022-01-25,71.49308776855469,71.7080399226635,71.48448784564097,71.62206037298381,5872700,BND
2022-01-26,71.09758758544922,71.58767831020351,71.09758758544922,71.55328517304987,7382500,BND
2022-01-27,71.32975006103516,71.44152286355752,71.26956369662746,71.27816362292049,6295600,BND
2022-01-28,71.41570281982422,71.43290266594977,71.16635752955777,71.17495745262055,5992500,BND
2022-01-31,71.36412048339844,71.43290675219698,71.25234771646554,71.27814092731008,8033400,BND
2022-02-01,71.33568572998047,71.40458571008165,71.21511405013528,71.38735742972447,5013300,BND
2022-02-02,71.43904876708984,71.60268462214546,71.40460533823497,71.43904876708984,7248800,BND
2022-02-03,71.13764190673828,71.20654192749598,71.0601343113866,71.1462560519999,6156500,BND
2022-02-04,70.69840240478516,70.81036656521506,70.62950896452064,70.79313827714891,7746000,BND
2022-02-07,70.75868225097656,70.81035396464674,70.63810396797027,70.69838982414065,6252200,BND
2022-02-08,70.5261459350586,70.62949593238588,70.5261459350586,70.60366007572043,6727000,BND
2022-02-09,70.57783508300781,70.74147097653211,70.56922750910334,70.64673509824615,5862000,BND
2022-02-10,69.9319076538086,70.3539152915632,69.9319076538086,70.30223699817827,8869700,BND
2022-02-11,70.38836669921875,70.44003842296641,69.88885146743537,70.14721665684047,11100900,BND
2022-02-14,69.99217987060547,70.1558157215231,69.91467230164369,70.08691572422458,6301600,BND
2022-02-15,69.84577178955078,70.00079349699716,69.82855007568578,69.9060576440763,6731200,BND
2022-02-16,69.94051361083984,69.98357775517523,69.72520603049469,69.96634946917472,7142400,BND
2022-02-17,70.09554290771484,70.1816646350281,69.97497117534296,70.0180353243329,6833600,BND
2022-02-18,70.21609497070312,70.23332325373966,70.11275155514309,70.19025911681312,4744400,BND
2022-02-22,70.17304229736328,70.17304229736328,70.01802059254932,70.09552815962368,7058800,BND
2022-02-23,69.81998443603516,70.03529214757722,69.81998443603516,70.01807042174862,7938900,BND
2022-02-24,69.97496032714844,70.1730461828597,69.8888386131866,70.09553204082812,8883500,BND
2022-02-25,70.03524017333984,70.04385431519641,69.88021847324676,69.93189018305611,5923200,BND
2022-02-28,70.55199432373047,70.57783018498509,70.31085085779844,70.32807914574596,6494400,BND
2022-03-01,70.92204284667969,71.15493889634787,70.75814889033911,70.76677661989109,9319000,BND
2022-03-02,70.05082702636719,70.65464306058102,70.05082702636719,70.61151099348379,6491500,BND
2022-03-03,70.36135864257812,70.41311185765336,70.17158807926305,70.27510109044292,10349100,BND
2022-03-04,70.61148834228516,70.7494990668713,70.53385196262073,70.63736494183084,8042600,BND
2022-03-07,70.26647186279297,70.4993744877247,70.19746319014436,70.32685280610319,6425400,BND
2022-03-08,69.93866729736328,69.98179276766535,69.84378204926085,69.91279069897664,8565900,BND
2022-03-09,69.74888610839844,69.86964793637429,69.68850519441051,69.7833904279667,5761500,BND
2022-03-10,69.37800598144531,69.53327220302636,69.25724409588551,69.50739559626771,8261200,BND
2022-03-11,69.32627868652344,69.42978515225535,69.29177433760225,69.3521553029564,7883400,BND
2022-03-14,68.68792724609375,68.9553341848468,68.67067836989776,68.94670645623447,15449700,BND
2022-03-15,68.8000717163086,69.01571887614317,68.71381416858058,68.95533793463065,6265000,BND
2022-03-16,68.90357208251953,68.90357208251953,68.45502892515655,68.8086868140532,8156400,BND
2022-03-17,68.96395874023438,69.14510814490146,68.91220552806037,69.02433968144707,6774600,BND
2022-03-18,69.1623764038086,69.20550848006016,69.04161448754125,69.06749110087985,8895700,BND
2022-03-21,68.45502471923828,68.86044237213467,68.42052038909519,68.83456576978436,6831300,BND
2022-03-22,68.28250885009766,68.3601386562397,68.18762358857205,68.27388112240588,6488400,BND
2022-03-23,68.59304809570312,68.59304809570312,68.26526677049847,68.42916072361544,8919400,BND
2022-03-24,68.50679779052734,68.52405325111691,68.23939738065874,68.25664626021835,18907400,BND
2022-03-25,67.90296936035156,68.23075062884412,67.80808409665116,68.23075062884412,21372500,BND
2022-03-28,68.10135650634766,68.17899289013486,67.93746917351281,67.98059464803663,7494000,BND
2022-03-29,68.40331268310547,68.42918930102964,68.13590560881434,68.21354204361887,7308100,BND
2022-03-30,68.5585708618164,68.5844474766796,68.21353397456757,68.22215512550113,7071800,BND
2022-03-31,68.61031341552734,68.72244758949644,68.52405585239494,68.59305795428273,8244200,BND
2022-04-01,68.46157836914062,68.57399897895353,68.1156804729035,68.16756944568394,6326900,BND
2022-04-04,68.51346588134766,68.52210854541545,68.27998200244723,68.49616735830507,9091700,BND
2022-04-05,67.8216781616211,68.33187249528493,67.77843844633075,68.31458056764134,6956300,BND
2022-04-06,67.61412048339844,67.79571535429741,67.36334472907542,67.45846679442043,8649400,BND
2022-04-07,67.47575378417969,67.61411554091373,67.37198906408084,67.53628540338791,9157600,BND
2022-04-08,67.1125717163086,67.29416659462574,67.0260989072222,67.15581141957801,8989600,BND
2022-04-11,66.80127716064453,66.96558014769408,66.74074552290844,66.93098969792293,7858300,BND
2022-04-12,67.0174560546875,67.2336413967994,66.98286560825522,67.12122739398431,8168200,BND
2022-04-13,67.09524536132812,67.32007984964133,67.07795344566543,67.09524536132812,7790300,BND
2022-04-14,66.63694763183594,67.10390862157355,66.59371453493219,67.0693181855799,7046100,BND
2022-04-18,66.4207763671875,66.65426021003793,66.39483518408245,66.6456109498521,7187800,BND
2022-04-19,66.0057144165039,66.28243140803086,65.97977322940037,66.17866006216319,11568000,BND
2022-04-20,66.4207763671875,66.50725577414097,66.20459104470875,66.24783074818549,7366100,BND
2022-04-21,66.06620788574219,66.31698354529235,65.86731457042667,66.30833428877001,7869900,BND
2022-04-22,65.97975158691406,66.12675599724984,65.80679940053257,65.87598027508517,8625100,BND
2022-04-25,66.39482879638672,66.60236483871306,66.29970673585134,66.29970673585134,6091600,BND
2022-04-26,66.56776428222656,66.72341792425243,66.49858341967058,66.68882749297444,8837100,BND
2022-04-27,66.36023712158203,66.645603297878,66.29106284039501,66.57642241923928,10802000,BND
2022-04-28,66.33429718017578,66.33429718017578,66.10081995722477,66.18729275841211,7644000,BND
2022-04-29,65.8846435546875,66.17000317740458,65.85870237057256,65.96246710703232,7120400,BND
2022-05-02,65.54763793945312,65.70357362770066,65.47832878266422,65.68624964334593,10166700,BND
2022-05-03,65.7035903930664,65.97216179173262,65.65161181705403,65.91151791648929,7769000,BND
2022-05-04,66.12811279296875,66.12811279296875,65.53033265176387,65.65162041814058,12238000,BND
2022-05-05,65.46965026855469,65.72955624920044,65.20108560232208,65.72955624920044,10540000,BND
2022-05-06,65.1924057006836,65.42631574311028,65.12309657341562,65.20107099401262,8803000,BND
2022-05-09,65.48698425292969,65.51298014271221,65.09713183209247,65.1317864087845,7420300,BND
2022-05-10,65.6775894165039,65.86818630754459,65.61694555205328,65.74689857864334,24792700,BND
2022-05-11,65.90282440185547,65.92014838321367,65.38301903521928,65.42633229345671,9843600,BND
2022-05-12,66.03282165527344,66.18009872942598,65.98084306667566,66.04148695660248,6079800,BND
2022-05-13,65.79023742675781,65.92884918131722,65.74691753550883,65.89419459025551,5024800,BND
2022-05-16,65.8941879272461,66.05013026641166,65.86819863899962,65.87686393831069,6104400,BND
2022-05-17,65.50431823730469,65.69491511413582,65.48698764321912,65.56496209723413,5881200,BND
2022-05-18,65.78154754638672,65.81620212449926,65.44367367189561,65.44367367189561,4963300,BND
2022-05-19,65.9201431274414,66.16272511490232,65.87682987265731,66.13672923041186,5461400,BND
2022-05-20,66.11939239501953,66.16271225106439,65.94612619020417,65.94612619020417,6960100,BND
2022-05-23,65.88550567626953,66.16273566790275,65.84218580489257,66.09342651757336,7332900,BND
2022-05-24,66.42263793945312,66.51793637285598,66.11941865575523,66.11941865575523,6587100,BND
2022-05-25,66.69119262695312,66.70851660612277,66.52658508126802,66.63920747007819,5737200,BND
2022-05-26,66.62191772460938,66.79518404407077,66.54394325407127,66.70855088434007,5328400,BND
2022-05-27,66.8125,66.8991331407452,66.70853626529478,66.80383470301999,6355300,BND
2022-05-31,66.43130493164062,66.48328349311993,66.24070805997009,66.42263963483246,9067000,BND
2022-06-01,66.13445281982422,66.52505921159425,66.02160596967059,66.45561601495629,7294600,BND
2022-06-02,66.19519805908203,66.25595918592657,66.01291467854841,66.2299196490598,5276600,BND
2022-06-03,66.0997314453125,66.13445304374905,65.96084505156631,65.96084505156631,5549600,BND
2022-06-06,65.70909881591797,66.04762602154095,65.68305928048017,65.99554695066536,6698000,BND
2022-06-07,65.93478393554688,66.06498823146622,65.81326169201297,65.83930122670372,6989800,BND
2022-06-08,65.66573333740234,65.90877794817895,65.66573333740234,65.79593769959523,3778300,BND
2022-06-09,65.57891845703125,65.70911616860332,65.54419685978952,65.62231548673276,4828500,BND
2022-06-10,65.02335357666016,65.46603881920436,64.89314930783837,65.3271591222682,14690800,BND
2022-06-13,63.97307586669922,64.45048954938537,63.68663427955504,64.41576795223843,11255300,BND
2022-06-14,63.62586212158203,64.24215546366018,63.539054832514,64.15535479705851,9530100,BND
2022-06-15,64.35498809814453,64.39839173757314,63.79945595027948,64.10326155888293,9098600,BND
2022-06-16,64.49386596679688,64.51122344680682,63.72132896829187,63.79076551079641,8477600,BND
2022-06-17,64.52859497070312,64.65879927774174,64.26819297909208,64.57199861387137,4913600,BND
2022-06-21,64.23347473144531,64.4765192519156,64.1813956549064,64.328957453411,7069900,BND
2022-06-22,64.76299285888672,64.8845151668599,64.70223170490013,64.78903240738538,8407600,BND
2022-06-23,65.0754623413086,65.38795008014182,64.99733709536667,65.01470120445032,8542600,BND
2022-06-24,64.95393371582031,65.21433572440543,64.91053006982284,64.97997325443217,6979000,BND
2022-06-27,64.64142608642578,64.86711305562086,64.57198292321736,64.70218719861701,6238900,BND
2022-06-28,64.67619323730469,64.67619323730469,64.50258520696364,64.60675002516827,5578800,BND
2022-06-29,65.0494155883789,65.0494155883789,64.67616675406803,64.67616675406803,3896400,BND
2022-06-30,65.32720184326172,65.49212117731906,65.24907658189262,65.24907658189262,4387100,BND
2022-07-01,65.84817504882812,66.14389081987323,65.69162120194677,65.76120216402866,5801800,BND
2022-07-05,65.96125793457031,66.07432868908015,65.83949453402714,65.9699572162113,6253900,BND
2022-07-06,65.56112670898438,66.14385868883625,65.54373479471535,66.12646013896467,5312000,BND
2022-07-07,65.37848663330078,65.63071254046174,65.31760497540697,65.62201326487605,7536700,BND
2022-07-08,65.16107177734375,65.26544321053409,65.09149082188353,65.23935201113778,4187100,BND
2022-07-11,65.40460968017578,65.56986281877643,65.36112655227464,65.39591703595931,4128600,BND
2022-07-12,65.51766204833984,65.76988800765737,65.51766204833984,65.6481246666909,6013700,BND
2022-07-13,65.72637939453125,65.77856177265488,65.10016431463757,65.11756286441378,6382700,BND
2022-07-14,65.51766204833984,65.60463491537242,65.1871558637699,65.31761848212096,5598000,BND
2022-07-15,65.75248718261719,65.83946004664679,65.54375098182528,65.54375098182528,5276400,BND
2022-07-18,65.552490234375,65.63946315144277,65.42202754096925,65.62206458666428,3438000,BND
2022-07-19,65.500244140625,65.60461553158876,65.38718011044942,65.56112579311991,3493400,BND
2022-07-20,65.43937683105469,65.71769396569017,65.40458635977477,65.70900132457312,3966900,BND
2022-07-21,65.97862243652344,66.01341290951922,65.60463314632415,65.60463314632415,6832900,BND
2022-07-22,66.51786041259766,66.66571493634196,66.34390805913043,66.42218827709164,6617000,BND
2022-07-25,66.2743148803711,66.33519653394204,66.17864276253067,66.22213250176816,4256200,BND
2022-07-26,66.291748046875,66.5961564736873,66.26565684394909,66.54397406783549,6964100,BND
2022-07-27,66.47437286376953,66.70050761295376,66.39609264321945,66.40479192008146,5919600,BND
2022-07-28,66.93533325195312,67.03100538811984,66.80487064485271,66.93533325195312,5140200,BND
2022-07-29,66.8831558227539,67.11798322446408,66.75269320597965,66.79618295677251,6601700,BND
2022-08-01,67.1733627319336,67.22564915734498,66.94677714042871,67.01649680686612,5370800,BND
2022-08-02,66.49360656738281,67.26050288204559,66.44131349788728,67.18206660221867,10808300,BND
2022-08-03,66.82476043701172,66.83347705614055,66.20601345550995,66.43259901103373,5747700,BND
2022-08-04,66.99032592773438,66.9990358958169,66.78988363171612,66.85960326935991,9869900,BND
2022-08-05,66.23216247558594,66.31930872802408,66.11015639240597,66.27573892622145,8946400,BND
2022-08-08,66.52847290039062,66.62433578977837,66.45875987533648,66.49361971228058,8534700,BND
2022-08-09,66.38029479980469,66.45873106113017,66.31057515614452,66.37158483097055,6888800,BND
2022-08-10,66.56332397460938,66.86834584550711,66.50232093019646,66.6679034716743,4305000,BND
2022-08-11,66.18859100341797,66.81605470630076,66.16244779060341,66.72890844730779,5179500,BND
2022-08-12,66.49360656738281,66.49360656738281,66.24087778612477,66.4151702875559,4376800,BND
2022-08-15,66.56332397460938,66.70276330402928,66.54589738284848,66.64176025961636,3922300,BND
2022-08-16,66.47616577148438,66.48488239021492,66.25829684504463,66.46744915275383,4104000,BND
2022-08-17,66.08403015136719,66.24089610557083,65.97945063228657,66.17117642618375,4131100,BND
2022-08-18,66.20602416992188,66.37160671600532,66.17988095713677,66.26702721603156,4026800,BND
2022-08-19,65.78770446777344,65.8487075061394,65.6744150104745,65.82256429667292,5115800,BND
2022-08-22,65.49142456054688,65.67443372780271,65.43913147787778,65.64829051088536,4158600,BND
2022-08-23,65.46528625488281,65.75286831138263,65.36942335310457,65.46528625488281,6294800,BND
2022-08-24,65.2997055053711,65.36942519023009,65.22126919769595,65.33456534780059,3808600,BND
2022-08-25,65.65696716308594,65.70926021921633,65.29094901432835,65.34324207045874,3688400,BND
2022-08-26,65.52628326416016,65.68314921178099,65.40427715477,65.56114310239082,4276600,BND
2022-08-29,65.22996520996094,65.32582808414374,65.17767878725505,65.31711146408175,3263800,BND
2022-08-30,65.2822265625,65.43037578740667,65.09921087428614,65.29965314532382,6878700,BND
2022-08-31,65.01210021972656,65.30840548042862,64.93367058087901,65.22996919274765,5155600,BND
2022-09-01,64.6592788696289,64.72040974121806,64.40602049796946,64.64180909902326,6160700,BND
2022-09-02,64.8252182006836,65.04354372698383,64.78155043031703,64.84268131117044,3600600,BND
2022-09-06,64.24006652832031,64.58065363501596,64.22260342712994,64.57192541580216,6869800,BND
2022-09-07,64.70294952392578,64.70294952392578,64.43222800445429,64.44969777763932,4208300,BND
2022-09-08,64.50208282470703,64.72914319821301,64.48461305448687,64.58941168751237,3580300,BND
2022-09-09,64.47589874267578,64.70295250240297,64.44096585746392,64.58069073554476,3831700,BND
2022-09-12,64.39729309082031,64.68548437439203,64.31869910226406,64.62435349570404,4008200,BND
2022-09-13,64.07418823242188,64.12658423513295,63.9431915628768,63.995587565587876,9481200,BND
2022-09-14,64.15277099609375,64.2400998729002,63.99557635273567,64.01304612575669,4332200,BND
2022-09-15,63.960655212402344,64.09165188304563,63.91699409736621,64.02178610366688,4967200,BND
2022-09-16,63.890769958496094,64.0217599127848,63.76850156321877,63.82090420769897,5050000,BND
2022-09-19,63.84711837768555,63.90824925943267,63.67246061919844,63.742319724933445,6374900,BND
2022-09-20,63.53273010253906,63.6462569811023,63.419203223975835,63.49779721772734,4750500,BND
2022-09-21,63.7073860168457,63.74231890064467,63.26200673963312,63.59385914157381,6360300,BND
2022-09-22,63.052406311035156,63.305664708947695,62.973812323458496,63.29693648550539,5216100,BND
2022-09-23,62.877742767333984,63.096068263053894,62.659417271614075,63.096068263053894,6885400,BND
2022-09-26,62.074317932128906,62.71182476545819,62.056848158117184,62.676891880201346,8658900,BND
2022-09-27,61.803592681884766,62.18784777525238,61.71626379596493,62.10925377675459,9946100,BND
2022-09-28,62.76420974731445,62.79040773818682,62.257693047899494,62.37995478048038,11649700,BND
2022-09-29,62.44108200073242,62.563343726174246,62.240219644498374,62.38868602204716,6100300,BND
2022-09-30,62.2926139831543,62.76419771675866,62.22274824570992,62.61573135899851,8919100,BND
2022-10-03,62.81427764892578,63.17311957554447,62.64799107470574,62.75301276845079,6762600,BND
2022-10-04,62.97178268432617,63.225596102052656,62.91051783710719,63.041801560395726,6124400,BND
2022-10-05,62.639217376708984,62.70048223795104,62.38540390088644,62.647971407563304,7252400,BND
2022-10-06,62.40290451049805,62.66546530845107,62.35038700901282,62.604200454525206,7108400,BND
2022-10-07,62.079078674316406,62.24537187123762,62.026567844707166,62.1490975653747,5023200,BND
2022-10-10,61.799015045166016,62.07908395585785,61.667731282604635,62.07908395585785,4950700,BND
2022-10-11,61.81650161743164,62.0965704610096,61.72898135582002,61.89527452703966,9225500,BND
2022-10-12,61.88654708862305,61.982821420972655,61.71150649018965,61.74651594535049,5442000,BND
2022-10-13,61.6677360534668,61.87778608339359,61.08134276967905,61.15136167211133,6668900,BND
2022-10-14,61.37015914916992,61.99156181749734,61.3438970555482,61.982807786290095,6544400,BND
2022-10-17,61.50142288208008,61.86026463263078,61.50142288208008,61.746488961108014,19605200,BND
2022-10-18,61.6414909362793,61.7377652738711,61.38767738057102,61.667746359736846,7008000,BND
2022-10-19,61.13384246826172,61.34389245991407,61.072577609139415,61.25637218650633,6483600,BND
2022-10-20,60.722476959228516,61.133829502104966,60.68746752181696,61.011299809848246,6260900,BND
2022-10-21,60.8275260925293,60.89754499131965,60.46868424425605,60.51244772534245,6984400,BND
2022-10-24,60.7400016784668,60.993815161299636,60.59121653667938,60.81002057249708,7259400,BND
2022-10-25,61.317630767822266,61.44891450317724,61.18635370983545,61.21260912143281,7780900,BND
2022-10-26,61.56269454956055,61.67647691105074,61.41390942170111,61.457672895715596,7001000,BND
2022-10-27,61.88654708862305,62.017830876133495,61.59772409157421,61.73776191221758,5493300,BND
2022-10-28,61.764007568359375,61.886537303362985,61.597714351981715,61.61522241547924,4828800,BND
2022-10-31,61.57145690917969,61.61522038911446,61.317643415770966,61.58021094064055,6785000,BND
2022-11-01,61.63551712036133,61.942552934307976,61.49515406662641,61.916236534952375,7019000,BND
2022-11-02,61.53900146484375,62.047807348728426,61.40741281309746,61.714448538587575,10223800,BND
2022-11-03,61.30214309692383,61.389873330313044,61.03019811347319,61.065288868253454,6408200,BND
2022-11-04,61.31968688964844,61.49513395656381,61.17932388181486,61.34600328039808,8780400,BND
2022-11-07,61.08283615112305,61.346013488164516,61.08283615112305,61.32847145570468,6246100,BND
2022-11-08,61.35476303100586,61.46880292805652,61.21440005659735,61.231948774835914,6358100,BND
2022-11-09,61.4425163269043,61.53023988199478,61.22320409273897,61.284611250590125,7269400,BND
2022-11-10,62.714508056640625,62.714508056640625,62.188160172130345,62.19693453318719,7014100,BND
2022-11-11,62.714508056640625,62.749598807991504,62.50397024141181,62.57415174411357,4525300,BND
2022-11-14,62.51273727416992,62.62677718303416,62.46887216690446,62.53905366137892,6914500,BND
2022-11-15,62.95137023925781,62.96013790761704,62.758374449329054,62.86364670552927,11948800,BND
2022-11-16,63.31101608276367,63.36365553846772,63.07416195715522,63.135569078081424,8856700,BND
2022-11-17,63.0478630065918,63.07417939528241,62.86364159288145,62.986455868688346,6260600,BND
2022-11-18,62.94260787963867,63.1970108609735,62.92506584669877,63.100512947609324,8564600,BND
2022-11-21,62.94260787963867,63.1970108609735,62.91629148378988,63.153145739306915,6834600,BND
2022-11-22,63.267173767089844,63.328580903632094,63.10049438524262,63.10926874557035,9534200,BND
2022-11-23,63.65317153930664,63.65317153930664,63.36368451846863,63.36368451846863,4855000,BND
2022-11-25,63.65317153930664,63.65317153930664,63.512815209942346,63.512815209942346,2536400,BND
2022-11-28,63.574195861816406,63.7496428736164,63.50401437994661,63.6970101086513,5852100,BND
2022-11-29,63.337337493896484,63.49524248779968,63.30225344447333,63.337337493896484,5437600,BND
2022-11-30,63.82862091064453,63.83738857927139,63.17068434828226,63.2934986378264,5479900,BND
2022-12-01,64.36054992675781,64.36054992675781,63.88576486799833,63.94731157621442,7462500,BND
2022-12-02,64.62433624267578,64.63313054764045,64.00007475196894,64.14075009095748,6828300,BND
2022-12-05,64.11437225341797,64.33418291531923,64.03524363501626,64.32539531866729,7552900,BND
2022-12-06,64.32538604736328,64.39572035088663,64.18470402414042,64.25504503575185,7584100,BND
2022-12-07,64.88811492919922,64.91449113730569,64.57158701574248,64.60675752924762,7472500,BND
2022-12-08,64.70345306396484,64.8353407820273,64.59794825598527,64.69466546869188,5378100,BND
2022-12-09,64.32538604736328,64.58915477877402,64.32538604736328,64.55398427296831,12079600,BND
2022-12-12,64.32538604736328,64.63311958805319,64.22866883341958,64.58915477877402,7533500,BND
2022-12-13,64.76502227783203,65.19584933438088,64.72105745839067,65.19584933438088,12563900,BND
2022-12-14,64.92325592041016,64.97601502617296,64.56277002281485,64.8089568227506,9833900,BND
2022-12-15,64.95841979980469,65.02876079492651,64.80895021623569,64.95841979980469,7800400,BND
2022-12-16,64.79139709472656,64.9144905368111,64.54521021055747,64.5891683209651,6541900,BND
2022-12-19,64.40452575683594,64.5452078043105,64.31660283120895,64.52761919433155,6300000,BND
2022-12-20,63.982479095458984,64.09678492314313,63.912144787755444,64.00886200744735,6130500,BND
2022-12-21,64.13197326660156,64.27264862921994,64.0352560200119,64.21989620674934,8169000,BND
2022-12-22,64.12317657470703,64.24627002795279,64.06162984808415,64.14075847884638,6833800,BND
2022-12-23,63.922237396240234,64.00155981538038,63.85173007343753,63.895798831176315,4693400,BND
2022-12-27,63.4286994934082,63.65784493021365,63.41988439708343,63.56970741486268,6959600,BND
2022-12-28,63.340538024902344,63.613745363115065,63.3317229328469,63.560868258672635,7868200,BND
2022-12-29,63.578495025634766,63.60493357923108,63.41104188759746,63.428672072625325,7391000,BND
2022-12-30,63.31413269042969,63.52565468952822,63.27888574786263,63.437523885211846,7051900,BND
2023-01-03,63.649009704589844,63.87815506892699,63.51681019732048,63.851709788316114,8634800,BND
2023-01-04,64.01036071777344,64.12493678494393,63.88697627924184,64.07205293703925,5257100,BND
2023-01-05,63.93986129760742,63.975108231592294,63.64902366262428,63.75477791247435,5632400,BND
2023-01-06,64.64491271972656,64.68016637680587,63.95748321654901,64.02799053070763,5627200,BND
2023-01-09,64.82117462158203,64.90930539362746,64.57439904632916,64.60965269993672,7398200,BND
2023-01-10,64.56558990478516,64.6713441403979,64.41576019775574,64.6096519283082,4827900,BND
2023-01-11,64.9093017578125,64.94455540944536,64.73303349964819,64.75066368743788,8453200,BND
2023-01-12,65.41165161132812,65.41165161132812,64.8740452147941,65.11199894777734,5927600,BND
2023-01-13,65.19133758544922,65.41166791027557,65.12964536345577,65.27065327489171,6331600,BND
2023-01-17,65.10320281982422,65.21777216110777,64.98862675459317,65.00625694491218,6815100,BND
2023-01-18,65.7024917602539,65.79943762074205,65.46453129398428,65.74655378160075,5112800,BND
2023-01-19,65.5702896118164,65.63198181837862,65.44690519869201,65.53503596178855,4765200,BND
2023-01-20,65.27945709228516,65.38521805055078,65.15607266961531,65.3323342094446,4714300,BND
2023-01-23,65.12079620361328,65.27061913237658,65.08554256320821,65.11198111252592,6116700,BND
2023-01-24,65.41165161132812,65.4380901678878,65.02386818459637,65.17369115439865,3907700,BND
2023-01-25,65.4909896850586,65.53505844369784,65.28828953279455,65.40285889172864,4414400,BND
2023-01-26,65.36759185791016,65.52622994303223,65.26183761712687,65.44691426244476,3866800,BND
2023-01-27,65.29707336425781,65.33232701312984,65.17368895517869,65.21775769725522,4474100,BND
2023-01-30,65.11199188232422,65.29706848210505,65.09436842117888,65.18249917479658,6258700,BND
2023-01-31,65.41165161132812,65.41165161132812,65.09437548471963,65.32352084814715,5502300,BND
2023-02-01,65.83216857910156,65.88517813129178,65.30212023671186,65.51414496561202,7473900,BND
2023-02-02,65.87632751464844,66.13251895046727,65.85866216111181,66.07951614992851,4273500,BND
2023-02-03,65.29326629638672,65.46111071853457,65.18725397192927,65.39043583556295,5332900,BND
2023-02-06,64.88690185546875,64.99291420078364,64.86923650121416,64.93991139809076,5282300,BND
2023-02-07,64.79856872558594,65.10776300848953,64.77206732132704,64.83390617790776,4674500,BND
2023-02-08,64.91340637207031,65.01057592493841,64.70138169327969,64.83389543254164,4308200,BND
2023-02-09,64.64838409423828,65.0989281480018,64.61304664493042,65.09009210069252,4268100,BND
2023-02-10,64.3745346069336,64.61305399197163,64.33919715360757,64.59538863527365,3606100,BND
2023-02-13,64.55123901367188,64.55123901367188,64.37455842161077,64.39222378484385,3805800,BND
2023-02-14,64.33033752441406,64.56002751687315,64.1448210174028,64.47168728590506,4328000,BND
2023-02-15,64.18902587890625,64.30386756130743,64.08301350596838,64.24202869540973,4370800,BND
2023-02-16,63.9416389465332,64.10065407447689,63.870970798502455,63.985812436489674,5912000,BND
2023-02-17,64.08299255371094,64.09182860021616,63.77379832531507,63.7826276318916,5165700,BND
2023-02-21,63.52644729614258,63.73846524729692,63.50877520192105,63.676626397379856,16093200,BND
2023-02-22,63.66779327392578,63.826808429575884,63.641291871305675,63.694294676545894,4375600,BND
2023-02-23,63.89747619628906,63.915141549420476,63.69428756566994,63.72078896533141,4789200,BND
2023-02-24,63.54411315917969,63.63245341120717,63.42927150553688,63.570614560795015,4345900,BND
2023-02-27,63.650108337402344,63.76494996006924,63.57943345887162,63.650108337402344,3340500,BND
2023-02-28,63.66779327392578,63.68545862902937,63.39393646027873,63.438103218002425,5032400,BND
2023-03-01,63.290584564208984,63.60048393442994,63.25516652828379,63.467667988535354,4427800,BND
2023-03-02,63.157779693603516,63.17548533702114,63.016107525059226,63.0515255671953,4966600,BND
2023-03-03,63.644771575927734,63.644771575927734,63.334872107528675,63.46768809550021,4008600,BND
2023-03-06,63.49424743652344,63.77758504720792,63.485391236261,63.77758504720792,4538700,BND
2023-03-07,63.42341232299805,63.61820819996636,63.3171649394165,63.60050255446997,4253100,BND
2023-03-08,63.370277404785156,63.66247116847376,63.25517384119589,63.556217048414155,4774500,BND
2023-03-09,63.58278274536133,63.71559871466489,63.41455548919091,63.44997353135858,4597800,BND
2023-03-10,64.34425354003906,64.48592570821727,64.11404639970067,64.20258812716165,4779500,BND
2023-03-13,64.85782623291016,65.36252167536368,64.67188651782759,64.92866234017103,7270500,BND
2023-03-14,64.45052337646484,64.80469712794203,64.33541977823829,64.63646307604732,5432500,BND
2023-03-15,65.11458587646484,65.38906727977259,64.82239207309131,65.17656576609245,6677200,BND
2023-03-16,64.8046875,65.41563020634625,64.7072895639315,65.37136271605237,6964800,BND
2023-03-17,65.27396392822266,65.45104739769022,65.07031185856374,65.07031185856374,4352700,BND
2023-03-20,64.99063873291016,65.38022379118466,64.95522068119381,65.32710009126146,6924500,BND
2023-03-21,64.81354522705078,64.96407362812916,64.75156532847815,64.81354522705078,3997700,BND
2023-03-22,65.38906860351562,65.45104849439795,64.69843360359786,64.81353718515034,5220500,BND
2023-03-23,65.53956604003906,65.61925830193142,65.23852289695428,65.34477699437777,5392100,BND
2023-03-24,65.67241668701172,65.8937744405114,65.5484568854761,65.73439658777953,4638000,BND
2023-03-27,64.99063873291016,65.282832593093,64.99063873291016,65.16772223618923,5769800,BND
2023-03-28,64.87549591064453,64.96404437327479,64.81351603998291,64.86664646862091,3473300,BND
2023-03-29,64.94637298583984,65.00835289563565,64.76928945936712,64.7781456622818,4231300,BND
2023-03-30,65.0348892211914,65.0968691066585,64.91978564969563,64.91978564969563,3455300,BND
2023-03-31,65.37136840820312,65.40678645670307,65.05261272700564,65.15886011720345,4549200,BND
2023-04-03,65.6491928100586,65.67582065849702,65.25863297406151,65.31189544302596,5346200,BND
2023-04-04,65.91548156738281,65.9687372616167,65.43616000301611,65.47166605653446,4126700,BND
2023-04-05,66.09302520751953,66.4835851431736,66.02201307883891,66.08414699841212,4345900,BND
2023-04-06,66.07524108886719,66.21725850004631,66.05748467991619,66.13737497602413,4381700,BND
2023-04-10,65.63145446777344,65.72909444358271,65.51605807522317,65.71133802684169,4224300,BND
2023-04-11,65.65806579589844,65.71132148854049,65.51604158607023,65.70244328240446,4401600,BND
2023-04-12,65.72906494140625,65.91546660098878,65.55153471412356,65.91546660098878,4134800,BND
2023-04-13,65.6935806274414,65.94211625576725,65.64031815559447,65.8711041413633,5012700,BND
2023-04-14,65.4006576538086,65.50717582039684,65.33852374965403,65.46279155796316,4349600,BND
2023-04-17,65.04560852050781,65.22313881084597,65.02785887751807,65.19650418822914,5085500,BND
2023-04-18,65.14324188232422,65.2320036324497,65.05448013219873,65.07222977338884,3728400,BND
2023-04-19,65.05448913574219,65.08111698725638,64.93022131395034,65.05448913574219,4611000,BND
2023-04-20,65.33850860595703,65.33850860595703,65.2319904640568,65.24086866890335,3605400,BND
2023-04-21,65.22315979003906,65.4805669426708,65.17877551015617,65.44506764527287,3371600,BND
2023-04-24,65.48052978515625,65.5071644012261,65.34739056523925,65.34739056523925,2993000,BND
2023-04-25,65.9066162109375,65.94212227137854,65.73796411686473,65.73796411686473,3508100,BND
2023-04-26,65.67581176757812,65.9332255544479,65.59592823307717,65.87109165914048,5819900,BND
2023-04-27,65.39177703857422,65.53380125546123,65.35627098435246,65.51604484230666,3078100,BND
2023-04-28,65.7557144165039,65.77346405902905,65.58706233811924,65.71133015205912,4469100,BND
2023-05-01,65.07945251464844,65.54214862675458,65.00826745300424,65.48875643623087,4546500,BND
2023-05-02,65.72010803222656,65.72900786255674,65.2396190231189,65.2485188534491,4825100,BND
2023-05-03,65.99594116210938,66.00484099237036,65.72010752125166,65.8624708625203,4205600,BND
2023-05-04,65.90695190429688,66.1827854977742,65.75568875874997,65.77348162763421,11535800,BND
2023-05-05,65.6667251586914,65.72011056556741,65.55994755635766,65.6756182007829,3143200,BND
2023-05-08,65.35530853271484,65.4976787047775,65.32861582259896,65.39980090863028,9895900,BND
2023-05-09,65.28411865234375,65.3997893051844,65.27521882102302,65.33750406310371,3827700,BND
2023-05-10,65.68452453613281,65.73790994829552,65.53326134261685,65.5599540486982,5291800,BND
2023-05-11,65.8980484008789,66.05821136622687,65.86245587651493,66.00482597397084,4745900,BND
2023-05-12,65.55105590820312,65.89807467337782,65.55105590820312,65.85358909162208,2970500,BND
2023-05-15,65.38201141357422,65.42649700320742,65.33751903535722,65.41759716984726,3268600,BND
2023-05-16,65.2218246459961,65.23961751766439,65.09725417857402,65.19512515562165,3818500,BND
2023-05-17,65.10615539550781,65.30191095134678,65.06166981646034,65.29301112010442,4574400,BND
2023-05-18,64.83921813964844,64.96378861615028,64.80362560513622,64.96378861615028,3530000,BND
2023-05-19,64.66124725341797,64.90149513371222,64.6078618527219,64.705739613052,4166800,BND
2023-05-22,64.6434555053711,64.84810407064747,64.60786297476193,64.69684090699431,5294900,BND
2023-05-23,64.68793487548828,64.75911992988202,64.49218615877614,64.56336442458945,4561100,BND
2023-05-24,64.5099868774414,64.7413349380805,64.50108704741417,64.72353527802605,4245100,BND
2023-05-25,64.26976013183594,64.50110145557045,64.24306063579017,64.47440874810745,4012300,BND
2023-05-26,64.3498306274414,64.35873045840185,64.12738237350409,64.20746727498415,3783100,BND
2023-05-30,64.7769546508789,64.7769546508789,64.52780682563963,64.55450632692477,3533000,BND
2023-05-31,64.9905014038086,65.07057953977115,64.74136037381321,64.78584596426442,4898400,BND
2023-06-01,65.16621398925781,65.2911041987453,65.09484621069183,65.16621398925781,3984000,BND
2023-06-02,64.8004379272461,65.13942455499301,64.8004379272461,65.13050869010759,4595500,BND
2023-06-05,64.80938720703125,64.98779986204318,64.60420652836167,64.66665163821649,4674600,BND
2023-06-06,64.89859008789062,64.90751276196931,64.7023320941965,64.84506765543084,5001900,BND
2023-06-07,64.53282928466797,64.90750669488287,64.48822953045573,64.85397746142044,4326500,BND
2023-06-08,64.85398864746094,64.88967254058882,64.60420820157246,64.61313087635611,3567600,BND
2023-06-09,64.72018432617188,64.80939065842848,64.63097118790837,64.71126165114414,12690400,BND
2023-06-12,64.85398864746094,64.86291132224459,64.59529233279552,64.79154353598882,4632800,BND
2023-06-13,64.56853485107422,65.0502572779453,64.50608972940617,64.99673483251779,4302500,BND
2023-06-14,64.6220474243164,64.77369885122678,64.40794408584827,64.6755698559304,5986200,BND
2023-06-15,65.02347564697266,65.04132099385276,64.82721766732551,64.90750811627466,5061200,BND
2023-06-16,64.8807601928711,64.96996652752864,64.71126339281679,64.83615362253877,3905300,BND
2023-06-20,64.96998596191406,65.0770308731205,64.91645670030174,64.92537937823865,4921700,BND
2023-06-21,65.07698059082031,65.11266446898736,64.7469166282818,64.84504559174023,3678700,BND
2023-06-22,64.76480102539062,64.97889763999446,64.70235589588081,64.88077541305789,3975500,BND
2023-06-23,64.95211791992188,65.1126920366562,64.84507304610348,65.10377616784248,4163100,BND
2023-06-26,65.03241729736328,65.10378509369802,64.9699721770723,65.04133997340703,6287800,BND
2023-06-27,64.90751647949219,65.14837424536235,64.82722602019777,65.05024524289503,4816100,BND
2023-06-28,65.11268615722656,65.12160883124132,64.88966694890038,64.99671861905915,5517200,BND
2023-06-29,64.6220474243164,64.6844925298681,64.51499575508234,64.6577313140611,5803000,BND
2023-06-30,64.84510040283203,64.86293895399189,64.61315840169638,64.67560353977025,5612300,BND
2023-07-03,64.66082763671875,64.97384547977552,64.64293700381423,64.83074770964829,3146500,BND
2023-07-05,64.3925552368164,64.65191495864727,64.33889695756888,64.63402431671096,4415700,BND
2023-07-06,63.981163024902344,64.06165044861686,63.81123603268583,64.01693748764694,5613400,BND
2023-07-07,63.94537353515625,64.13318430296947,63.90959908081857,63.981147989493934,5726600,BND
2023-07-10,64.16896057128906,64.24050948198703,63.99009511782382,63.99903361420131,4450800,BND
2023-07-11,64.30313873291016,64.35679702570589,64.18687000080952,64.249473616832,5709100,BND
2023-07-12,64.81287384033203,64.85758678289646,64.59823397549924,64.64294691806367,6397500,BND
2023-07-13,65.20638275146484,65.24215037445319,65.01856520274734,65.06328496639969,5868400,BND
2023-07-14,64.90231323242188,65.152727571061,64.89336791367649,65.08117866765583,7410000,BND
2023-07-17,64.97384643554688,65.00962087860492,64.84863929648236,64.91124286601462,5942700,BND
2023-07-18,65.0543441772461,65.22427110301957,65.0454056825158,65.17955133625442,7748100,BND
2023-07-19,65.20638275146484,65.26898632661135,65.08116877789386,65.17060830519856,11522100,BND
2023-07-20,64.90231323242188,65.00069126878424,64.77710606310231,64.99174595003885,5262100,BND
2023-07-21,64.94702911376953,65.06329095738182,64.92019315914033,65.0185711896117,5170600,BND
2023-07-24,64.8396987915039,65.07222927699813,64.83075347425624,65.02750951403767,3553400,BND
2023-07-25,64.76815795898438,64.83076154095187,64.67872524521347,64.70555437701688,4200800,BND
2023-07-26,64.98279571533203,65.00067952631309,64.76814904389275,64.92018531870393,4478200,BND
2023-07-27,64.4283218383789,64.90232144266163,64.36571824579967,64.85760166655653,5342600,BND
2023-07-28,64.65188598632812,64.6697697969695,64.4909043974452,64.54456265264697,5273200,BND
2023-07-31,64.76815795898438,64.83076154095187,64.66084143177078,64.66084143177078,4607900,BND
2023-08-01,64.36730194091797,64.55561448908517,64.29556187261348,64.50181285861153,11078000,BND
2023-08-02,64.16105651855469,64.18795733325574,63.96377475540125,64.16105651855469,6546700,BND
2023-08-03,63.76650619506836,63.84720865588089,63.69476611333894,63.78443779474534,5395200,BND
2023-08-04,64.29559326171875,64.32250093160135,63.981738861549715,63.999677308138125,6925000,BND
2023-08-07,64.19694519042969,64.2686852857792,64.14314353967357,64.23281523810445,4987400,BND
2023-08-08,64.4300765991211,64.5466559273849,64.37627496546695,64.44801503801239,4338200,BND
2023-08-09,64.44804382324219,64.52874630976856,64.4032045474967,64.43010537633882,4937800,BND
2023-08-10,64.08934020996094,64.58253795916639,64.0803709878992,64.50183548514639,5195800,BND
2023-08-11,63.88306427001953,64.08931524803621,63.86513267439205,63.90100270715622,4577400,BND
2023-08-14,63.802398681640625,63.95484127781193,63.70375774493844,63.811367905389865,7992400,BND
2023-08-15,63.65891647338867,63.8472291171443,63.64098486796511,63.69478652574873,5028100,BND
2023-08-16,63.47954559326172,63.77546826608797,63.4526447760066,63.65888893596915,5149700,BND
2023-08-17,63.41678237915039,63.50645406130709,63.291240655828844,63.48852246148007,7357800,BND
2023-08-18,63.55128479003906,63.64095646015545,63.42574308357415,63.45264390045807,5094400,BND
2023-08-21,63.246421813964844,63.34506274863803,63.17468170847289,63.318161919456806,4280100,BND
2023-08-22,63.327110290527344,63.38988115178522,63.20156856801159,63.26433942926947,4301900,BND
2023-08-23,63.901023864746094,63.90998624477267,63.640971172234465,63.64994039377251,5205800,BND
2023-08-24,63.74856185913086,63.89204200932226,63.73063026111199,63.802370336207694,4186400,BND
2023-08-25,63.74856185913086,63.8651411915389,63.542317695118356,63.67682862554527,4853100,BND
2023-08-28,63.86512756347656,63.89202837551961,63.76648669164629,63.89202837551961,3969000,BND
2023-08-29,64.25970458984375,64.27763618781428,63.76650012677787,63.7844317247484,6214600,BND
2023-08-30,64.23281860351562,64.35836035619889,64.2238562222614,64.32249714815715,4721500,BND
2023-08-31,64.34042358398438,64.43906450195672,64.27765271268487,64.31352275935771,4747100,BND
2023-09-01,64.03107452392578,64.3547822364162,63.95913795220589,64.33680152361076,3940700,BND
2023-09-05,63.680416107177734,63.8962190427261,63.671422317289824,63.88723211308982,4634300,BND
2023-09-06,63.608482360839844,63.761349354782446,63.53655261926608,63.75235556449125,7800400,BND
2023-09-07,63.82429122924805,63.83327815915536,63.67142423754984,63.74336083831937,4742800,BND
2023-09-08,63.842281341552734,63.99514149548732,63.82430061884101,63.92320488413474,4270600,BND
2023-09-11,63.74337387084961,63.79732290233088,63.689424839368336,63.75236766284757,4215800,BND
2023-09-12,63.78832244873047,63.806303168661586,63.707392058410946,63.77932865863901,4246300,BND
2023-09-13,63.88722610473633,63.950168907528884,63.71637841419182,63.71637841419182,6142500,BND
2023-09-14,63.77932357788086,63.96815199324833,63.76134285938211,63.93218369599958,5227300,BND
2023-09-15,63.6534309387207,63.770322746682936,63.63544336195698,63.7523420301697,4946100,BND
2023-09-18,63.71637725830078,63.734357975807754,63.545529570855656,63.545529570855656,5882500,BND
2023-09-19,63.58149337768555,63.716372760344264,63.554518873203875,63.67141067937457,4200900,BND
2023-09-20,63.50057601928711,63.770327950500956,63.50057601928711,63.69839135807685,5518400,BND
2023-09-21,63.10490798950195,63.203819051981846,63.0959142037542,63.185831480486335,9127100,BND
2023-09-22,63.36569595336914,63.40166424920078,63.14989303863029,63.19484826323161,8149800,BND
2023-09-25,62.898101806640625,63.10491774933441,62.889114879751425,63.04197495986231,22744300,BND
2023-09-26,62.83517074584961,63.02399914951223,62.80819623964792,63.01501222094554,7329100,BND
2023-09-27,62.61035919189453,63.041971769467224,62.48447361932107,63.032977982783635,7701800,BND
2023-09-28,62.7722282409668,62.79021581868671,62.385577642998726,62.50247631742565,9004600,BND
2023-09-29,62.745277404785156,63.0599915310986,62.66435385527031,62.997048705835915,7650600,BND
2023-10-02,62.31427001953125,62.548705603088365,62.2782024775086,62.50361945576499,6719800,BND
2023-10-03,61.80933380126953,62.26917945125492,61.79129659194868,62.197051251510786,8099500,BND
2023-10-04,62.215084075927734,62.24213301181368,61.9085202969803,62.06180218645402,7915900,BND
2023-10-05,62.26015090942383,62.350316294135325,62.18801584998348,62.33227908968629,6845000,BND
2023-10-06,62.0167236328125,62.16099381410628,61.75523908860318,61.80032524005271,8385100,BND
2023-10-09,62.64787673950195,62.64787673950195,62.26917106574,62.34130613494978,3561600,BND
2023-10-10,62.58477783203125,62.720022525769245,62.34132362494133,62.42247732036489,11555900,BND
2023-10-11,62.8733024597168,62.882314185243544,62.68394615677852,62.78313017101103,18074400,BND
2023-10-12,62.33229064941406,62.765094207143115,62.27819278439012,62.74705699934902,6144000,BND
2023-10-13,62.62084197998047,62.72002601369123,62.530676552747366,62.69297707343941,5570100,BND
2023-10-16,62.29622268676758,62.449511435251885,62.26917375444068,62.449511435251885,4914800,BND
2023-10-17,61.890480041503906,62.00769438430194,61.7822774241044,61.92654758063708,5851900,BND
2023-10-18,61.619972229003906,61.80932851477862,61.52079510294077,61.76424237451242,5885900,BND
2023-10-19,61.3494873046875,61.683106918131,61.31341976167898,61.55686707801096,9433800,BND
2023-10-20,61.57490158081055,61.65604838962526,61.48473616684527,61.51178510311684,5197700,BND
2023-10-23,61.80933380126953,61.899499210334525,61.304395127982005,61.38554881156633,9587100,BND
2023-10-24,62.0167236328125,62.02574223893858,61.74622736165798,61.84540451232136,9462100,BND
2023-10-25,61.547847747802734,61.78227642962532,61.49374300038403,61.7642460999388,7392400,BND
2023-10-26,61.962608337402344,61.971626940993396,61.61997019273192,61.628988796322965,11426600,BND
2023-10-27,61.962608337402344,61.962608337402344,61.78227066147608,61.917522198626045,5325500,BND
2023-10-30,61.80933380126953,61.8904806056741,61.66506364342173,61.76424765714715,5905300,BND
2023-10-31,61.791282653808594,61.98965063651395,61.77325232773456,61.89046664516127,9248200,BND
2023-11-01,62.390872955322266,62.39991835364319,61.90252494025272,61.92966113521547,9330800,BND
2023-11-02,62.75260925292969,62.852087929679826,62.59887198872198,62.78878394444037,8409100,BND
2023-11-03,63.12340545654297,63.45800933588448,63.114360057214846,63.33140134376313,7995700,BND
2023-11-06,62.852088928222656,63.00582619487281,62.79783033990308,62.96965150278742,7822000,BND
2023-11-07,63.16862106323242,63.29522906018267,62.98775446748018,63.014883766881184,7986100,BND
2023-11-08,63.36757278442383,63.43992217609394,63.186706204866304,63.19574470411176,6543700,BND
2023-11-09,62.89732360839844,63.34045161490623,62.87018740832689,63.30427691442946,6979700,BND
2023-11-10,63.01486587524414,63.18669392215496,62.96060729184763,63.177648525050074,4381800,BND
2023-11-13,62.99678421020508,63.01486810543847,62.72547748438775,62.779736069704555,6058600,BND
2023-11-14,63.76547622680664,63.81973481112471,63.665997555812496,63.747385432289605,8237100,BND
2023-11-15,63.41279602050781,63.52131321377103,63.331401225942315,63.50322931476652,6793500,BND
2023-11-16,63.792640686035156,63.855944702509454,63.675078055331554,63.675078055331554,5623900,BND
2023-11-17,63.88306427001953,63.93732287597657,63.73837235426099,63.85593496704101,5657300,BND
2023-11-20,63.973472595214844,64.00060188759812,63.76547675386534,63.828780735965175,6959100,BND
2023-11-21,64.06392669677734,64.10010139825424,63.91018939021465,64.03679739557438,5737800,BND
2023-11-22,64.11820220947266,64.23576483291332,63.973503380973476,64.19055162372224,4949100,BND
2023-11-24,63.810691833496094,63.937299801450116,63.80165333551137,63.892086612676124,3534800,BND
2023-11-27,64.19956970214844,64.19956970214844,63.937308333641106,63.982528428066324,5257000,BND
2023-11-28,64.47087860107422,64.48896249967159,64.11818393167296,64.16339712797536,7051400,BND
2023-11-29,64.80547332763672,64.84164111587721,64.6245998883531,64.70599466093479,7615800,BND
2023-11-30,64.59749603271484,64.6788839377269,64.47993342560223,64.66984543691596,9880000,BND
2023-12-01,65.1243667602539,65.15157260305728,64.57115822630152,64.58930006756053,7643500,BND
2023-12-04,64.86140441894531,64.9974406338524,64.76165190837538,64.90675213027745,11164600,BND
2023-12-05,65.278564453125,65.33297615516773,65.06997473014914,65.14252827893094,8393500,BND
2023-12-06,65.46898651123047,65.5778098724007,65.34202131047552,65.43270975114555,9365200,BND
2023-12-07,65.45088958740234,65.62320258628459,65.38740694345982,65.39647786947711,9876000,BND
2023-12-08,65.13345336914062,65.25134768938003,65.03369397544311,65.17880106412561,7349900,BND
2023-12-11,65.14253234863281,65.18787313013863,64.94301353656178,65.10625557197557,12895800,BND
2023-12-12,65.3329849243164,65.35111985440236,65.10626024325718,65.1788138017773,8052300,BND
2023-12-13,66.16732025146484,66.2126679485691,65.4508695355578,65.48714630942378,7172600,BND
2023-12-14,66.66609954833984,66.77492292196608,66.47565172540862,66.53006341222175,9105500,BND
2023-12-15,66.56635284423828,66.68424716113078,66.48472837939993,66.56635284423828,7996700,BND
2023-12-18,66.43032836914062,66.48474007588096,66.38498066746513,66.47567607081614,6144200,BND
2023-12-19,66.55726623535156,66.62981976053355,66.51191855234158,66.53006039317957,6924100,BND
2023-12-20,66.77495574951172,66.81123253158309,66.56637290146217,66.66613232238629,7496100,BND
2023-12-21,66.76588439941406,66.94726137073172,66.66612498946296,66.9109845926506,6912600,BND
2023-12-22,66.72132110595703,66.88503236632893,66.64855900379709,66.87593536881494,5890700,BND
2023-12-26,66.78498077392578,66.83045881881758,66.68493462634417,66.71221867768908,6394600,BND
2023-12-27,67.21246337890625,67.23065043725606,66.97598998649761,67.03055810052389,7467700,BND
2023-12-28,67.0487289428711,67.20334317186811,66.97596685664621,67.13058108564324,8166600,BND
2023-12-29,66.89411926269531,67.03963650606583,66.83045416766291,66.89411926269531,6939800,BND
2024-01-02,66.61219024658203,66.72133341996529,66.56671912857196,66.63038424496787,8334200,BND
2024-01-03,66.66674041748047,66.71221151851715,66.28474292271927,66.40298305115893,6477200,BND
2024-01-04,66.36661529541016,66.43937739840747,66.28475619479416,66.35751829779147,5056900,BND
2024-01-05,66.1665267944336,66.5485174487172,66.11195868352921,66.17562379257647,6223400,BND
2024-01-08,66.45755767822266,66.55760382489859,66.20289728267497,66.23927833046397,7937500,BND
2024-01-09,66.44847869873047,66.5212408140376,66.34843252492747,66.37572352240058,5649400,BND
2024-01-10,66.33023071289062,66.61217517327611,66.33023071289062,66.56670406555546,6578400,BND
2024-01-11,66.67584991455078,66.72132796782188,66.3393373006608,66.43028646822629,7537300,BND
2024-01-12,66.81227111816406,66.97598238062852,66.71222496115934,66.83955517207879,4461200,BND
2024-01-16,66.33932495117188,66.63945645436893,66.25746585831784,66.58488835178318,5724700,BND
2024-01-17,66.18467712402344,66.24834219774118,66.05734697658794,66.17558706990134,12370300,BND
2024-01-18,66.09376525878906,66.23928947442779,66.0210031509697,66.21200541873966,6086200,BND
2024-01-19,66.09376525878906,66.10286225701061,65.87548587430749,66.01191309172467,7883100,BND
2024-01-22,66.20291137695312,66.33933860046275,66.17562732004657,66.2938605463006,10321400,BND
2024-01-23,66.04830932617188,66.10287745009006,65.98464420194128,66.10287745009006,6840400,BND
2024-01-24,65.91184997558594,66.33022157947666,65.89365598382236,66.33022157947666,7483800,BND
2024-01-25,66.2210922241211,66.23018922189566,66.08467195238363,66.16652411542611,8361100,BND
2024-01-26,66.12102508544922,66.23016820718446,66.07555398895668,66.23016820718446,9120500,BND
2024-01-29,66.3847885131836,66.44845360529068,66.2210772850547,66.30293636860645,7677600,BND
2024-01-30,66.5030288696289,66.55759696620154,66.27565254861004,66.53940991366888,6688100,BND
2024-01-31,66.78498077392578,66.93049802742377,66.64855357822583,66.75769672258087,9916600,BND
2024-02-01,67.1881332397461,67.34319513300915,66.95097525300739,67.05131105666356,12060800,BND
2024-02-02,66.58612060546875,66.71381945812387,66.46754508773631,66.6134836511712,7820000,BND
2024-02-05,66.05709075927734,66.23039935957829,65.99324132112439,66.203036308808,7577100,BND
2024-02-06,66.3672103881836,66.43105981557653,66.13005238969595,66.15741543585497,8310500,BND
2024-02-07,66.23953247070312,66.45844386823552,66.23040913274448,66.26689552551119,9257500,BND
2024-02-08,66.06622314453125,66.18479870046527,66.0297367521513,66.13007259142923,7987500,BND
2024-02-09,66.0114974975586,66.03886055226815,65.93852471228789,65.97501110492324,5940700,BND
2024-02-12,66.02973175048828,66.12094424499506,65.95675897125595,66.0844578553789,6063000,BND
2024-02-13,65.455078125,65.67398947471045,65.43683145306876,65.65574976184556,12938800,BND
2024-02-14,65.70133209228516,65.75605817292792,65.50066051784277,65.51890718409982,6915700,BND
2024-02-15,65.88380432128906,65.98413321090959,65.77434513388243,65.95677015382505,6733900,BND
2024-02-16,65.67401885986328,65.68314219991105,65.54631993547244,65.59192967664178,5029200,BND
2024-02-20,65.756103515625,65.86556271145325,65.71962407608456,65.7834735338838,7605000,BND
2024-02-21,65.57366180419922,65.82905957044048,65.54629875196868,65.82905957044048,6625600,BND
2024-02-22,65.60101318359375,65.69222566115454,65.52804041791873,65.61013651906961,11884200,BND
2024-02-23,65.83818817138672,65.90203761805188,65.61015343914433,65.61015343914433,6147200,BND
2024-02-26,65.71959686279297,65.85641210208937,65.61013771228976,65.85641210208937,5255800,BND
2024-02-27,65.6192626953125,65.77432460978534,65.59189964676627,65.69222850508037,5534300,BND
2024-02-28,65.76522064208984,65.79258369869463,65.6375217385553,65.67400813371778,5255300,BND
2024-02-29,65.87467193603516,66.00237082427184,65.82906220777885,65.85642526110564,6002900,BND
2024-03-01,66.15089416503906,66.19663181159213,65.68439668882101,65.80331177842497,6366800,BND
2024-03-04,65.99541473388672,66.06859219623273,65.94967707527374,65.97711687900676,26404700,BND
2024-03-05,66.3521499633789,66.42532742994204,66.21494395821986,66.26982356884855,6208600,BND
2024-03-06,66.47103118896484,66.59908821428805,66.41615160056476,66.42530052482627,28955300,BND
2024-03-07,66.58081817626953,66.63569778184045,66.46191003800367,66.6265488547164,7495500,BND
2024-03-08,66.64484405517578,66.74546131377367,66.5991063999635,66.69058171038806,7187700,BND
2024-03-11,66.61739349365234,66.69057093873803,66.55336497384869,66.68142201345601,5626200,BND
2024-03-12,66.41616821289062,66.51678546918063,66.3612886107638,66.50763654263076,4699400,BND
2024-03-13,66.30641174316406,66.42532686997352,66.28812086597114,66.35214940402727,6123200,BND
2024-03-14,65.91310119628906,66.13263362613303,65.90395924565343,66.13263362613303,5214000,BND
2024-03-15,65.8764877319336,65.95881410687181,65.83075706015516,65.88563665772354,4783900,BND
2024-03-18,65.79418182373047,65.89479909228999,65.76674201932097,65.86735928788049,5284200,BND
2024-03-19,65.96797943115234,66.03200797042705,65.87650410768501,65.90395089187764,4560100,BND
2024-03-20,66.08689880371094,66.21495590400544,65.88566422365142,66.01372132394592,5287200,BND
2024-03-21,66.14176177978516,66.26067689912568,66.07773324575057,66.22408816845066,5492900,BND
2024-03-22,66.36128234863281,66.42531087126753,66.30639577309907,66.41616194558097,4169400,BND
2024-03-25,66.23322296142578,66.3155423539373,66.18748531319584,66.3155423539373,7950500,BND
2024-03-26,66.28812408447266,66.30641496255367,66.15091807380847,66.26068427805734,7603100,BND
2024-03-27,66.51679229736328,66.5442321012435,66.33384864051698,66.37958629937529,7825200,BND
2024-03-28,66.4344711303711,66.54423733310897,66.37959151829591,66.44362005857946,5326400,BND
2024-04-01,65.98124694824219,66.22895577794039,65.92620365248783,66.19225791430354,6157500,BND
2024-04-02,65.9078598022461,65.91703601920051,65.66933415665305,65.76107532798905,9043000,BND
2024-04-03,65.95372009277344,65.96289630780856,65.65096799122567,65.73353992773927,5419200,BND
2024-04-04,66.09136199951172,66.10970743758614,65.9354012779649,66.10970743758614,12412900,BND
2024-04-05,65.7610855102539,65.99044197380817,65.7610855102539,65.84365047741962,11531700,BND
2024-04-08,65.70600891113281,65.77939762274345,65.66013484190096,65.69683269740639,13873100,BND
2024-04-09,65.94454956054688,65.99042364027446,65.88033004856936,65.88950626439525,8886200,BND
2024-04-10,65.1739273071289,65.50420114309738,65.14640565403205,65.4858487080974,8196500,BND
2024-04-11,65.1739273071289,65.34824044261313,65.0546644772415,65.3115425720163,16574100,BND
2024-04-12,65.3207015991211,65.45831684253847,65.31153238245476,65.37575189612926,12479100,BND
2024-04-15,64.8895263671875,65.00878919488395,64.79777819267932,64.99961297755253,8079200,BND
2024-04-16,64.724365234375,64.77940851896201,64.60509545190263,64.69683659268111,14378900,BND
2024-04-17,65.03632354736328,65.08219764357538,64.82531950335809,64.92622991609686,6568500,BND
2024-04-18,64.86199188232422,65.03630499893066,64.80694858209161,65.02712878242444,6349500,BND
2024-04-19,64.94453430175781,65.02709921456443,64.88949102655342,64.99957757696222,8338300,BND
2024-04-22,64.97209167480469,65.02713498028358,64.88035049920552,64.91704836932578,5938300,BND
2024-04-23,65.09134674072266,65.23813820369826,64.87116654566145,64.93538606086273,6044400,BND
2024-04-24,64.92623138427734,64.99045092078387,64.7977923112643,64.99045092078387,4616600,BND
2024-04-25,64.74273681640625,64.76108225221266,64.55925446072929,64.63264320335816,5367500,BND
2024-04-26,64.8895263671875,64.9812675422927,64.86199771519324,64.86199771519324,4256600,BND
2024-04-29,65.08219146728516,65.11888934089134,64.9720978464666,64.99961950182032,4799500,BND
2024-04-30,64.83448028564453,64.99044099342228,64.77943697687672,64.88953059381579,6605800,BND
2024-05-01,65.06819152832031,65.27063929738439,64.87494784530293,64.96696764378827,8119200,BND
2024-05-02,65.32587432861328,65.35347957646975,65.01300549202233,65.04981482938537,6014800,BND
2024-05-03,65.65714263916016,65.84118930157378,65.50070824160531,65.7491624600358,7256900,BND
2024-05-06,65.72154235839844,65.76755576876533,65.6479237100757,65.70314120664811,5584300,BND
2024-05-07,65.85040283203125,66.00684428935932,65.8043964204228,65.92402151540163,4635400,BND
2024-05-08,65.69395446777344,65.76757313553613,65.69395446777344,65.7215597130188,6774500,BND
2024-05-09,65.8687744140625,65.90558373529505,65.6663266576135,65.70313597884605,4525200,BND
2024-05-10,65.68473815917969,65.77676498709371,65.65713291907,65.7583568132464,5562000,BND
2024-05-13,65.7399673461914,65.88719765983565,65.73076325763161,65.88719765983565,5600500,BND
2024-05-14,65.9332046508789,65.97921104786545,65.83198074858197,65.91479647555482,4272500,BND
2024-05-15,66.35649871826172,66.40251213404028,66.20006433767308,66.27367597399262,4208200,BND
2024-05-16,66.24607849121094,66.40251991078279,66.22767733514138,66.3749076456849,4359500,BND
2024-05-17,66.08041381835938,66.24605223999755,66.0712167543003,66.19084177300469,4373500,BND
2024-05-20,66.01602172851562,66.07123923495575,66.00682466132724,66.0436269714047,3699600,BND
2024-05-21,66.15406799316406,66.19087733115337,66.11725865517475,66.19087733115337,4612300,BND
2024-05-22,66.07123565673828,66.14484729356859,65.99761699924638,66.01601815328856,4306200,BND
2024-05-23,65.87798309326172,66.11724021312467,65.80437145847893,66.08963497249844,3589900,BND
2024-05-24,65.95159912109375,65.97000729455209,65.82276998952985,65.85957931578541,4025200,BND
2024-05-28,65.63872528076172,66.01600855942071,65.62031710873315,66.01600855942071,4743400,BND
2024-05-29,65.39949798583984,65.52832716609379,65.3074781457533,65.519123075886,4877500,BND
2024-05-30,65.68473815917969,65.72154748621304,65.5743171987409,65.62952767896029,3723200,BND
2024-05-31,65.92400360107422,65.96081293275677,65.83198378219893,65.84118787028511,4193000,BND
2024-06-03,66.29229736328125,66.3015296745048,66.02461667531895,66.06153887802307,4798900,BND
2024-06-04,66.54149627685547,66.58765077888621,66.37535697079666,66.42150443063912,5298400,BND
2024-06-05,66.72612762451172,66.73535993617557,66.45844692378363,66.62459332278071,5506400,BND
2024-06-06,66.73535919189453,66.76304908438682,66.61536026817413,66.61536026817413,4119700,BND
2024-06-07,66.19998931884766,66.30152360644382,66.19075700846906,66.30152360644382,3826500,BND
2024-06-10,66.09846496582031,66.13538717069461,66.0338528678379,66.10769727758651,3925100,BND
2024-06-11,66.36614990234375,66.39383979721792,66.14462370115949,66.16308128367861,4073200,BND
2024-06-12,66.67074584960938,66.9938063263003,66.661513538221,66.84611751284717,4495700,BND
2024-06-13,66.96609497070312,67.04916462000278,66.81840620458642,66.88301827921549,4339600,BND
2024-06-14,67.0676498413086,67.13226193578771,67.01226301590498,67.0676498413086,3527000,BND
2024-06-17,66.81842803955078,66.83689266244323,66.72612605165934,66.7999704588486,4019000,BND
2024-06-18,67.04916381835938,67.14146577498477,66.89224978787743,66.90148209619635,8491900,BND
2024-06-20,66.91996002197266,66.94764991316238,66.78150352383402,66.8276580372769,4227800,BND
2024-06-21,66.93841552734375,67.0861043320315,66.85534585634925,67.04918213085956,4115300,BND
2024-06-24,66.9753189086914,66.99378352518379,66.88301695279299,66.95686133438686,31937200,BND
2024-06-25,67.01225280761719,67.02148511747642,66.90149325806273,66.98456292022857,5958500,BND
2024-06-26,66.69841003417969,66.7537897967846,66.67072015287722,66.73533222331214,5910600,BND
2024-06-27,66.81842803955078,66.88304013529383,66.79073814740238,66.82766035099701,5514800,BND
2024-06-28,66.50460815429688,66.96612519341846,66.50460815429688,66.96612519341846,4824500,BND
2024-07-01,66.15367889404297,66.44070456986658,66.1073894432598,66.2740470065632,4960000,BND
2024-07-02,66.34811401367188,66.42217854257152,66.26478170585794,66.37588909499122,6080100,BND
2024-07-03,66.72772216796875,66.7554972507879,66.48699301044232,66.53328952437842,4438600,BND
2024-07-05,67.03324890136719,67.0795383422591,66.8665913736756,66.90362716470204,4201700,BND
2024-07-08,67.03324890136719,67.0795383422591,66.93140224200816,67.02398818764686,4742300,BND
2024-07-09,67.0054702758789,67.05175971431963,66.85732711961784,67.0054702758789,8533200,BND
2024-07-10,67.06102752685547,67.09806331984147,66.95918086210777,67.05176681264516,5591500,BND
2024-07-11,67.39435577392578,67.53323825880783,67.37583434188464,67.43139157415143,4978100,BND
2024-07-12,67.57025909423828,67.57025909423828,67.40360156206081,67.44989100419869,4656800,BND
2024-07-15,67.35733795166016,67.50548119210282,67.33882357853408,67.4128881348969,4557200,BND
2024-07-16,67.61658477783203,67.62584549676522,67.41289134445466,67.42215206338787,4636600,BND
2024-07-17,67.68138122558594,67.71841702954887,67.48694855267351,67.53324507359152,8365100,BND
2024-07-18,67.50545501708984,67.6906269319849,67.46841922133967,67.57026589368868,7673700,BND
2024-07-19,67.32953643798828,67.57951922831171,67.31101500827204,67.57951922831171,5593100,BND
2024-07-22,67.3017807006836,67.44991686171116,67.21844837072116,67.43140249052936,5055700,BND
2024-07-23,67.3110122680664,67.43138036475465,67.30175861744073,67.33879441150977,6981700,BND
2024-07-24,67.1166000366211,67.44065450335124,67.1166000366211,67.39436504459412,5080200,BND
2024-07-25,67.26472473144531,67.41286084806816,67.19065314120607,67.19065314120607,4567700,BND
2024-07-26,67.53321075439453,67.55172511503866,67.44061775961266,67.4869142570036,3692700,BND
2024-07-29,67.61658477783203,67.71843149452071,67.55177387301731,67.63510621569843,5185000,BND
2024-07-30,67.69988250732422,67.74617195060596,67.56100004976857,67.71839687186586,4282400,BND
2024-07-31,68.07024383544922,68.07024383544922,67.76471082678565,67.94062205871751,6041400,BND
2024-08-01,68.32470703125,68.42686496935936,68.20397814323188,68.25969807840264,8733700,BND
2024-08-02,69.1048355102539,69.13269548346709,68.72406364848476,68.8447925608905,6476300,BND
2024-08-05,69.03981018066406,69.46701999734029,68.90051033331848,69.4577309790356,8354200,BND
2024-08-06,68.61261749267578,68.98410033934503,68.61261749267578,68.96552938546225,6484400,BND
2024-08-07,68.4454116821289,68.61257851389034,68.34325378019459,68.54756958406323,5907200,BND
2024-08-08,68.3432846069336,68.38043359579711,68.23184472578816,68.25970469607452,4357500,BND
2024-08-09,68.58475494384766,68.66834194679647,68.54760595203103,68.63119295497985,6093100,BND
2024-08-12,68.70549774169922,68.74263965174785,68.48260376872898,68.5476127394837,4822900,BND
2024-08-13,68.96553039550781,68.97481232986216,68.85408341424103,68.90052142779705,4049000,BND
2024-08-14,69.09554290771484,69.16984088939448,68.96552498249822,69.01195590696386,6333600,BND
2024-08-15,68.80763244628906,68.80763244628906,68.64047263402914,68.68690355339754,5108300,BND
2024-08-16,68.95623779296875,68.95623779296875,68.77049991928719,68.92837782046108,4647700,BND
2024-08-19,69.03981018066406,69.11410815621166,68.91908128448291,68.94694125395203,4964700,BND
2024-08-20,69.24413299560547,69.26271103407277,69.1048331343289,69.17912403186119,4444000,BND
2024-08-21,69.39270782470703,69.50414767978397,69.18839197647468,69.32769888076433,4541800,BND
2024-08-22,69.11409759521484,69.2626935236038,69.03051769957894,69.24411548983326,3999700,BND
2024-08-23,69.42058563232422,69.44844560325457,69.16983880850573,69.26270774008869,4292000,BND
2024-08-26,69.3462905883789,69.51345750648268,69.3462905883789,69.51345750648268,4427200,BND
2024-08-27,69.3462905883789,69.3741505604886,69.17912367027513,69.19770170864534,3715900,BND
2024-08-28,69.29986572265625,69.40202368628782,69.28128768266166,69.34629665175028,5179900,BND
2024-08-29,69.19770050048828,69.24413142471191,69.11411350017299,69.19770050048828,3840800,BND
2024-08-30,69.0583724975586,69.31840826733847,69.02122351824099,69.23482837795636,5037400,BND
2024-09-03,69.35275268554688,69.45522206684551,69.24097307470869,69.31549755329779,6220100,BND
2024-09-04,69.6601791381836,69.68812404823788,69.37140559155954,69.39003316257995,7338600,BND
2024-09-05,69.82782745361328,69.85577235236123,69.61357849184945,69.79988255486535,9994300,BND
2024-09-06,69.91167449951172,70.20044795095453,69.74399798740573,69.86509492674257,22536000,BND
2024-09-09,70.00481414794922,70.06070393974437,69.8091927696225,69.89302745731521,5040900,BND
2024-09-10,70.23772430419922,70.25635187282369,69.99552326980282,70.03278551409814,5653900,BND
2024-09-11,70.20045471191406,70.340186336634,70.07935776091446,70.125930231124,6471000,BND
2024-09-12,70.12592315673828,70.22839253072597,70.04208845459105,70.17250272929448,5685400,BND
2024-09-13,70.27498626708984,70.3495036483357,70.20046177879762,70.29361383563972,4786700,BND
2024-09-16,70.46127319335938,70.48921809289085,70.2749691251198,70.33085892418275,4734900,BND
2024-09-17,70.36811065673828,70.47989734522456,70.33084842724286,70.46126267695506,5398400,BND
2024-09-18,70.15386199951172,70.48921499323203,70.14455177144039,70.25633136465093,5695700,BND
2024-09-19,70.15386199951172,70.19112423293001,70.02344773606985,70.0700273046038,5135600,BND
2024-09-20,70.14453887939453,70.22837355889425,69.99548997311544,70.07001442625499,4265000,BND
2024-09-23,70.09797668457031,70.20044605626084,69.91167261261197,70.03276954868042,6632500,BND
2024-09-24,70.18179321289062,70.20974521278715,69.93028207016535,69.97686162961662,5017900,BND
2024-09-25,69.92096710205078,70.07933334531636,69.92096710205078,70.07933334531636,4793100,BND
2024-09-26,69.92096710205078,70.02343645067543,69.79055285962725,69.99549155687656,4919700,BND
2024-09-27,70.12592315673828,70.17250272929448,70.00482621795508,70.07935069122702,3927900,BND
2024-09-30,69.96756744384766,70.10729906138629,69.89304296688768,70.09798172500497,5661900,BND
2024-10-01,70.17402648925781,70.31417042435191,70.11797176642682,70.1927090208626,6267100,BND
2024-10-02,70.04322814941406,70.07125551113585,69.856367191241,69.93111157451023,6902500,BND
2024-10-03,69.73493194580078,69.93113065941455,69.73493194580078,69.91244812250694,7733800,BND
2024-10-04,69.2771224975586,69.4172664472456,69.2397503024409,69.29580503110874,5218300,BND
2024-10-07,69.07157897949219,69.1556610724831,69.03420678437934,69.08092381027475,7044200,BND
2024-10-08,69.17433166503906,69.17433166503906,68.96878821258835,69.02484292579658,8642400,BND
2024-10-09,68.98749542236328,69.08092948182507,68.95013035220012,69.08092948182507,4997800,BND
2024-10-10,68.95948028564453,68.99685249045359,68.78197122282556,68.94079774724962,4579000,BND
2024-10-11,68.96881866455078,69.06224560382064,68.88473655761348,68.97816349688334,8508000,BND
2024-10-14,68.92210388183594,68.92210388183594,68.7445948298315,68.76327736708821,3380100,BND
2024-10-15,69.19304656982422,69.22107393954273,68.99684785377592,69.12764699780811,4456200,BND
2024-10-16,69.28646087646484,69.3611981317234,69.23974385491363,69.26777121663767,7437800,BND
2024-10-17,68.95012664794922,69.12763566975066,68.91275445177587,69.12763566975066,4250400,BND
2024-10-18,68.98749542236328,69.11830168000618,68.98749542236328,69.04355728364395,3930300,BND
2024-10-21,68.52035522460938,68.80998798521881,68.50167268909496,68.80998798521881,5259900,BND
2024-10-22,68.54838562011719,68.66049508253482,68.46429639528625,68.62312288572305,4633000,BND
2024-10-23,68.38021850585938,68.54838983785099,68.27744674030794,68.53904500606865,6429400,BND
2024-10-24,68.4923324584961,68.61379389556276,68.36153331705398,68.46430508933258,6219500,BND
2024-10-25,68.3521728515625,68.65114323644782,68.3241383637158,68.65114323644782,4641400,BND
2024-10-28,68.2680892944336,68.46428795750194,68.1559727178159,68.42691576529603,4582800,BND
2024-10-29,68.32415008544922,68.33349491633466,68.00649711551893,68.10926887120637,5543800,BND
2024-10-30,68.25875854492188,68.60444604812287,68.22138634500676,68.45495724846245,4610300,BND
2024-10-31,68.2494125366211,68.35218429187817,68.04386902610695,68.1559784841929,6115700,BND
2024-11-01,67.985107421875,68.4912008846086,67.95699231011207,68.45371168548016,6409800,BND
2024-11-04,68.25690460205078,68.42560243741846,68.13506290685876,68.24753051388196,6860100,BND
2024-11-05,68.42559814453125,68.4443391693589,68.04133920739365,68.04133920739365,6236900,BND
2024-11-06,67.86328125,68.03197194136472,67.69458340830079,67.72269852352824,6382500,BND
2024-11-07,68.36939239501953,68.44437082968045,67.94765121314177,67.94765121314177,6590200,BND
2024-11-08,68.50059509277344,68.64117785788986,68.378760509852,68.378760509852,5398500,BND
2024-11-11,68.36939239501953,68.41625570426687,68.27567292686193,68.41625570426687,4372000,BND
2024-11-12,67.95701599121094,68.24754844778172,67.91015268838643,68.17257002339697,7197800,BND
2024-11-13,67.92888641357422,68.34125335926154,67.86328209378297,68.34125335926154,5458100,BND
2024-11-14,67.91014862060547,68.15382491009179,67.86329247092374,68.0413572802514,6643300,BND
2024-11-15,67.92888641357422,68.09758425737094,67.66646198407463,67.79767062365714,18467300,BND
2024-11-18,67.99449920654297,68.05072944470419,67.78831213283787,67.85391646080446,4964800,BND
2024-11-19,68.11632537841797,68.21004481391572,68.09758435145226,68.19130378695,4900500,BND
2024-11-20,68.0413589477539,68.12571145978535,67.94763949575797,67.95701358605831,6557800,BND
2024-11-21,68.00386810302734,68.17256597270125,67.94763786324793,68.04135731299218,5115500,BND
2024-11-22,68.031982421875,68.10696084092183,67.96637809279292,68.06010469176925,10409500,BND
2024-11-25,68.65991973876953,68.6692866786709,68.42561753519092,68.42561753519092,10207100,BND
2024-11-26,68.5380630493164,68.58492633993242,68.35999827571088,68.58492633993242,5537900,BND
2024-11-27,68.72551727294922,68.80986262573475,68.61304965223341,68.61304965223341,5366600,BND
2024-11-29,68.97856140136719,69.00667651933723,68.88484195802195,68.88484195802195,3870800,BND
2024-12-02,69.01898193359375,69.07539022954815,68.78396768796964,68.89677710781282,6212800,BND
2024-12-03,68.85916137695312,69.14118128896091,68.81215566759707,69.12237613639276,6249200,BND
2024-12-04,69.09416961669922,69.14117532199863,68.70874291502231,68.81214972903008,6769700,BND
2024-12-05,69.10357666015625,69.15057519643074,68.95316413112394,68.98136468730146,6146200,BND
2024-12-06,69.29157257080078,69.36677882166465,69.15996521782041,69.31037771954817,4880500,BND
2024-12-09,69.08477783203125,69.23519037483236,69.06597985021351,69.23519037483236,5432900,BND
2024-12-10,69.00959014892578,69.06599127577422,68.92498128658715,68.98138241343558,5751900,BND
2024-12-11,68.85916137695312,69.1787772499686,68.8309608201652,69.1787772499686,4642900,BND
2024-12-12,68.5865478515625,68.82156206727045,68.55834729320789,68.63355356352996,6880600,BND
2024-12-13,68.31392669677734,68.53954549518045,68.28572613999303,68.53954549518045,5171400,BND
2024-12-16,68.38914489746094,68.52075230013067,68.29514063442049,68.38914489746094,7871100,BND
2024-12-17,68.39852905273438,68.47372813967307,68.35152334784203,68.37972390195199,6084800,BND
2024-12-18,67.86270904541016,68.45494230295593,67.8533064683512,68.39854118473201,7962700,BND
2024-12-19,67.67469787597656,67.79690986969528,67.57129103762935,67.72170359233996,7669100,BND
2024-12-20,67.88150024414062,68.06951590620696,67.86270226396607,67.96610908508652,6696400,BND
2024-12-23,67.66529083251953,67.8814998776483,67.62768770030928,67.8062936132278,7605400,BND
2024-12-24,67.76242065429688,67.76242065429688,67.54550948423184,67.57380161986163,4185300,BND
2024-12-26,67.80960083007812,67.82845986144805,67.5549571367619,67.5549571367619,8714400,BND
2024-12-27,67.66812896728516,67.83788902114976,67.65869585447133,67.80016376525131,9018700,BND
2024-12-30,67.93218994140625,67.97934830413328,67.80958827181426,67.80958827181426,8054500,BND
2024-12-31,67.81902313232422,68.06422647783141,67.79072379674467,67.98877597366484,8724200,BND
2025-01-02,67.84732055664062,68.08309800400693,67.76243693400329,68.08309800400693,8053300,BND
2025-01-03,67.76242065429688,67.96047279906037,67.74356162899534,67.87559639217099,6857000,BND
2025-01-06,67.69642639160156,67.79073594102668,67.62097587391851,67.69642639160156,5375700,BND
2025-01-07,67.46064758300781,67.6869919362125,67.37577114881503,67.63984076011336,7875900,BND
2025-01-08,67.53609466552734,67.58325303458611,67.38519364082482,67.41349297947421,5844300,BND
2025-01-10,67.1871337890625,67.65868864450721,67.13054950892308,67.65868864450721,9602400,BND
2025-01-13,67.12112426757812,67.19657478018189,67.05510686788907,67.18714166726718,11856300,BND
2025-01-14,67.16828155517578,67.19657369810737,67.06453890085542,67.10226415654981,5166000,BND
2025-01-15,67.70586395263672,67.79074039408749,67.5266707602079,67.5266707602079,5867900,BND
2025-01-16,67.837890625,67.9322001692974,67.56438790978761,67.62097219729465,8494100,BND
2025-01-17,67.85674285888672,67.9982107588413,67.81902480123136,67.9982107588413,5600200,BND
2025-01-21,68.05481719970703,68.10196837982181,67.96993356292784,68.10196837982181,8491600,BND
2025-01-22,67.91334533691406,68.09253132354912,67.87562007779157,68.04538014616409,6616600,BND
2025-01-23,67.80960083007812,67.90391037764229,67.71529128251396,67.90391037764229,7529700,BND
2025-01-24,67.9416275024414,67.9887786729004,67.78130057123936,67.90390224886039,5555700,BND
2025-01-27,68.30000305175781,68.31886927524131,68.14910924066989,68.22455254853584,8621200,BND
2025-01-28,68.26228332519531,68.27171643770056,68.101956389389,68.27171643770056,4424300,BND
2025-01-29,68.22454833984375,68.36601622581897,68.06422142690445,68.3094319495711,5780200,BND
2025-01-30,68.31887817382812,68.40375460449106,68.26228669136255,68.33773720441201,5622300,BND
2025-01-31,68.22454833984375,68.41317458626256,68.09251356502838,68.35659031001471,6738300,BND
2025-02-03,68.28605651855469,68.53206623200953,68.18197576358558,68.342832433233,7163800,BND
2025-02-04,68.38067626953125,68.39960398148224,68.0968255595294,68.16305811374387,7296200,BND
2025-02-05,68.73075866699219,68.8443032689196,68.5982935741466,68.61721406506476,8981700,BND
2025-02-06,68.65508270263672,68.74024298413394,68.57939349762711,68.65508270263672,5722100,BND
2025-02-07,68.44690704345703,68.54153116313682,68.38067449096526,68.49421910329693,6415300,BND
2025-02-10,68.46585845947266,68.60778746932483,68.42801024225813,68.55101153409838,5439200,BND
2025-02-11,68.35228729248047,68.41851984221051,68.29551859808514,68.41851984221051,6870800,BND
2025-02-12,68.00222778320312,68.11576521161577,67.88868313598145,68.05899649740945,5279600,BND
2025-02-13,68.4090805053711,68.47531307185042,68.19145509047709,68.27661537241242,6452900,BND
2025-02-14,68.62669372558594,68.76862270598185,68.56046116390888,68.56046116390888,6131500,BND
2025-02-18,68.37123107910156,68.55100105989112,68.36176722154163,68.45638414071637,7151700,BND
2025-02-19,68.46585845947266,68.49424281768123,68.32392944962048,68.39962588404956,4720700,BND
2025-02-20,68.5510025024414,68.59831457242849,68.5226181479725,68.5604663602005,6199000,BND
2025-02-21,68.853759765625,68.93892002159976,68.6266777810359,68.63614163587889,4460600,BND
2025-02-24,68.94839477539062,68.99569961947103,68.77808145532515,68.78753809285686,5580100,BND
2025-02-25,69.3836441040039,69.3836441040039,69.11871385489457,69.17548256004432,4835300,BND
2025-02-26,69.48772430419922,69.52557251359025,69.2700989049028,69.36471581897644,5825400,BND
2025-02-27,69.40254211425781,69.46877465507698,69.27954088668095,69.3646939168175,14908500,BND
2025-02-28,69.69587707519531,69.72426142396445,69.45933121037666,69.56340474959451,8363500,BND
2025-03-03,69.85626983642578,69.87524675372353,69.48615840627465,69.51462740238863,7549300,BND
2025-03-04,69.65696716308594,69.98911745889197,69.58104502680644,69.85625734056956,7693100,BND
2025-03-05,69.41023254394531,69.77085187599216,69.40074046563677,69.56207683554462,7758400,BND
2025-03-06,69.35328674316406,69.4671627087028,69.18246555452244,69.38175573454875,7196400,BND
2025-03-07,69.27735900878906,69.62849343494251,69.22990586675947,69.59053236938541,5036100,BND
2025-03-10,69.60002136230469,69.72339664281692,69.53359130369554,69.56206753481378,8167000,BND
2025-03-11,69.33431243896484,69.68544694337294,69.31533552212352,69.46717257785774,8359200,BND
2025-03-12,69.19196319580078,69.3343081641708,69.17297903979538,69.19196319580078,6193000,BND
2025-03-13,69.4007339477539,69.41971810258806,69.05909156407571,69.20144376399723,4711400,BND
2025-03-14,69.22992706298828,69.34381029452737,69.22044222394472,69.29635713796895,5094900,BND
2025-03-17,69.32482147216797,69.50512750739179,69.28686040150666,69.40073637315668,4772900,BND
2025-03-18,69.4007339477539,69.48614816384028,69.24889691074895,69.25838898816603,4196100,BND
2025-03-19,69.6095199584961,69.63798895194716,69.27736963434344,69.34379969917397,4201600,BND
2025-03-20,69.63799285888672,69.9132052115776,69.60952386383842,69.89422829499023,3760700,BND
2025-03-21,69.58104705810547,69.77084516401162,69.56207014364831,69.69493026584934,7078500,BND
2025-03-24,69.27735900878906,69.48614124918663,69.25838209617697,69.45767226010204,5637000,BND
2025-03-25,69.36278533935547,69.43870749166409,69.26788626913718,69.27737834825949,6133700,BND
2025-03-26,69.21092224121094,69.33429026205604,69.17296117933577,69.29632920018088,4856900,BND
2025-03-27,69.18247985839844,69.20145677646731,69.10655770545293,69.16349569999456,5567900,BND
2025-03-28,69.58104705810547,69.60951604995803,69.34379580555597,69.42921002144728,4850500,BND
2025-03-31,69.70442199707031,69.80881313774366,69.53360078872615,69.75187514840705,7106000,BND
2025-04-01,69.92340850830078,70.05670418079359,69.70441860973726,69.71394180464942,4667900,BND
2025-04-02,69.86627960205078,70.09479270533585,69.67585928004955,70.0852695100149,5313100,BND
2025-04-03,70.22809600830078,70.45660187232535,70.09480031561391,70.22809600830078,7426200,BND
2025-04-04,70.28521728515625,70.78031451079383,70.18048392249001,70.64701882450409,12678000,BND
2025-04-07,69.43781280517578,70.16142292236043,69.3616417898789,70.123337414712,14283000,BND
2025-04-08,69.03794860839844,69.55209223488217,68.99033989214115,69.42831247824132,12629200,BND
2025-04-09,69.19979858398438,69.21883770983386,68.0572621672111,68.06677809810117,20862000,BND
2025-04-10,68.6475830078125,69.13316434931015,68.60949748455084,68.95225992983497,8058500,BND
2025-04-11,68.57139587402344,68.69517561160205,67.99061175673333,68.25720309295019,7260400,BND
2025-04-14,68.9617691040039,69.05697926076265,68.7427792057964,68.76182559558974,5409300,BND
2025-04-15,69.1331558227539,69.25692831003569,68.88560358412045,68.89512677977902,5667500,BND
2025-04-16,69.32357025146484,69.3616557667878,69.03793978264656,69.18075864909035,33963000,BND
2025-04-17,69.17124938964844,69.342630611094,69.12364066988604,69.30454508809824,7613800,BND
2025-04-21,68.7903823852539,69.1617070516059,68.7903823852539,69.01888819591619,6092900,BND
2025-04-22,68.91414642333984,69.05696526156044,68.90463049444156,69.01887975376376,5408200,BND
2025-04-23,69.05697631835938,69.62824449864037,69.02841399895567,69.33309084604348,5283000,BND
2025-04-24,69.44734954833984,69.45686547905778,69.26644516772953,69.31405387759621,3751500,BND
2025-04-25,69.67585754394531,69.68538073902899,69.51399954787028,69.59016331633123,4021800,BND
2025-04-28,69.84725189208984,69.87581421865161,69.59017642489228,69.59969962176982,4685400,BND
2025-04-29,70.02814483642578,70.03766076767303,69.7710694113569,69.7805926066738,3790700,BND
2025-04-30,69.98053741455078,70.05670845035152,69.8567649294269,69.98053741455078,8020700,BND
2025-05-01,69.7856674194336,70.08177910394191,69.6805967067803,70.0531174925627,6295400,BND
2025-05-02,69.44182586669922,69.5851048251184,69.35586286413003,69.45137974058598,6960800,BND
2025-05-05,69.34628295898438,69.43225321675253,69.23166566525059,69.37493728241782,7575000,BND
2025-05-06,69.49913024902344,69.50867683384988,69.25078058161863,69.3080892404546,6994000,BND
2025-05-07,69.63285064697266,69.69971317362567,69.52777992116523,69.53733379282104,4357400,BND
2025-05-08,69.26032257080078,69.6519438181044,69.26032257080078,69.59463516910097,4283200,BND
2025-05-09,69.31764221191406,69.48002160148532,69.30808833974245,69.35585041313128,3730700,BND
2025-05-12,69.07884216308594,69.20301334378821,69.05974170738897,69.05974170738897,6982800,BND
2025-05-13,69.05018615722656,69.18391120626093,68.96421589000813,69.0597400285772,5610300,BND
2025-05-14,68.81138610839844,69.05018186504024,68.78273178359632,69.00241979872462,6426700,BND
2025-05-15,69.18390655517578,69.20300700912435,68.93555692903573,69.01197331976621,5659000,BND
2025-05-16,69.231689453125,69.42272319996535,69.20302783237567,69.3654145334073,5310000,BND
2025-05-19,69.21255493164062,69.23166267141518,68.8304802982921,68.93555100464964,5787700,BND
2025-05-20,69.08839416503906,69.14570281804791,68.96421570022844,69.05973983853464,5810300,BND
2025-05-21,68.65856170654297,68.96422002085403,68.58215259356699,68.91646523617767,10880400,BND
2025-05-22,68.849609375,68.85915596037833,68.54395103108921,68.64902177000883,7067200,BND
2025-05-23,68.95466613769531,69.05018298440682,68.85914200351553,69.03107524258355,4272600,BND
2025-05-27,69.2794189453125,69.34628146103552,69.07883139814345,69.12659346114603,6148800,BND
2025-05-28,69.12660217285156,69.21256515212853,69.0501857774041,69.1648103705753,5214700,BND
2025-05-29,69.37494659423828,69.44180912038019,69.23167495784048,69.23167495784048,4685800,BND
2025-05-30,69.50868225097656,69.51823612401692,69.28899418333779,69.37495717829125,5995600,BND
2025-06-02,69.35533142089844,69.50866260030745,69.23074206907307,69.33616045373375,6888000,BND
2025-06-03,69.2786865234375,69.47993787990643,69.24993737416825,69.42243958136795,7436800,BND
2025-06-04,69.70991516113281,69.77699892427287,69.48950021577912,69.5182493554703,8343000,BND
2025-06-05,69.57575225830078,69.7961745298838,69.5565886010938,69.72909076228589,6620600,BND
2025-06-06,69.20199584960938,69.47033090858272,69.18283219321783,69.35533434706957,14677200,BND
2025-06-09,69.30743408203125,69.37451786598125,69.1924301760095,69.1924301760095,10147300,BND
2025-06-10,69.44159698486328,69.53742991098467,69.36492771933273,69.48951710371577,9257000,BND
2025-06-11,69.66201782226562,69.69076696833574,69.49909380856256,69.56617758658732,8034900,BND
2025-06-12,69.9207534790039,69.93033896297334,69.78658594975975,69.86325519835125,5950100,BND
2025-06-13,69.67160034179688,69.81535339269638,69.52785460248126,69.77701875835092,5656200,BND
2025-06-16,69.53742218017578,69.7578444661748,69.527844006737,69.62367692220418,6415500,BND
2025-06-17,69.75785827636719,69.78660742554062,69.57577058282308,69.66202534192763,5123400,BND
2025-06-18,69.79618835449219,69.97826872456149,69.72910457360692,69.83452298808145,5176900,BND
2025-06-20,69.84408569335938,69.92075494355679,69.64283439527775,69.68116902037646,5396600,BND
2025-06-23,70.01659393310547,70.16993244682136,69.93993198783028,70.0070157596853,5391900,BND
2025-06-24,70.22743225097656,70.26576688023377,69.94951167254894,69.94951167254894,8789700,BND
2025-06-25,70.2466049194336,70.25618309329224,70.0549317685143,70.14118651432375,5346300,BND
2025-06-26,70.4478530883789,70.45743126180848,70.24660177261636,70.31368554453721,5373300,BND
2025-06-27,70.28492736816406,70.48618599058038,70.26576371019148,70.32326199569181,6928700,BND
2025-06-30,70.56285095214844,70.60118558131583,70.39034877668665,70.44785437622919,6986700,BND
2025-07-01,70.50997161865234,70.6157275540384,70.40422301825973,70.55804516564362,6286300,BND
2025-07-02,70.43306732177734,70.43306732177734,70.31769520490117,70.34653640037178,6342300,BND
2025-07-03,70.260009765625,70.34653334828286,70.22155239500147,70.30807597765933,6428400,BND
2025-07-07,70.02925872802734,70.20231321149828,69.98119252066986,70.1446308286722,8191000,BND
2025-07-08,69.99081420898438,69.99081420898438,69.89466711671089,69.93312448662162,5934200,BND
2025-07-09,70.2696304321289,70.27924661015138,70.07735088164758,70.07735088164758,6720200,BND
2025-07-10,70.27923583984375,70.28885201639254,70.15425488468371,70.26001082173973,6650900,BND
2025-07-11,69.99081420898438,70.08695396626455,69.96196568030635,70.07733779003853,4962400,BND
2025-07-14,69.98121643066406,70.04851501195216,69.8946854918678,69.9619840731559,5624700,BND
2025-07-15,69.76969909667969,70.06773459998332,69.75047407565786,70.06773459998332,5908400,BND
2025-07-16,69.90428924560547,69.9715878149317,69.72161855672259,69.89467306856059,7874900,BND
2025-07-17,69.92351531982422,70.01003890047552,69.87544177391132,69.91389914364298,6857300,BND
2025-07-18,70.03887939453125,70.08695293996404,70.00042202518367,70.06772058779364,5206800,BND
2025-07-21,70.24077606201172,70.35614817166358,70.2215510445664,70.27923343189568,5338500,BND
2025-07-22,70.35614776611328,70.41383015311006,70.26000800945422,70.27923302678873,5507300,BND
2025-07-23,70.21195220947266,70.29848314683152,70.18311100868475,70.26002576744925,5269400,BND
2025-07-24,70.12541198730469,70.22155174547753,70.01003987650125,70.02926489413846,6139200,BND
2025-07-25,70.29846954345703,70.29846954345703,70.11579886048848,70.13502387896185,4845900,BND
2025-07-28,70.18309783935547,70.23117138831142,70.14464046718945,70.20232285794161,5806600,BND
2025-07-29,70.54843139648438,70.55804757320944,70.26001210967567,70.26001210967567,7397900,BND
2025-07-30,70.36576843261719,70.51959058608908,70.30807870694571,70.36576843261719,5554600,BND
2025-07-31,70.37537384033203,70.52920332129132,70.3561488227088,70.51958714498302,6463200,BND
2025-08-01,70.98499298095703,71.00428912460282,70.7824276286114,70.89818241251855,10782300,BND
2025-08-04,71.03323364257812,71.04288171544168,70.89819005978154,71.02358556971457,6834400,BND
2025-08-05,71.06217193603516,71.09110879588653,70.93677642357139,70.95606521036449,8145300,BND
2025-08-06,71.00431060791016,71.0428955475536,70.74386410514809,70.96572566826671,8082200,BND
2025-08-07,70.9753646850586,71.09111212989237,70.92713167682865,71.09111212989237,4193100,BND
2025-08-08,70.82102966308594,70.90784761181743,70.80174087410354,70.89819953766408,5566300,BND
2025-08-11,70.86925506591797,70.94642493221106,70.84031820588893,70.88854385282949,8668100,BND
2025-08-12,70.87890625,70.87890625,70.73421458418062,70.79208830677884,5493400,BND
2025-08-13,71.13935089111328,71.16828775466183,71.06218101543422,71.08147716401618,6208900,BND
2025-08-14,70.93678283691406,71.13934823351093,70.88854982658542,71.13934823351093,6818100,BND
2025-08-15,70.84030151367188,70.98498577972485,70.79206851877304,70.92711207330366,4309100,BND
2025-08-18,70.76314544677734,71.03323260843842,70.71491244248506,70.8692521687618,6941600,BND
2025-08-19,70.898193359375,70.90784143268759,70.84031963814684,70.84031963814684,5098500,BND
2025-08-20,70.94642639160156,70.99465203953413,70.85960845040508,70.88854531102936,5512500,BND
2025-08-21,70.7728042602539,70.8692629241542,70.69563438540395,70.84032606091655,5695500,BND
2025-08-22,71.12969207763672,71.19721386883033,70.87890105853089,70.89818984487621,5828700,BND
2025-08-25,71.03323364257812,71.11040350683997,70.98500063758364,71.02358556971457,5361700,BND
2025-08-26,71.12005615234375,71.14899301347161,70.98500520154082,71.0428862831203,4648300,BND
2025-08-27,71.18756866455078,71.19720937745363,70.98499594442566,71.05252509068258,6053900,BND
2025-08-28,71.27438354492188,71.30332040402523,71.14898803569959,71.17792489480294,5857300,BND
2025-08-29,71.18756866455078,71.25509045148488,71.1489837349709,71.2068574496793,7736300,BND
2025-09-02,71.03563690185547,71.06466935893083,70.9485321469933,70.97756460406866,6222400,BND
2025-09-03,71.26789093017578,71.34531572399811,71.0743363292547,71.08400889075644,6005100,BND
2025-09-04,71.53888702392578,71.5485669713218,71.34533237782409,71.42275718971935,8842600,BND
2025-09-05,71.87759399414062,71.97437867746271,71.85824148765701,71.8969538842589,6321800,BND
2025-09-08,72.10987091064453,72.11954347240929,72.01309360755239,72.03244611471685,6414400,BND
2025-09-09,71.97438049316406,72.11954275453986,71.9066356433104,72.07115779529288,6613200,BND
2025-09-10,72.1001968383789,72.21633404173072,72.04213192852076,72.0905168921907,5680700,BND
2025-09-11,72.25505065917969,72.3518279758024,72.16794590567407,72.16794590567407,6437200,BND
2025-09-12,72.16796112060547,72.17764106939931,72.03247137204163,72.13892865786143,5493000,BND
2025-09-15,72.30343627929688,72.32279617297802,72.24537136552554,72.2550513123661,7193600,BND
2025-09-16,72.31312561035156,72.36151058356134,72.24538074094828,72.30344566225482,7012200,BND
2025-09-17,72.18728637695312,72.50665811381917,72.12922147339012,72.39052830669314,8872000,BND
2025-09-18,72.00342559814453,72.0808504069069,71.8969683320053,71.99374565114019,7641400,BND
2025-09-19,72.03244018554688,72.05179269111838,71.94533545138931,72.01308767997537,5295700,BND
2025-09-22,71.89697265625,72.01310987637864,71.87761276107692,71.99374998120555,7813900,BND
2025-09-23,72.04212951660156,72.0518020788304,71.91631237127382,71.97438466282327,6492000,BND
2025-09-24,71.89697265625,71.98407003361902,71.86794019712698,71.97439746966909,5158400,BND
2025-09-25,71.81952667236328,71.82920661709643,71.68403698063689,71.8001741665314,7402700,BND
2025-09-26,71.81952667236328,71.9356638582578,71.76146177123323,71.82920661709643,5531400,BND
2025-09-29,72.00342559814453,72.04213800252572,71.8969683320053,71.91632084237781,5534500,BND
2025-09-30,71.97438049316406,72.13890264514654,71.94534065725404,72.03244539771438,8840700,BND
2025-10-01,72.15594482421875,72.19478099033233,72.04914721921674,72.15594482421875,8762900,BND
2025-10-02,72.2336196899414,72.25303407005848,72.0879859137179,72.12682208119361,7155600,BND
2025-10-03,72.14623260498047,72.28215548025936,72.12681822590112,72.25303020801977,8372400,BND
2025-10-06,71.98118591308594,72.11710879111351,71.97147501972931,72.01031118591452,8688800,BND
2025-10-07,72.11710357666016,72.18506501075997,72.02972776449216,72.05885303521484,7229500,BND
2025-10-08,72.11710357666016,72.24332295944606,72.09768919859198,72.23361206679158,6298400,BND
2025-10-09,72.06855773925781,72.09768300747946,72.02001068739499,72.07826122383827,9071000,BND
2025-10-10,72.3501205444336,72.40837849907412,72.19478328228911,72.26274472333512,7202600,BND
2025-10-13,72.46662902832031,72.46662902832031,72.28215908528101,72.36954231359914,4358400,BND
2025-10-14,72.57342529296875,72.60255056612168,72.39866624680974,72.45691679311561,6550100,BND
2025-10-15,72.52487182617188,72.6899273715268,72.48604307022562,72.59283325993894,6264800,BND
2025-10-16,72.7967300415039,72.81614442082997,72.49575160764043,72.49575160764043,8485100,BND
2025-10-17,72.69962310791016,72.73845926695765,72.63166168138703,72.72875578262573,20337500,BND
2025-10-20,72.7967300415039,72.80643352754632,72.72876860300079,72.76759736165292,6287200,BND
2025-10-21,72.88410186767578,72.96177419520868,72.86468748941297,72.9132271386904,6179900,BND
2025-10-22,72.88410186767578,72.89381276042761,72.78701516188009,72.84526570390933,7164500,BND
2025-10-23,72.73847198486328,72.8355586958371,72.71905760556503,72.80643342326907,6041700,BND
2025-10-24,72.83555603027344,72.86468870901652,72.72876583717932,72.85497781610216,6912300,BND
2025-10-27,72.8743896484375,72.8743896484375,72.709341510865,72.77730294440902,7706600,BND
2025-10-28,72.9132308959961,72.93265268250057,72.82585507844965,72.85498035096514,7399700,BND
2025-10-29,72.55400848388672,72.89381567136189,72.53458669760748,72.88410477822227,8938700,BND
2025-10-30,72.42778778076172,72.54429627459993,72.33070107285039,72.34041196581383,7109500,BND
2025-10-31,72.40837860107422,72.50546531595647,72.369542433673,72.48605093587663,7106700,BND
2025-11-03,72.32460021972656,72.3635638591062,72.24667294096729,72.31485745199306,7085100,BND
2025-11-04,72.36356353759766,72.44149081601071,72.31485713070093,72.33434266608134,11476200,BND
2025-11-05,72.15900421142578,72.33433685799967,72.12004057534784,72.31485132418385,10862500,BND
2025-11-06,72.44149017333984,72.47071104459692,72.35382012801436,72.3733056632219,6461200,BND
2025-11-07,72.40252685546875,72.4999322372756,72.33434234504853,72.33434234504853,7073200,BND
2025-11-10,72.38304138183594,72.44149055621327,72.35382051042441,72.3927841494912,7235100,BND
2025-11-11,72.58760070800781,72.59734347644086,72.490195318342,72.5291589605193,5229400,BND
2025-11-12,72.55836486816406,72.60707126872808,72.50966589915339,72.54862953329393,7129700,BND
2025-11-13,72.34407806396484,72.48045451708124,72.34407806396484,72.43174811014293,7105100,BND
2025-11-14,72.23693084716797,72.49018333211286,72.23693084716797,72.47070523002235,6473000,BND
2025-11-17,72.27589416503906,72.35382144417832,72.26615882881244,72.28563693282007,6908300,BND
2025-11-18,72.33434295654297,72.45122644307759,72.256415677817,72.40252746753961,8009200,BND
2025-11-19,72.30511474609375,72.44148375424587,72.27588644587237,72.41225545402449,7527500,BND
2025-11-20,72.4122543334961,72.47070350148081,72.36355536365454,72.38303346528046,8461100,BND
2025-11-21,72.58760070800781,72.61682901330693,72.4707172130308,72.61682901330693,6818400,BND
2025-11-24,72.71421813964844,72.74343900685713,72.61681277176841,72.68499727243974,5734400,BND
2025-11-25,72.87982177734375,72.94800629089715,72.76293085487166,72.76293085487166,7446200,BND
2025-11-26,72.95774841308594,72.95774841308594,72.74345210622826,72.84085749164869,7327100,BND
2025-11-28,72.84085083007812,72.93825620659047,72.77266632336409,72.91877810390955,4812100,BND
2025-12-01,72.55648803710938,72.60535060716573,72.51739947214058,72.57602859190304,6891500,BND
2025-12-02,72.6249008178711,72.66398938803695,72.52718312014768,72.55649768392647,6756900,BND
2025-12-03,72.73239135742188,72.77147992696186,72.64444021211133,72.71285080034305,9774000,BND
2025-12-04,72.59558868408203,72.67376582703056,72.566274119322,72.66399182031633,7337500,BND
2025-12-05,72.50763702392578,72.63467674416839,72.45878190146394,72.61512873087753,7270500,BND
2025-12-08,72.40013885498047,72.51740455811122,72.29265461300474,72.50763055233817,8585700,BND
2025-12-09,72.35128784179688,72.51740867245398,72.3219732781965,72.51740867245398,6665200,BND
2025-12-10,72.56627655029297,72.5760431019517,72.31220455489019,72.32197856193186,8771100,BND
2025-12-11,72.56627655029297,72.73239739308663,72.54672853620963,72.71285683438623,8924600,BND
2025-12-12,72.34151458740234,72.40014371521251,72.32197402992644,72.36106260026072,8117600,BND
2025-12-15,72.42945098876953,72.54670922051757,72.3903624263932,72.47830610020422,10495500,BND
2025-12-16,72.56627655029297,72.5760431019517,72.37083368637431,72.42947027324138,6999300,BND
2025-12-17,72.54671478271484,72.57602934289942,72.478311657157,72.4880856623457,10071300,BND
2025-12-18,72.70065307617188,72.74967127956815,72.64182075971961,72.70065307617188,6940500,BND
2025-12-19,72.59280395507812,72.68104121105308,72.57319068912642,72.62221637373645,7540400,BND
2025-12-22,72.57319641113281,72.59280967863091,72.5241782029272,72.58300304488186,9855300,BND
2025-12-23,72.56339263916016,72.57319179201569,72.40651643023944,72.41632306336432,10188700,BND
2025-12-24,72.73987579345703,72.74967494646874,72.60261284859826,72.63202526817236,5341700,BND
2025-12-26,72.73987579345703,72.82811305217933,72.69085010732056,72.79870063260523,6730500,BND
2025-12-29,72.84771728515625,72.84771728515625,72.7594725571074,72.80849823716437,9105700,BND
2025-12-30,72.81830596923828,72.83791923567955,72.73006871106087,72.7790943968946,7743200,BND
2025-12-31,72.6222152709961,72.79869726053543,72.61240863816914,72.72025915845813,8846700,BND
2026-01-02,72.59280395507812,72.71046110998064,72.57319068912642,72.68104121105308,7453500,BND
2026-01-05,72.73006439208984,72.7594768097357,72.63202050651398,72.66143292415984,11059100,BND
2026-01-06,72.73006439208984,72.73987102472813,72.58299482359156,72.68103870916742,9079000,BND
2026-01-07,72.80851745605469,72.86734230343592,72.74968512840293,72.84773651439902,11576600,BND
2026-01-08,72.68104553222656,72.73007121975135,72.65163311181956,72.67124637893735,9906800,BND
2026-01-09,72.83792114257812,72.90655261638048,72.68104492801868,72.7300706151359,10536800,BND
2026-01-12,72.76927947998047,72.84771757627769,72.71045464789185,72.75947284787617,9851000,BND
2026-01-13,72.82810974121094,72.86732879228322,72.76928490473708,72.85752215944787,11835200,BND
2026-01-14,72.97518157958984,73.00459399874045,72.86733105585805,72.86733105585805,8765900,BND
2026-01-15,72.8673324584961,73.01440203734946,72.8673324584961,72.99478877069194,9959500,BND
2026-01-16,72.74967956542969,72.87714336536958,72.73007377789199,72.86733673146574,16105100,BND
2026-01-20,72.48494720458984,72.58299108511584,72.4555347884589,72.46534142059208,12982700,BND
2026-01-21,72.69085693359375,72.71047020199798,72.50456828510445,72.56340061004697,11453200,BND
2026-01-22,72.72026062011719,72.75947967194412,72.60261094490565,72.64182251646331,13512400,BND
2026-01-23,72.79869842529297,72.80850505827682,72.67124211757996,72.74967274064299,8079700,BND
2026-01-26,72.8869400024414,72.92615905643264,72.8575275820154,72.8869400024414,7137300,BND
2026-01-27,72.82810974121094,72.92615362875708,72.79869732297401,72.85752215944787,9827900,BND
2026-01-28,72.79869842529297,72.80850505827682,72.70065453626225,72.78889179230913,9328300,BND
2026-01-29,72.80851745605469,72.86734230343592,72.6908602810217,72.70066691567541,16397300,BND
2026-01-30,72.77909851074219,72.84772998662717,72.72026618836232,72.79870429802224,8977500,BND
2026-02-02,72.705322265625,72.83320065468054,72.68564404882216,72.82336154627912,8636400,BND
2026-02-03,72.72498321533203,72.73482232241273,72.63644626168525,72.65612447584664,11287100,BND
2026-02-04,72.69548034667969,72.75449998472494,72.64629231161503,72.68564123865866,11709600,BND
2026-02-05,73.01025390625,73.02992461446259,72.80367769734053,72.85285822039171,12216700,BND
2026-02-06,73.02010345458984,73.0397741656153,72.92172738434117,73.02010345458984,8257200,BND
2026-02-09,73.03976440429688,73.05943511269346,72.93155674551699,72.9610665606316,9429800,BND
2026-02-10,73.25618743896484,73.30536796765693,73.21683851298702,73.23650922345583,8288400,BND
2026-02-11,73.108642578125,73.26603830730124,73.07913275516482,73.09880346879112,7968800,BND
2026-02-12,73.4430923461914,73.4627630564955,73.21683789997336,73.24634771794959,9884300,BND
2026-02-13,73.65950012207031,73.6791783373992,73.5906413784996,73.62015119645274,8307900,BND
2026-02-17,73.64966583251953,73.68901475670155,73.6103169083375,73.66933654209059,9689000,BND
2026-02-18,73.57097625732422,73.63983500612608,73.55129804050041,73.57097625732422,6972500,BND
2026-02-19,73.6004867553711,73.62999657583785,73.5021181854683,73.5021181854683,8147900,BND
2026-02-20,73.59063720703125,73.62014702331163,73.47259794190971,73.62014702331163,9131300,BND
2026-02-23,73.74803161621094,73.79721214080848,73.62014574117016,73.62014574117016,6286900,BND
2026-02-24,73.70869445800781,73.74804338699003,73.6693455290256,73.72836516997852,9854400,BND
2026-02-25,73.68900299072266,73.74802261505204,73.6496540728235,73.65948567351926,7002000,BND
2026-02-26,73.7972183227539,73.80705743051348,73.7086888680385,73.7086888680385,14876200,BND
2026-02-27,73.94477844238281,74.00380558671259,73.90542951450983,73.92510773096663,8500900,BND
2026-03-02,73.64679718017578,73.7454650178251,73.55799838465343,73.72573446144463,8732600,BND
2026-03-03,73.56785583496094,73.66653119503283,73.32118249052732,73.34092057369092,8939900,BND
2026-03-04,73.5185317993164,73.60733059732122,73.50866275691352,73.57773099798628,11305400,BND
2026-03-05,73.35077667236328,73.38038379492296,73.25210884744848,73.2915774829889,10025800,BND
2026-03-06,73.25210571289062,73.42971080128629,73.08436966492587,73.1337073392083,10878000,BND
2026-03-09,73.45932006835938,73.50865774913895,73.1238479282525,73.16331656730152,8201800,BND
2026-03-10,73.23237609863281,73.4593113363477,73.22250705807538,73.40011214874768,8622900,BND
2026-03-11,72.90676879882812,73.11397349264436,72.86730016269085,73.10410445164189,9003400,BND
2026-03-12,72.64037322998047,72.84757794751569,72.58116650506078,72.7982402647282,12383500,BND
2026-03-13,72.57129669189453,72.81797002187668,72.53182805575267,72.75876330372758,7060100,BND
2026-03-16,72.84756469726562,72.89689484320698,72.75875838997581,72.84756469726562,7716600,BND
2026-03-17,72.9955825805664,73.02518217872965,72.94624489837872,72.94624489837872,5948100,BND
2026-03-18,72.69956970214844,72.9659736067447,72.68970066038615,72.91664345367964,9210900,BND
2026-03-19,72.77851104736328,72.87717888688015,72.52196864232053,72.54169919907446,8861500,BND
2026-03-20,72.19635009765625,72.55156030335148,72.18648858429506,72.53182974875632,12983200,BND
2026-03-23,72.47262573242188,72.63050028656299,72.26542102601647,72.32462774775593,14898800,BND
2026-03-24,72.28515625,72.43316175668471,72.14701978452702,72.20621897605179,11800800,BND
2026-03-25,72.5614242553711,72.64036152396093,72.47261794623947,72.59102384912421,9313300,BND
2026-03-26,72.13714599609375,72.4528875432354,72.12727695553149,72.3542197212297,8602900,BND
2026-03-27,72.13714599609375,72.23581381809946,71.9694099458968,72.00887858027355,13021800,BND
2026-03-30,72.5022201538086,72.62061852079627,72.443013442443,72.5022201538086,10353800,BND
2026-03-31,72.66009521484375,72.79823167690496,72.59102698381315,72.68969480987506,10948300,BND
2026-04-01,72.6897964477539,72.82840346750535,72.66009602259517,72.69969910731217,9624800,BND
2026-04-02,72.84821319580078,72.91751670987115,72.61059467311682,72.63039999343208,7975600,BND
2026-04-06,72.73931121826172,72.8284125047945,72.68980546784329,72.71950589668754,9844300,BND
2026-04-07,72.84821319580078,72.86801096259953,72.52149339224772,72.75910436141517,7270000,BND
2026-04-08,72.98681640625,73.21452470334918,72.93731066156785,73.20462959722565,5760200,BND
2026-04-09,73.01651763916016,73.15512466158371,72.84821019100531,72.94721412794838,5646600,BND
2026-04-10,72.90760803222656,73.03631238958694,72.89770537288625,73.00661196508192,6334300,BND
2026-04-13,73.0660171508789,73.08581491517202,72.86800174036992,72.90760482247171,6438100,BND
2026-04-14,73.2442398071289,73.25413491421499,73.04622436265443,73.10562521923833,5600100,BND
2026-04-15,73.14522552490234,73.19473127251645,73.08582467057867,73.16503084535461,6724300,BND
2026-04-16,73.03631591796875,73.22442868694277,72.98681772590776,73.21452602712408,7582500,BND
2026-04-17,73.32344055175781,73.41254939272739,73.27394235434545,73.32344055175781,5806900,BND
2026-04-20,73.27393341064453,73.32343160201522,73.19472724023204,73.31353649585077,7609600,BND
2026-04-21,73.04621887207031,73.2442343016608,73.03631621221172,73.2046312157427,5852600,BND
2026-04-22,73.12541961669922,73.24422886563575,73.11551695757558,73.22442354738845,5936800,BND
2026-04-23,72.99671936035156,73.19472723284665,72.88781276442442,73.12542372212175,6181500,BND
2026-04-24,73.12541961669922,73.15512004055442,72.92741175532073,73.01651302688633,5118200,BND
2026-04-27,73.0066146850586,73.11552128131174,72.9670115997378,73.06602308979788,6095200,BND
2026-04-28,72.98681640625,72.98681640625,72.86800715112253,72.91751289580468,7242000,BND
2026-04-29,72.66009521484375,72.81850755195069,72.59079170573847,72.81850755195069,7207000,BND
2026-04-30,72.76901245117188,72.84821863130976,72.71950670020642,72.79871288034431,7829100,BND
2026-05-01,72.87032318115234,73.0391866136521,72.77099219606238,72.81072610579204,6933100,BND
2026-05-04,72.62199401855469,72.79085745591273,72.49286449206947,72.77099428971061,7912200,BND
2026-05-05,72.75112915039062,72.82066160515826,72.69153206872384,72.7014674418247,8336200,BND
2026-05-06,73.05905151367188,73.07891467771364,72.97958370056928,73.00938223586581,7658300,BND
2026-05-07,72.87032318115234,73.15838834284109,72.83058927142268,73.15838834284109,9777000,BND
2026-05-08,73.05905151367188,73.11864858426493,73.02924539990757,73.06897930645887,7382800,BND
2026-05-11,72.88026428222656,73.00939381514738,72.87032890939605,72.97959527512481,9494200,BND
2026-05-12,72.66172790527344,72.74119572699266,72.64185716060933,72.72132498232855,7431700,BND
2026-05-13,72.6915283203125,72.70146369290103,72.5425280453597,72.64185903583864,10761000,BND
2026-05-14,72.67166137695312,72.89018651326279,72.66172600488092,72.73125845244954,6262500,BND
2026-05-15,72.25445556640625,72.35378654684735,72.2147216585362,72.33392338214634,12189900,BND
2026-05-18,72.20479583740234,72.37365926661083,72.1054572757802,72.2941914487004,8771700,BND
2026-05-19,71.96640014648438,72.0657387188219,71.85713377968834,71.9862708923395,13221200,BND
2026-05-20,72.36372375488281,72.41339303559788,71.97632761640358,71.99619836007689,11123000,BND
2026-05-21,72.44319915771484,72.45313453059177,72.09553689171247,72.16506934491295,10364600,BND
2026-05-22,72.51272583007812,72.56239511203404,72.33392702489262,72.55245973994917,6817600,BND
2026-05-26,72.72132873535156,72.79086118832718,72.64186090953115,72.77099802110658,7374200,BND
2026-05-27,72.79085540771484,72.85045248311282,72.75112149796006,72.80079077977064,7349100,BND
2026-05-28,72.92992401123047,72.98952866812783,72.75112519747593,72.80079448181226,7239100,BND
2026-05-29,72.96965789794922,73.05906109403017,72.89019007442587,72.97959327050683,9177400,BND
2026-06-01,72.936767578125,72.94673646965936,72.69756740955427,72.75736555068788,7268300,BND
2026-06-02,72.95669555664062,73.05636926090531,72.91683519977798,73.02646258720429,7682700,BND
2026-06-03,72.8171615600586,72.87696730347763,72.73743324222661,72.7972313816096,9330700,BND
2026-06-04,72.91683197021484,72.98659899768846,72.88692529783842,72.94673103855558,6815000,BND
2026-06-05,72.58792877197266,72.70752504823798,72.5779598809386,72.69756376123979,8487200,BND
2026-06-08,72.5679931640625,72.76733297053678,72.55803187676587,72.73743390057466,14019000,BND
2026-06-09,72.72746276855469,72.75736183759562,72.59788999732943,72.67762591746254,8703500,BND
2026-06-10,72.66766357421875,72.79722873952485,72.5978889420896,72.72746171143145,5252500,BND
2026-06-11,73.08626556396484,73.11616463249804,72.68759357410549,72.73743042435132,9058700,BND
2026-06-12,72.99656677246094,73.0464036268155,72.86700159678996,72.96666770146274,7379300,BND
2026-06-15,73.05636596679688,73.18593113084845,73.0463970760127,73.13609428096325,7738300,BND
2026-06-16,73.16600036621094,73.23576739306898,73.07629555794452,73.09622573531726,5902800,BND
2026-06-17,72.89689636230469,73.22580133193159,72.8769661841618,73.17596448052052,8531600,BND
2026-06-18,73.09622955322266,73.25570139667653,73.07629937480894,73.07629937480894,6312500,BND
2026-06-22,72.89689636230469,72.97663228294805,72.8669972930724,72.92679543153696,7359400,BND
2026-06-23,72.97663116455078,73.05636708397215,72.93676320484009,72.93676320484009,7081800,BND
2026-06-24,73.30553436279297,73.3553636082038,73.21582955459647,73.2357673359893,7819400,BND
2026-06-25,73.3553695678711,73.48494234534462,73.34540067636476,73.40520642136649,7638100,BND
2026-06-26,73.42513275146484,73.47496960234783,73.31549776275094,73.32546665373471,5965100,BND
2026-06-29,73.46500396728516,73.48494175013631,73.39523693537845,73.44507378847017,7224800,BND
2015-01-02,169.68785095214844,170.8855799305739,168.6553346631324,170.47257341496748,121465900,SPY
2015-01-05,166.62330627441406,168.81223519552856,166.31768556571836,168.64703515309722,169632600,SPY
2015-01-06,165.05389404296875,167.4493262708284,164.2609161597577,166.92893414109756,209151400,SPY
2015-01-07,167.11070251464844,167.44937089898684,165.92950987204858,166.37555138501293,125346700,SPY
2015-01-08,170.0760498046875,170.29082122362388,168.49837475641723,168.5148859394458,147217800,SPY
2015-01-09,168.71315002441406,170.5055966664213,168.10189588592164,170.4890728778248,158567300,SPY
2015-01-12,167.39151000976562,169.0022452562674,166.78852411875266,168.84530078782205,144396100,SPY
2015-01-13,166.92071533203125,169.72915460451395,165.62386881945937,168.60577637472915,214553300,SPY
2015-01-14,165.91294860839844,166.1111962382504,164.02138464722543,164.91346747166824,192991100,SPY
2015-01-15,164.3931427001953,166.86291398308043,164.277501361906,166.54903755284403,176613900,SPY
2015-01-16,166.54904174804688,166.70598626909864,164.00491963763713,164.18664354580645,211879600,SPY
2015-01-20,166.90414428710938,167.4493157598487,165.34298059986864,167.18498561405204,130991100,SPY
2015-01-21,167.7467041015625,168.2257931041972,165.9790369696136,166.441602184859,122942700,SPY
2015-01-22,170.24127197265625,170.3734244640465,167.12719965980176,168.49838416512793,174356000,SPY
2015-01-23,169.30789184570312,170.24129060330148,169.17572673589194,169.98521597655784,117516800,SPY
2015-01-26,169.70437622070312,169.79523815908667,168.3827629216211,169.09313463881273,92009700,SPY
2015-01-27,167.4658966064453,168.60578608771726,166.63988352531175,167.6558760859974,134044600,SPY
2015-01-28,165.31825256347656,168.74620170511815,165.12827308965936,168.64708417164115,168514300,SPY
2015-01-29,166.84637451171875,167.10243653138437,164.1122608271368,165.51649304484636,173585400,SPY
2015-01-30,164.748291015625,166.99504739330268,164.48397340858196,165.67343415017112,197729700,SPY
2015-02-02,166.7885284423828,166.87939036836673,163.43491798072392,165.24388830461308,163107000,SPY
2015-02-03,169.20053100585938,169.20879920391286,167.3089664338,167.68066983135327,124212900,SPY
2015-02-04,168.55618286132812,169.6465258907375,168.1018732657409,168.4405415646292,134306700,SPY
2015-02-05,170.25778198242188,170.40647086465165,169.14267208350574,169.21701022264207,97953200,SPY
2015-02-06,169.78695678710938,171.18292062670562,169.26656461865574,170.62122529181084,125672000,SPY
2015-02-09,169.02706909179688,169.8613378071158,168.62231812482196,169.14271042465256,87219000,SPY
2015-02-10,170.82772827148438,171.08379025750745,169.068316736097,170.05954231341522,96164200,SPY
2015-02-11,170.92684936523438,171.35637961746548,170.01824270561735,170.6625317819855,91087800,SPY
2015-02-12,172.5706024169922,172.62842936615894,170.95987988674725,171.7198101932229,97545900,SPY
2015-02-13,173.28103637695312,173.33059514897005,172.43849944078457,172.69457410280586,93670400,SPY
2015-02-17,173.55357360839844,173.72704186582325,172.7193051039149,172.96709889458353,76968200,SPY
2015-02-18,173.57009887695312,173.64443701478808,172.91754161207228,173.1818717963169,80652900,SPY
2015-02-19,173.4462432861328,173.8096911004554,172.8350016020092,172.97542232955007,91462500,SPY
2015-02-20,174.48695373535156,174.56129186467138,172.41365347753623,173.03316309644572,140896400,SPY
2015-02-23,174.46218872070312,174.46218872070312,173.85919023381086,174.2391617104285,74411100,SPY
2015-02-24,174.95779418945312,175.15604182724803,174.09047810454112,174.38784325925505,72472300,SPY
2015-02-25,174.8091278076172,175.3129962204007,174.47045946703403,174.83390718824936,73061700,SPY
2015-02-26,174.6026153564453,174.87520113297848,173.99961684898244,174.7182566612815,72697900,SPY
2015-02-27,174.00787353515625,174.76780386009438,173.95831477978405,174.50347369283446,108076000,SPY
2015-03-02,175.10646057128906,175.16427491407825,174.05742077083383,174.10697952292608,87491400,SPY
2015-03-03,174.38787841796875,175.15607714083993,173.52883035557673,174.67698803921306,110325800,SPY
2015-03-04,173.6527099609375,173.86748140808916,172.68627626062957,173.7931306588669,114497200,SPY
2015-03-05,173.84262084960938,174.12346211432782,173.33875264928403,173.97477328927246,76873000,SPY
2015-03-06,171.39772033691406,173.41319434208773,171.067320134475,172.98366399574914,188128000,SPY
2015-03-09,172.10806274414062,172.46324227095045,171.43899425580943,171.5959387365701,89818900,SPY
2015-03-10,169.316162109375,170.82776759842554,169.27485893348538,170.745173850606,157121300,SPY
2015-03-11,168.9196319580078,169.7456448282181,168.8370256294043,169.57217657973325,110145700,SPY
2015-03-12,171.06735229492188,171.13342226466293,169.49791952838552,169.54747830767238,93993500,SPY
2015-03-13,170.01824951171875,171.7528691698583,168.9857333090318,170.79470371277253,162410900,SPY
2015-03-16,172.2897491455078,172.38061105651056,170.04299334976287,170.74510926241626,136099200,SPY
2015-03-17,171.7776641845703,172.15762309564545,170.96816239253445,171.55463715174756,94510400,SPY
2015-03-18,173.84262084960938,174.5116890524778,170.67072282260193,171.30675606654265,228808500,SPY
2015-03-19,173.0497283935547,173.85096203452886,172.6615012642596,173.4296999300412,117917300,SPY
2015-03-20,174.5772247314453,175.08334236742368,173.81390205525543,173.9964371148031,177715100,SPY
2015-03-23,174.23703002929688,175.1579976944319,174.23703002929688,174.5855025701291,71784500,SPY
2015-03-24,173.2579803466797,174.5688953590549,173.191602819688,174.11257043384242,77805300,SPY
2015-03-25,170.7191162109375,173.6977496835964,170.6776413272634,173.46543463004932,159521700,SPY
2015-03-26,170.31253051757812,171.22519296417158,169.35836787678124,170.05532553117254,153067200,SPY
2015-03-27,170.7024688720703,170.87669876838024,170.00551130618186,170.19635140623822,118939000,SPY
2015-03-30,172.78506469726562,173.08375727229875,171.71475702185867,171.7313419103126,96180400,SPY
2015-03-31,171.27499389648438,172.66060427186957,171.21692146997367,171.963646532205,126768700,SPY
2015-04-01,170.6693115234375,171.26669662045506,169.6819663586385,171.24180662976426,137303600,SPY
2015-04-02,171.2833251953125,171.73135776912642,170.42042982765565,170.60296489926685,86900900,SPY
2015-04-06,172.43653869628906,172.95094860378316,170.26272892181655,170.39547128941044,114368200,SPY
2015-04-07,171.9802703857422,173.20822323643148,171.94708794554901,172.4614980599821,81236300,SPY
2015-04-08,172.56100463867188,173.00074463141883,171.81427969330997,172.20423971106177,89351900,SPY
2015-04-09,173.3243408203125,173.55665582878575,171.90556078000932,172.3950807864195,85548900,SPY
2015-04-10,174.2701873779297,174.3116749111512,173.37412249347702,173.57324239659198,72722900,SPY
2015-04-13,173.48199462890625,174.7597399003102,173.4322146474628,174.12915970810909,74436600,SPY
2015-04-14,173.81394958496094,173.99648469442312,172.66066648075403,173.28294181022304,75099900,SPY
2015-04-15,174.59376525878906,175.09988276617088,174.19551280288417,174.27848786713062,99529300,SPY
2015-04-16,174.54400634765625,175.05012391611444,174.06277876943213,174.26191135152382,68934900,SPY
2015-04-17,172.53614807128906,173.59816327762158,171.7562278847155,173.35755579846713,191113200,SPY
2015-04-20,174.11257934570312,174.44445433742973,173.3741467279249,173.45710914574687,92189500,SPY
2015-04-21,173.90518188476562,174.9505996686606,173.606489280764,174.79295459151788,72559800,SPY
2015-04-22,174.7596893310547,174.94222431700751,173.3242994269514,174.24526679781695,78264600,SPY
2015-04-23,175.19952392578125,175.8466891674251,174.24536095448013,174.36151849374383,102585900,SPY
2015-04-24,175.60601806640625,175.87152817072322,175.1579855906446,175.6143231698028,61327400,SPY
2015-04-27,174.87588500976562,176.29466502117256,174.68504488080637,176.17021507638887,79358100,SPY
2015-04-28,175.43182373046875,175.4816037200731,173.68115568812917,174.85103608471604,86863500,SPY
2015-04-29,174.7099609375,175.30733337852325,173.90515080555448,174.5440107847622,125684900,SPY
2015-04-30,172.9592742919922,174.52740684652383,172.26231664314207,174.13744681855195,161304900,SPY
2015-05-01,174.83445739746094,174.875944946681,173.63968687716945,173.73924686711956,103399700,SPY
2015-05-04,175.332275390625,175.91306307493306,175.14974030981077,175.25759274103953,70927200,SPY
2015-05-05,173.3243408203125,175.44838364955402,173.1832933266122,175.09160603354397,113326200,SPY
2015-05-06,172.61080932617188,174.17894206411373,171.5487941735033,173.87195706754807,135060200,SPY
2015-05-07,173.29945373535156,173.722608883763,172.17936621005825,172.5112411819484,88244900,SPY
2015-05-08,175.5811004638672,175.7802330107883,174.8841555399682,174.9671305995728,155877300,SPY
2015-05-11,174.7431640625,175.80517933263093,174.66849408105816,175.53968184520852,75708100,SPY
2015-05-12,174.22042846679688,174.7597411434483,173.0920357919156,173.91344347223256,119727600,SPY
2015-05-13,174.2536163330078,175.2492539083147,174.02130132077684,174.62697884122056,94667900,SPY
2015-05-14,176.07070922851562,176.16197676947698,174.99209628812372,175.2658989110078,95934000,SPY
2015-05-15,176.2615203857422,176.40256790681514,175.7802927290234,176.2615203857422,76510100,SPY
2015-05-18,176.80908203125,177.05798191288406,176.02916197488247,176.09553949672417,74549700,SPY
2015-05-19,176.75103759765625,177.19908280806544,176.46894256012197,176.92528021508664,72114600,SPY
2015-05-20,176.62660217285156,177.37332737139639,176.3113120106909,176.85061213628197,76857500,SPY
2015-05-21,177.14100646972656,177.34843153585038,176.31959865019664,176.48554883127272,64764600,SPY
2015-05-22,176.7178192138672,177.17414411579225,176.6514416902629,176.75929408842902,57433500,SPY
2015-05-26,174.81781005859375,176.65145286603982,174.4029600049852,176.22829770881899,124308600,SPY
2015-05-27,176.4772186279297,176.70953365613138,174.86759831808982,175.27415594755252,93214000,SPY
2015-05-28,176.27810668945312,176.38595910443956,175.5894540174039,176.1702416142466,74974600,SPY
2015-05-29,175.1829376220703,176.25324554113234,174.91744008394502,176.2117706503356,124919600,SPY
2015-06-01,175.53964233398438,176.17850224503937,174.7514171732241,175.84662729540608,93338800,SPY
2015-06-02,175.3654327392578,176.0540854164766,174.46106257022674,175.0833377129909,91531000,SPY
2015-06-03,175.83004760742188,176.45232269634687,175.34052757592013,175.8964251361335,87820900,SPY
2015-06-04,174.34487915039062,175.78025672160754,174.02958907362384,175.12479923909686,151882800,SPY
2015-06-05,174.0462188720703,174.7182740253216,173.3907486078771,174.19555883491697,121704700,SPY
2015-06-08,172.97586059570312,174.08766826979198,172.90119063064117,173.93831567945017,89063300,SPY
2015-06-09,172.95095825195312,173.49027083493675,172.32039082500262,172.95095825195312,105034700,SPY
2015-06-10,175.0252685546875,175.40693624748826,173.65626818007914,173.71434061537542,134551300,SPY
2015-06-11,175.58944702148438,175.971102001252,175.23266937321156,175.46498440269264,73876400,SPY
2015-06-12,174.2453155517578,175.46497572633368,173.97151299621842,174.7680306723529,135382400,SPY
2015-06-15,173.4986114501953,173.7807064831923,172.40340109589576,173.1086513386087,124384200,SPY
2015-06-16,174.44442749023438,174.52740255550577,173.17498748493023,173.3492173976957,85308200,SPY
2015-06-17,174.72654724121094,175.33223745113244,173.7060196267391,174.72654724121094,126708600,SPY
2015-06-18,176.5436248779297,177.00825500991627,174.75977433686225,175.3239644513541,165867900,SPY
2015-06-19,175.7598419189453,176.3768109906399,175.38466335339805,176.3017778218902,130478700,SPY
2015-06-22,176.66029357910156,177.24390614570285,176.45185961090112,176.67697185866155,70696000,SPY
2015-06-23,176.78538513183594,177.1188871824413,176.39354089530357,176.8687638249379,68476800,SPY
2015-06-24,175.50143432617188,176.89377196974425,175.47642326301445,176.51859330058082,92307300,SPY
2015-06-25,174.96780395507812,176.12669626422877,174.8927707826826,176.00164097690288,97107400,SPY
2015-06-26,174.93447875976562,175.56811348606794,174.38420999329747,175.3263229424074,104174800,SPY
2015-06-29,171.2660675048828,174.94284674557986,171.19103430939182,173.45879751078752,202621300,SPY
2015-06-30,171.6245880126953,172.85018114556345,171.1493523105692,172.80014629128402,182925100,SPY
2015-07-01,173.00015258789062,173.44203147796173,172.2164390177881,173.19190823106567,135979900,SPY
2015-07-02,172.84178161621094,173.64217365104963,172.4249136801449,173.47542902098317,104373700,SPY
2015-07-06,172.34988403320312,173.12525230369525,171.35773628956693,171.55783748282298,117975400,SPY
2015-07-07,173.43374633789062,173.55880163478903,170.17383589953536,172.54998831500768,173820200,SPY
2015-07-08,170.5239715576172,172.38319871395632,170.2905265658705,172.09973161280647,164020100,SPY
2015-07-09,170.83250427246094,172.87516768530955,170.72412724140756,172.6166988345158,144113100,SPY
2015-07-10,172.98353576660156,173.4004037522597,170.87418477691543,172.82512389656327,129456900,SPY
2015-07-13,174.89280700683594,175.0011840376992,174.20080458943872,174.24249393444856,106069400,SPY
2015-07-14,175.6514892578125,175.95998021965312,174.79274222056702,174.85110984533196,81709600,SPY
2015-07-15,175.59315490722656,176.15175654972325,175.11791923897846,175.693199165046,97914100,SPY
2015-07-16,177.002197265625,177.002197265625,176.4019061857077,176.64368408537769,106683300,SPY
2015-07-17,177.15220642089844,177.21057404232326,176.58527209631774,176.99379455908894,89030000,SPY
2015-07-20,177.2439422607422,177.73584347269255,176.92713121534828,177.37734308080402,70446800,SPY
2015-07-21,176.54356384277344,177.36896690292505,176.24341843197277,177.1104981066195,77965000,SPY
2015-07-22,176.2267608642578,176.56026287200874,175.82657117675748,175.8599150166322,88667900,SPY
2015-07-23,175.23458862304688,176.46018129676366,174.87608832674283,176.3601370692926,90509100,SPY
2015-07-24,173.41714477539062,175.39309567132463,173.08365535492953,175.3347407475566,117755000,SPY
2015-07-27,172.4082794189453,173.041926985497,171.96640031164114,172.5333474647767,132361100,SPY
2015-07-28,174.52593994140625,174.66767351979433,172.41658910232414,173.24197951304296,123544800,SPY
2015-07-29,175.7265167236328,175.95161625375798,174.5092567292299,174.65099030361242,105791300,SPY
2015-07-30,175.76824951171875,175.93499418622278,174.60101134658413,175.21798063623257,91304400,SPY
2015-07-31,175.50143432617188,176.29348101036186,175.21796712918638,176.26846994720444,103266900,SPY
2015-08-03,174.9095001220703,175.52646944872632,173.95904142640262,175.46811453396106,113965700,SPY
2015-08-04,174.56764221191406,175.29298843792213,174.08407382064158,174.8344311081119,81820800,SPY
2015-08-05,175.14291381835938,176.1767382349005,174.85943393213935,175.4597248225571,85786800,SPY
2015-08-06,173.70887756347656,175.4347042383865,173.1252522637311,175.32631450183948,116030800,SPY
2015-08-07,173.37538146972656,173.7005379686232,172.4749451523665,173.55047160996344,117858000,SPY
2015-08-10,175.55978393554688,175.64314989691428,174.4842574429596,174.4842574429596,80270700,SPY
2015-08-11,173.97567749023438,174.64266878819345,173.21697472978343,174.22580081719414,126081400,SPY
2015-08-12,174.18414306640625,174.36756602465627,171.21604461007414,172.6750827731882,172123700,SPY
2015-08-13,173.96730041503906,174.70932470561127,173.42536455764736,174.02565530078417,89383300,SPY
2015-08-14,174.6009521484375,174.67598531825396,173.6338155536956,173.77554911505968,72786500,SPY
2015-08-17,175.57643127441406,175.57643127441406,173.5504592460368,174.00901651227431,79072600,SPY
2015-08-18,175.06788635253906,175.65149902362893,174.83444128410312,175.301331420975,71692700,SPY
2015-08-19,173.68385314941406,175.09285600718206,172.87512838151815,174.3258205748909,172946000,SPY
2015-08-20,170.05714416503906,173.65887730749114,169.99877653472075,172.1748281472573,194327900,SPY
2015-08-21,164.93797302246094,170.0320998308811,164.67951693145798,168.1895379121759,346588500,SPY
2015-08-24,157.99298095703125,164.64619105211446,152.07344993271698,156.31717608187415,507244300,SPY
2015-08-25,156.1337432861328,162.9536976161637,155.84193059927358,162.93701933416563,369833100,SPY
2015-08-26,162.1283416748047,162.40346341649578,157.0508787165583,160.14404551360946,339257000,SPY
2015-08-27,166.13858032226562,166.26363563658603,162.75361411543824,164.26267427664732,274143900,SPY
2015-08-28,166.14686584472656,166.6137558477925,165.0129846707956,165.49655295162776,160414400,SPY
2015-08-31,164.8046112060547,166.02187149373609,164.254342334015,165.1714571207478,163298800,SPY
2015-09-01,159.88555908203125,162.3867671258326,159.0184665026377,161.01109506866067,256000400,SPY
2015-09-02,162.92031860351562,162.96200793861036,160.42744393771875,162.26166018569623,160269300,SPY
2015-09-03,163.037109375,165.12144978449425,162.54520809159237,163.62905492708597,152087800,SPY
2015-09-04,160.56924438476562,161.62809287260038,159.75218650811885,160.7860239288382,207081000,SPY
2015-09-08,164.60447692871094,164.75455600996594,162.7202383253575,163.36221854722507,116025700,SPY
2015-09-09,162.4034423828125,166.30533377944414,162.0366092008,166.18027845850835,149347700,SPY
2015-09-10,163.2871551513672,164.42936908185118,161.9531728346661,162.21162888709986,158611100,SPY
2015-09-11,164.0292205810547,164.0959209857846,162.1866584755701,162.8953391442491,119691200,SPY
2015-09-14,163.42056274414062,164.25429861131062,162.93699441456607,164.20427649476838,79452000,SPY
2015-09-15,165.4632568359375,165.90513591068714,163.3789167770044,163.92084010360617,113806200,SPY
2015-09-16,166.8972625732422,167.08903100857285,165.4215590465416,165.76339385199034,99581600,SPY
2015-09-17,166.5220947265625,169.1567036506817,166.14691605513212,166.7638853009481,276046600,SPY
2015-09-18,163.80084228515625,166.50780585133356,163.39019601063427,164.0187487536993,223657500,SPY
2015-09-21,164.64730834960938,165.669742422647,163.59972040089897,164.63054336180713,105726200,SPY
2015-09-22,162.51022338867188,162.97116463521715,161.3788233096915,162.48508230140018,153890900,SPY
2015-09-23,162.2504425048828,163.1471712270909,161.67217185447925,162.67785382616628,92790600,SPY
2015-09-24,161.66378784179688,162.12472915587193,159.70270601966715,161.03523499204192,159378800,SPY
2015-09-25,161.62188720703125,163.42373351263564,160.7502868003842,163.12202764694086,155054800,SPY
2015-09-28,157.5655975341797,160.83407948138324,157.2555156054115,160.72512624676162,178515900,SPY
2015-09-29,157.6577911376953,159.01547380900044,156.6604853688763,157.78350936374622,159045600,SPY
2015-09-30,160.5994415283203,160.76705305770844,158.76406522986127,159.5434645960891,163452000,SPY
2015-10-01,161.0185089111328,161.32021483947682,159.08256786590152,160.97660282342954,131079000,SPY
2015-10-02,163.42367553710938,163.44881661800335,158.495819074928,159.0405723328129,211003300,SPY
2015-10-05,166.331787109375,166.55806963514397,164.5383174630612,164.64727067693806,126320800,SPY
2015-10-06,165.76194763183594,166.7592535071073,165.09987760721134,166.19774784370665,110274500,SPY
2015-10-07,167.1196746826172,167.4716628280082,165.5021916464763,166.6922504584011,124307300,SPY
2015-10-08,168.6281280517578,168.91306888019523,166.4323752043093,166.73408101910707,153055200,SPY
2015-10-09,168.728759765625,169.2064533701624,168.10020679948332,168.7706658542897,107069200,SPY
2015-10-12,168.887939453125,169.0890681515825,168.37671603131454,168.80412730347533,56395600,SPY
2015-10-13,167.82363891601562,169.42435684319722,167.65602735233972,168.15886204336746,88038700,SPY
2015-10-14,167.0190887451172,168.34324186332964,166.72577169998368,167.76497108768604,99106200,SPY
2015-10-15,169.5835723876953,169.59194848911545,167.31239568460623,167.68114875415054,134142200,SPY
2015-10-16,170.35458374023438,170.37133594189658,169.22318351896553,169.9858306966226,114580100,SPY
2015-10-19,170.4384307861328,170.4384307861328,169.39923132303,169.70931338373728,76523900,SPY
2015-10-20,170.22044372558594,170.83223140854628,169.75112644616777,170.00255007098087,78448500,SPY
2015-10-21,169.1645050048828,170.79035073953665,168.99688070478732,170.6395042149771,102038000,SPY
2015-10-22,172.02230834960938,172.23182592847675,169.16449829269143,170.111509053374,174911700,SPY
2015-10-23,173.90797424316406,174.2767272443333,172.8939162778874,173.69008055517259,144442300,SPY
2015-10-26,173.48056030273438,173.79064223625593,173.11180730722845,173.7319839622101,69033000,SPY
2015-10-27,173.1453399658203,173.48056299169156,172.4664922383321,172.81010415201033,77905800,SPY
2015-10-28,175.11480712890625,175.1399482178146,172.81850242234762,173.4805724101665,135906700,SPY
2015-10-29,175.01422119140625,175.38297416717518,174.49462170078885,174.61195103053916,90525500,SPY
2015-10-30,174.25997924804688,175.5254737879926,174.10075660741566,175.20700293085025,131076900,SPY
2015-11-02,176.32162475585938,176.514377360471,174.46110751012557,174.58682573847673,86270800,SPY
2015-11-03,176.8328857421875,177.3860153733307,175.74339147149564,175.96967410022543,95246100,SPY
2015-11-04,176.2965087890625,177.2519086361511,175.76014418697665,177.1262031778266,96224500,SPY
2015-11-05,176.12049865722656,176.8160986601643,175.23214603282946,176.3551573584658,78408700,SPY
2015-11-06,176.02830505371094,176.26297653576705,174.7041650460284,175.7768941585432,110471500,SPY
2015-11-09,174.38572692871094,175.567409509571,173.43870308601487,175.41655015621294,131008700,SPY
2015-11-10,174.7879638671875,174.82149384506457,173.63981148972155,173.9079873730397,75874600,SPY
2015-11-11,174.1007843017578,175.10646642520203,174.0337371218026,175.05618423722112,67846000,SPY
2015-11-12,171.67031860351562,173.53083570794695,171.6535664046923,173.0615183821333,121315200,SPY
2015-11-13,169.7427978515625,171.5278921550629,169.65899847215078,171.2597162378276,153577100,SPY
2015-11-16,172.32398986816406,172.38266092018162,169.4410263435248,169.55836844755993,117645200,SPY
2015-11-17,172.1983642578125,173.51412842756272,171.7039056813815,172.63416454297757,121123700,SPY
2015-11-18,174.93043518066406,175.07290561750696,172.63413041421526,172.67602370486216,121342500,SPY
2015-11-19,174.77963256835938,175.19866788365732,174.48630273247363,174.8131497668883,88220500,SPY
2015-11-20,175.41651916503906,176.09535416536397,175.03939003018522,175.53384851339226,94011500,SPY
2015-11-23,175.2153778076172,175.9780121229308,174.75443654807228,175.47517757537733,64931200,SPY
2015-11-24,175.45001220703125,175.852282346992,173.82415387360422,174.2096590279183,98874400,SPY
2015-11-25,175.4249267578125,175.77691484040187,175.16511415567015,175.5757733126617,51980100,SPY
2015-11-27,175.62600708007812,175.8271485523665,175.03936043749243,175.51705385076303,37317800,SPY
2015-11-30,174.89691162109375,175.9025935308499,174.78795837832422,175.78526418784404,112822700,SPY
2015-12-01,176.56471252441406,176.68205468793226,175.2489482974578,175.52551313730174,97858400,SPY
2015-12-02,174.76278686523438,176.83282138984717,174.5113632345808,176.51435060515686,108441300,SPY
2015-12-03,172.315673828125,175.28243773375337,171.59493269576072,175.0142618268885,166224200,SPY
2015-12-04,175.6763458251953,175.96967563491964,172.31568749989472,172.31568749989472,192913900,SPY
2015-12-07,174.61195373535156,175.76848206425177,173.64816520867367,175.34944691037563,102027100,SPY
2015-12-08,173.43865966796875,174.5616708891859,172.458118874404,173.05315446089486,103372400,SPY
2015-12-09,172.08937072753906,174.88852275963552,171.1172060065192,172.80173567385899,162401500,SPY
2015-12-10,172.5335235595703,173.84091114354192,171.9217358389554,172.15639449310737,116128900,SPY
2015-12-11,169.18966674804688,171.08370136373824,168.87957198536282,170.42163133411054,211173300,SPY
2015-12-14,170.04449462890625,170.17021287319162,167.57218927991457,169.34890738654443,182385200,SPY
2015-12-15,171.82957458496094,172.7346921593939,170.01933943609507,171.55300981600035,154069600,SPY
2015-12-16,174.3437957763672,174.645501651764,171.6368317866301,172.95259575159645,197017000,SPY
2015-12-17,171.68707275390625,174.7208829813868,171.67030776820306,174.65383582651123,173092500,SPY
2015-12-18,168.6284942626953,171.08178369521318,168.46831115642496,170.94690416829022,251393500,SPY
2015-12-21,170.0195770263672,170.19662494122107,168.687543280863,169.80038648497396,99094300,SPY
2015-12-22,171.5623016357422,171.85737707901342,169.91834112162374,170.9047174300948,111026200,SPY
2015-12-23,173.68687438964844,173.72902987741492,172.4728683806468,172.56560530811353,110987200,SPY
2015-12-24,173.40013122558594,173.94812654275768,173.18094081714233,173.4338607432184,48539600,SPY
2015-12-28,173.00399780273438,173.04614042610552,171.93331016970558,172.7089222548446,65899900,SPY
2015-12-29,174.85023498535156,175.17902711134462,174.06619717107773,174.09991383300613,92640700,SPY
2015-12-30,173.61093139648438,174.6900574939759,173.46761307717205,174.6057465465948,63317700,SPY
2015-12-31,171.87425231933594,173.57723329901134,171.87425231933594,172.9365137681449,114877900,SPY
2016-01-04,169.47161865234375,169.4800446060554,167.42297986388022,169.02479868864768,222353500,SPY
2016-01-05,169.75820922851562,170.2134550219774,168.6538049825555,169.79192589823398,110845800,SPY
2016-01-06,167.61688232421875,168.66226653879372,166.58835001603646,167.21220501788264,152112600,SPY
2016-01-07,163.5954132080078,166.45337941363837,163.20760085423277,164.67452645671497,213436100,SPY
2016-01-08,161.79974365234375,165.1129693840645,161.513106924341,164.5565478315544,209817200,SPY
2016-01-11,161.95989990234375,163.0558780579135,160.02930242058451,162.71864708325168,187941300,SPY
2016-01-12,163.26666259765625,164.01698392014976,161.14215222113893,163.40155500404893,172330500,SPY
2016-01-13,159.19467163085938,164.2783112341863,158.81529803706786,163.93265430613445,221168900,SPY
2016-01-14,161.8081512451172,162.92942017466441,158.20830205788596,159.80168151270632,240795600,SPY
2016-01-15,158.33477783203125,159.13568064709096,156.4041799782958,157.45800285707142,324846400,SPY
2016-01-19,158.5455322265625,160.27380420958087,156.97744336907945,160.14735061786772,195244400,SPY
2016-01-20,156.51377868652344,158.0734417911493,152.61042724478108,155.99108662216324,286547800,SPY
2016-01-21,157.39056396484375,159.22842497611094,155.66229179050984,156.98589956251828,195772900,SPY
2016-01-22,160.61944580078125,160.82177152815098,159.23683091955206,159.99557812528212,168319600,SPY
2016-01-25,158.19142150878906,160.30749271059665,157.99752174755105,160.11359294935863,130371700,SPY
2016-01-26,160.3496856689453,160.6278964509055,158.5118247544825,158.8490429279834,141036800,SPY
2016-01-27,158.60455322265625,161.49623685514294,157.70247471737795,159.82698511645978,185681700,SPY
2016-01-28,159.4307098388672,160.34964003457762,157.78674919882445,160.147314333677,143798800,SPY
2016-01-29,163.3172149658203,163.452107348204,160.07987497288508,160.1979025914594,210529300,SPY
2016-02-01,163.25819396972656,164.04224468266708,161.7322608851968,162.31397302549723,136061600,SPY
2016-02-02,160.31591796875,161.84185094381846,159.79321324293684,161.83342499457996,182564900,SPY
2016-02-03,161.27699279785156,161.6816570229346,157.73615188427675,161.36972968943766,205054900,SPY
2016-02-04,161.5299530029297,162.49946476772794,160.14733809741855,160.77963173464707,139531800,SPY
2016-02-05,158.45274353027344,161.58892022049545,157.82045005021325,161.01564697331523,180788300,SPY
2016-02-08,156.31980895996094,156.90994697259362,154.11100117094557,156.6148843982992,191526700,SPY
2016-02-09,156.3282928466797,157.60131910006854,154.44827645822463,154.58316887226096,184513100,SPY
2016-02-10,156.1934051513672,158.781587282469,156.06693869578498,157.1544910391713,148214100,SPY
2016-02-11,154.16162109375,155.20701788010714,152.66940449594475,153.72322723314252,219058900,SPY
2016-02-12,157.3399200439453,157.3567719419821,155.08895670778122,155.93201471521544,127632400,SPY
2016-02-16,159.99559020996094,160.02088092779238,158.18302015711848,159.14410602685712,120250700,SPY
2016-02-17,162.60902404785156,162.97997160988223,161.03249690922124,161.15896332211912,136009500,SPY
2016-02-18,161.9430389404297,162.93785425898483,161.63111153758322,162.8788340130157,102343000,SPY
2016-02-19,161.86715698242188,162.01890126735088,160.56041434022336,161.1674172080311,114793000,SPY
2016-02-22,164.21087646484375,164.3541948162909,163.37624420918957,163.44369040940836,103640300,SPY
2016-02-23,162.13693237304688,163.8230484940775,162.01889189509143,163.55326373997096,111455300,SPY
2016-02-24,162.8788604736328,163.15707125544148,159.60780302749964,160.71220733876964,150812200,SPY
2016-02-25,164.8516082763672,164.86004709204892,162.56692757101848,163.32567486757412,110728300,SPY
2016-02-26,164.47218322753906,165.81264236909203,164.31200014822562,165.71991833795718,129833700,SPY
2016-02-29,163.18231201171875,165.43327543273068,162.98841226463242,164.48905454530703,125918100,SPY
2016-03-01,167.01828002929688,167.10259100476583,163.93268356943548,164.4047941583446,141799700,SPY
2016-03-02,167.7686004638672,167.81918190324672,166.29324844973772,166.7063516447515,102415000,SPY
2016-03-03,168.4262237548828,168.44308852658241,167.01831762317963,167.5915912204497,95172200,SPY
2016-03-04,168.97415161132812,169.74977648835898,167.79387525766805,168.6200687052301,129293600,SPY
2016-03-07,169.10899353027344,169.51367061419285,167.97929894842989,168.05517107764842,100219000,SPY
2016-03-08,167.2627410888672,168.54419314985492,167.10257083728501,168.0383659502354,123974900,SPY
2016-03-09,168.0889434814453,168.43458755741102,167.2880279218925,168.0720787159687,94801200,SPY
2016-03-10,168.2238311767578,169.51372208535355,166.40283520236756,168.57792694871588,156838700,SPY
2016-03-11,170.9384765625,170.98063204544795,168.20697621851687,169.67388925834564,137964500,SPY
2016-03-14,170.71929931640625,171.17454512106875,170.10387038253248,170.4326625925799,73612000,SPY
2016-03-15,170.4410400390625,170.74454144381465,169.49681916385336,169.75816509438127,93169100,SPY
2016-03-16,171.42738342285156,171.8320604607311,169.91831550255753,169.96047096867525,129303200,SPY
2016-03-17,172.51498413085938,173.02081127539734,170.94689554110465,171.34313387955126,134278500,SPY
2016-03-18,173.1929473876953,173.5319048209772,172.7014500581585,173.0149863304641,138372400,SPY
2016-03-21,173.43870544433594,173.66750884443863,172.70146584782538,172.93026924792804,72926700,SPY
2016-03-22,173.3453826904297,173.91314320266986,172.5064589610316,172.66745525194924,97471900,SPY
2016-03-23,172.20147705078125,173.1505681737441,172.03198540991207,172.9641377131054,81052500,SPY
2016-03-24,172.1251678466797,172.15907134055288,170.95575591594056,171.17607690453912,84360900,SPY
2016-03-28,172.22689819335938,172.75228607488955,171.77777379197454,172.54043445422136,62408200,SPY
2016-03-29,173.8200225830078,173.9301895691832,171.515075796429,171.82014266319376,92922900,SPY
2016-03-30,174.5826416015625,175.30292916554708,174.21825018534045,174.8199143203331,86365300,SPY
2016-03-31,174.15902709960938,174.9132185388764,173.99801775913662,174.48951519253762,94584100,SPY
2016-04-01,175.34530639648438,175.5317368130374,172.85392985745173,173.16747897459658,114423500,SPY
2016-04-04,174.77757263183594,175.4724520968894,174.47250580602636,175.26906990288444,63497000,SPY
2016-04-05,173.0319061279297,174.78603056334993,172.7776816347166,173.43865755883377,99662200,SPY
2016-04-06,174.92161560058594,174.98094025112778,172.85394205681024,173.03190307804113,91839800,SPY
2016-04-07,172.8284912109375,174.19281570468272,172.09972136464393,173.8369066537569,113859000,SPY
2016-04-08,173.2946319580078,174.43863592304353,172.7607617169382,174.00645032583586,95040600,SPY
2016-04-11,172.88784790039062,174.62503351153455,172.79463268426892,173.93015409491906,83757500,SPY
2016-04-12,174.49794006347656,174.7775857523279,172.6166966514925,173.05735163971852,115350600,SPY
2016-04-13,176.26052856445312,176.34527437534416,175.2775340518565,175.41312217712402,96336400,SPY
2016-04-14,176.26898193359375,176.76896148372217,175.92155517350372,176.31983717373794,65212900,SPY
2016-04-15,176.07406616210938,176.4045540759585,175.7520476556538,176.26896597530424,75761600,SPY
2016-04-18,177.3112335205078,177.3451240706444,175.41303945312805,176.0740150891,82531000,SPY
2016-04-19,177.87059020996094,178.12481470463754,177.0570873434698,177.73501501914237,88316100,SPY
2016-04-20,178.04010009765625,178.7349666619935,177.43843582952366,177.9129813720752,81100300,SPY
2016-04-21,177.08253479003906,178.16721405999155,176.8113585073525,178.05704707885053,85695000,SPY
2016-04-22,177.08253479003906,177.35369814232877,176.18428598183434,176.7266256168106,99251700,SPY
2016-04-25,176.77740478515625,176.81977768048833,175.87067396054059,176.48080744822406,66166500,SPY
2016-04-26,177.04006958007812,177.5485183798382,176.56552426317677,177.1417541678741,75864200,SPY
2016-04-27,177.4044952392578,177.79429485484587,176.30286458015692,176.65877363671703,77329400,SPY
2016-04-28,175.79441833496094,177.7519246407792,175.37919756123753,176.65030689544608,97216200,SPY
2016-04-29,174.84536743164062,175.52329515077844,173.74373650434114,175.1758554167909,142424100,SPY
2016-05-02,176.2350616455078,176.41300969961898,174.9131100933998,175.34528258377605,62188000,SPY
2016-05-03,174.70130920410156,175.24364879119557,173.9555874229489,175.00637602999169,106422100,SPY
2016-05-04,173.72677612304688,174.43860730448847,173.22680946555437,173.70983730544705,92243800,SPY
2016-05-05,173.69290161132812,174.54877747344975,173.26919838505867,174.19286831503095,67619200,SPY
2016-05-06,174.3284454345703,174.37081834059887,172.76922076372438,172.92174770895267,89315000,SPY
2016-05-09,174.4724884033203,174.90466097577874,174.0233640837867,174.20132510208984,74374900,SPY
2016-05-10,176.641845703125,176.65879745012035,175.10804232510174,175.1758363826888,77472200,SPY
2016-05-11,174.98944091796875,176.71814447543505,174.98944091796875,176.18428717716878,81727000,SPY
2016-05-12,175.0402374267578,175.8283319833032,174.03182189449538,175.6588403846355,89586300,SPY
2016-05-13,173.514892578125,175.29445080844502,173.19288700788638,174.74364193878978,96474600,SPY
2016-05-16,175.22669982910156,175.70124535905617,173.62510220030677,173.68442685674904,77486800,SPY
2016-05-17,173.59117126464844,175.2436108258989,173.06577060975354,174.95549581119738,114924900,SPY
2016-05-18,173.64205932617188,174.81995377820982,172.55738010114683,173.2437772589709,120062100,SPY
2016-05-19,173.0404052734375,173.32852038107382,171.83708959119429,172.92176888026978,115430500,SPY
2016-05-20,174.13352966308594,174.65044803642593,173.59965954280523,173.65050185323304,104990400,SPY
2016-05-23,173.89625549316406,174.4301126786471,173.7098250695369,174.15046704320636,58682600,SPY
2016-05-24,176.15036010742188,176.4639092607521,174.684350690245,174.70977184721838,93537800,SPY
2016-05-25,177.34521484375,177.76044864519628,176.15036868622988,176.82829640945806,76621400,SPY
2016-05-26,177.39605712890625,177.7096062974516,177.08252089075677,177.48080294319328,55280700,SPY
2016-05-27,178.15869140625,178.167160813654,177.50618498513825,177.55702729034823,64211200,SPY
2016-05-31,177.81976318359375,178.54006382536642,177.2604718333041,178.42989685111044,109879400,SPY
2016-06-01,178.1841583251953,178.36210643913597,177.0147332834286,177.2096331469243,69936200,SPY
2016-06-02,178.72645568847656,178.74339450363115,177.31128879947488,177.78583423166788,63044700,SPY
2016-06-03,178.19261169433594,178.54005141175855,176.98929619217486,178.1671905374899,101757100,SPY
2016-06-06,179.09930419921875,179.45521324890294,178.387473169458,178.54848241511348,64887000,SPY
2016-06-07,179.3789520263672,179.9382432647417,179.22642510520694,179.25184625873365,60974800,SPY
2016-06-08,179.963623046875,180.090741715679,179.3873931255464,179.51449886395991,66170900,SPY
2016-06-09,179.7179412841797,179.8365776566402,178.96375014559598,179.23491345533657,73786900,SPY
2016-06-10,178.0146942138672,178.68413967661186,177.47234162681673,178.3451822401027,113829200,SPY
2016-06-13,176.641845703125,178.26886429403115,176.55711282893694,177.41298856148404,117751200,SPY
2016-06-14,176.29440307617188,176.88759783759872,175.34531214651957,176.26051251313893,125059300,SPY
2016-06-15,176.0487060546875,177.41303108091927,175.8622755842411,176.29444825824095,109124500,SPY
2016-06-16,176.5740203857422,176.74351196490105,174.21823225582534,176.04863269544754,149533100,SPY
2016-06-17,175.91648864746094,176.49571546014107,175.26058875857578,176.4701621006193,117055700,SPY
2016-06-20,177.0493621826172,178.54854859459653,176.96417567156655,177.87562194878873,82789600,SPY
2016-06-21,177.5519256591797,177.96079231018012,176.98972589053128,177.43267234440304,72461700,SPY
2016-06-22,177.26229858398438,178.45483163932184,177.11747892946045,177.73078535724414,95560500,SPY
2016-06-23,179.57070922851562,179.62181593253078,178.2589228341291,178.71889616790116,102731400,SPY
2016-06-24,173.12261962890625,179.6049223519592,172.67967286924534,173.45482644924056,333444400,SPY
2016-06-27,170.02191162109375,171.72553793794785,169.2126787224782,171.71701148787568,230775800,SPY
2016-06-28,173.0884246826172,173.1139780365979,171.31665182001268,171.623305065418,159382400,SPY
2016-06-29,176.0357208251953,176.26570103323945,174.38320112073447,174.48541454653184,137328600,SPY
2016-06-30,178.4378204345703,178.4889271454984,175.9505275208487,176.504213883724,165021900,SPY
2016-07-01,178.81265258789062,179.2981924246243,178.27600603100393,178.4378526432485,106055300,SPY
2016-07-05,177.52642822265625,178.09714162296606,176.93016146096247,177.98640172520842,109803700,SPY
2016-07-06,178.5911407470703,178.71039406322262,176.37642144980018,177.0323211874561,96021500,SPY
2016-07-07,178.48040771484375,179.4344342805806,177.7137810813248,178.7700210654943,85593800,SPY
2016-07-08,181.13807678222656,181.38510989572447,179.54519021349057,179.77518342317939,133971000,SPY
2016-07-11,181.77699279785156,182.3477192716621,181.3936793285018,181.59811924438807,73633900,SPY
2016-07-12,183.09722900390625,183.39536879733734,181.80246941184768,182.739469050371,101275600,SPY
2016-07-13,183.0717315673828,183.52319162266443,182.58620469558443,183.51467816794545,87324100,SPY
2016-07-14,184.09388732910156,184.56238724640937,183.70206048745473,184.33239401470564,91230900,SPY
2016-07-15,183.84689331054688,184.85202691445332,183.40394668964572,184.65611346579453,107155400,SPY
2016-07-18,184.34088134765625,184.5027279208938,183.71053495653027,183.96608149334548,58725900,SPY
2016-07-19,184.1535186767578,184.18758548966142,183.6765053102707,183.9235254473303,54345700,SPY
2016-07-20,184.92015075683594,185.15865744693104,184.15352396690736,184.15352396690736,58159500,SPY
2016-07-21,184.22161865234375,185.03083847970123,183.77867221092137,184.8093717578081,67777300,SPY
2016-07-22,185.0479278564453,185.0990345753437,184.07686120445751,184.3409212505255,62787500,SPY
2016-07-25,184.5453643798828,184.8946109866342,183.96613751783332,184.84350426323465,55873100,SPY
2016-07-26,184.63050842285156,184.98826840194747,183.78720868792976,184.44310848175783,70080500,SPY
2016-07-27,184.43460083007812,185.07346074090879,183.6679611384984,185.00531412403691,84083900,SPY
2016-07-28,184.64756774902344,184.93718114385538,183.77871456688854,184.23868801764283,65035700,SPY
2016-07-29,184.94570922851562,185.30346927354668,184.10242233581388,184.3835222992612,79519400,SPY
2016-08-01,184.79237365722656,185.3971538028139,184.34091366202279,185.0053269756298,73311400,SPY
2016-08-02,183.60836791992188,184.6986879546182,182.77359448659124,184.54535479474276,92295500,SPY
2016-08-03,184.14500427246094,184.20463744599286,183.25061065060416,183.548737525343,53993600,SPY
2016-08-04,184.34088134765625,184.65604804440085,182.50096187975078,184.25569483617224,46585500,SPY
2016-08-05,185.8486328125,185.89122608006628,184.3409325222498,184.3409325222498,71892200,SPY
2016-08-08,185.73785400390625,186.1382072113854,185.47379401549162,186.0359807982686,39906500,SPY
2016-08-09,185.8486328125,186.34268612145965,185.52495257380536,185.80605254257415,51251700,SPY
2016-08-10,185.3885955810547,186.03596883352094,185.03934910377703,185.95930877684123,57941100,SPY
2016-08-11,186.2489776611328,186.49601080319758,185.65271093524512,185.9167709854497,72504300,SPY
2016-08-12,186.08712768554688,186.30008099732774,185.68677441958778,185.94230799561387,61313500,SPY
2016-08-15,186.62380981445312,186.97305645619718,186.44493626463242,186.4534497201718,49813500,SPY
2016-08-16,185.66122436523438,186.2745179562473,185.66122436523438,186.20638433318723,53213600,SPY
2016-08-17,186.01039123535156,186.1466844278851,184.8604515421397,185.69522460054773,75134300,SPY
2016-08-18,186.42787170410156,186.46193851939626,185.87419822149027,185.98492511942834,52989300,SPY
2016-08-19,186.1552276611328,186.33411412965725,185.47378758471052,185.95931428904322,75443000,SPY
2016-08-22,186.14674377441406,186.3767369854356,185.55047711402338,185.91675056339253,61368800,SPY
2016-08-23,186.52154541015625,187.0581919083206,186.4619122447431,186.76005207653185,53399200,SPY
2016-08-24,185.5675506591797,186.47047076540858,185.15015742241846,186.3767707733863,71728900,SPY
2016-08-25,185.43975830078125,185.85715150928922,185.03089154401502,185.1842117036874,69224800,SPY
2016-08-26,185.09051513671875,186.64933511037958,184.20463498108924,185.62716170076396,122506300,SPY
2016-08-29,186.00193786621094,186.26599788851843,185.18419144450021,185.21827125245898,70502200,SPY
2016-08-30,185.6952667236328,186.19783336276384,185.14159337511722,185.9167334635116,58114500,SPY
2016-08-31,185.1671600341797,185.48232676312082,184.3920068924529,185.3630734334427,85269500,SPY
2016-09-01,185.17568969726562,185.46530309503095,184.01722310856502,185.15864979220905,97844200,SPY
2016-09-02,186.01039123535156,186.43629771379318,185.4396781139559,186.0274311338268,79293900,SPY
2016-09-06,186.57264709472656,186.64930716450087,185.57602719474625,186.29154717458266,56702100,SPY
2016-09-07,186.5556182861328,186.7345047905499,185.95083814731663,186.41081159095657,76554900,SPY
2016-09-08,186.12969970703125,186.49598614584542,185.8230464317414,186.22339967997087,74102900,SPY
2016-09-09,181.67478942871094,184.86909018010326,181.64923606251122,184.81798344770388,221589100,SPY
2016-09-12,184.28128051757812,184.68163379603857,180.8484740642897,180.91662068590415,168110900,SPY
2016-09-13,181.63209533691406,183.2675748541307,181.01027544179323,183.00351488487263,182828800,SPY
2016-09-14,181.56398010253906,182.88429317458588,181.01030671634427,181.6832334317643,134185500,SPY
2016-09-15,183.3783416748047,183.76165500904514,181.22325535365334,181.40214184170566,134427900,SPY
2016-09-16,182.6695098876953,182.94347334278845,181.98462737655555,182.76368319247152,155236400,SPY
2016-09-19,182.70372009277344,183.9622116674637,182.37839183003095,183.32012466255208,80250500,SPY
2016-09-20,182.71229553222656,183.71394979635636,182.67805663625666,183.55985516954945,69665300,SPY
2016-09-21,184.7669677734375,184.94674482420382,182.72940744279296,183.4143028791124,110284400,SPY
2016-09-22,185.93128967285156,186.23093553533752,185.52892712117182,185.77719504411826,76678700,SPY
2016-09-23,184.91250610351562,185.67444884801776,184.81833281764258,185.5374671479672,73630900,SPY
2016-09-26,183.41427612304688,184.26182250818067,183.2173600593985,184.0820454836398,89827300,SPY
2016-09-27,184.552978515625,184.64713875839672,182.88354144774857,183.25167821266945,78494800,SPY
2016-09-28,185.468994140625,185.623101833831,183.81669631342595,184.77554217943597,87411000,SPY
2016-09-29,183.791015625,185.66591215313227,183.24310179121994,185.26353650265202,128070600,SPY
2016-09-30,185.17794799804688,185.87995653206715,184.37319663070124,184.6214645960347,117202900,SPY
2016-10-03,184.7327423095703,184.9553278063955,184.09921165404296,184.76699427111006,83512100,SPY
2016-10-04,183.791015625,185.06663343857537,183.20030643277005,184.84404793411028,119948100,SPY
2016-10-05,184.60430908203125,185.0323671094434,184.34747165292507,184.41596250490633,72816000,SPY
2016-10-06,184.7327423095703,184.9553278063955,183.84238725897382,184.38173155191478,62927400,SPY
2016-10-07,184.09918212890625,185.1778966683796,183.37149135408836,185.00667607802794,89788300,SPY
2016-10-10,185.05804443359375,185.52034134257795,184.91250627588957,185.05804443359375,51855000,SPY
2016-10-11,182.72080993652344,184.69844863511594,181.99311926081322,184.62995779564466,130367400,SPY
2016-10-12,182.96058654785156,183.48281791726936,182.36129479750986,182.85784372771823,73866100,SPY
2016-10-13,182.3612518310547,182.8578006442703,180.82025358838365,181.63356111941394,101357000,SPY
2016-10-14,182.4554443359375,183.79955277491104,182.37839702834248,183.3372428027531,93346200,SPY
2016-10-17,181.8219451904297,182.686617766202,181.642155057929,182.42978031832754,58275700,SPY
2016-10-18,182.96058654785156,183.4742483953358,182.58389335505242,183.414327058279,76869700,SPY
2016-10-19,183.4486083984375,183.7568108035514,182.86645555727716,183.2260228526936,66519200,SPY
2016-10-20,183.10609436035156,183.6625645353384,182.44688138226903,183.09752483983908,73639800,SPY
2016-10-21,183.1916961669922,183.2773129914425,182.14723361250657,183.10609240583523,89089100,SPY
2016-10-24,183.97076416015625,184.3389008279515,183.61975346984508,184.0649374413789,60146600,SPY
2016-10-25,183.35433959960938,184.04779138418704,183.19167548949028,183.79095400311965,66542300,SPY
2016-10-26,182.98623657226562,183.56838917561575,182.29277164656682,182.53249614221528,75705500,SPY
2016-10-27,182.4982147216797,183.73958009522707,182.42116743013958,183.70534120897295,77220200,SPY
2016-10-28,181.9589385986328,183.14893964117863,181.24837362022305,182.47261356427293,140623200,SPY
2016-10-31,181.96746826171875,182.51538200884306,181.80480412278754,182.292783476287,61272500,SPY
2016-11-01,180.64907836914062,182.3441978855262,179.4419644304559,182.292819939302,122781800,SPY
2016-11-02,179.56178283691406,180.72610117322677,179.12515529623803,180.34083850479635,103330800,SPY
2016-11-03,178.7399139404297,179.98984916370236,178.4659635880447,179.77582014393815,88939300,SPY
2016-11-04,178.54296875,179.6901608899193,178.39743061851397,178.85117098823267,109122100,SPY
2016-11-07,182.4811248779297,182.51537683425684,178.54299901440498,178.54299901440498,109794900,SPY
2016-11-08,183.30300903320312,183.86804876461554,181.8219319159806,182.08732580286676,106772100,SPY
2016-11-09,185.2463836669922,185.8627882300816,181.78766772262458,181.81335015747885,258429000,SPY
2016-11-10,185.70863342285156,186.8986338344741,184.25323920956563,186.03396159949187,172113300,SPY
2016-11-11,185.28062438964844,185.52033582618566,184.338904621336,184.98954808289514,100552700,SPY
2016-11-14,185.4261932373047,186.00835901047284,184.68137636929268,185.80288643230247,94580000,SPY
2016-11-15,186.87301635742188,186.87301635742188,185.60596822040515,185.81142771850293,91652600,SPY
2016-11-16,186.52198791503906,186.75314289173917,186.13673832940114,186.25659404633944,65617700,SPY
2016-11-17,187.48085021972656,187.54077154766955,186.5647998162659,186.676099078109,69797200,SPY
2016-11-18,187.0613555908203,187.720568602341,186.88156547375317,187.54934800622104,86265800,SPY
2016-11-21,188.4739532470703,188.49963568487826,187.4894249623122,187.63496313098892,72402600,SPY
2016-11-22,188.8420867919922,189.02186385363086,188.11438289752599,188.78215239591617,67429000,SPY
2016-11-23,188.94480895996094,188.9961738326538,188.13150132797097,188.32840436105832,56620200,SPY
2016-11-25,189.6468505859375,189.6810894836144,189.2102229949598,189.28728337550007,37872300,SPY
2016-11-28,188.75650024414062,189.61261646285374,188.65377047815005,189.33866606577988,76572500,SPY
2016-11-29,189.12457275390625,189.57831315059707,188.49104226452081,188.79068806458108,69886700,SPY
2016-11-30,188.6708526611328,189.9036618200159,188.61091826935393,189.7409976860947,113291800,SPY
2016-12-01,187.97740173339844,188.97048639352258,187.6178215074796,188.97048639352258,79040500,SPY
2016-12-02,188.07156372070312,188.55955612953525,187.71199655470292,188.06300726316525,74840300,SPY
2016-12-05,189.20167541503906,189.54411666106003,188.70512646400132,188.90202952729857,67837800,SPY
2016-12-06,189.80096435546875,189.83521631989439,188.9106092298559,189.3900322254395,59877400,SPY
2016-12-07,192.2836456298828,192.3435669528581,189.52695125399703,189.6468069632402,110738100,SPY
2016-12-08,192.75450134277344,193.2253677289716,191.99255866812283,192.25796558637467,99714400,SPY
2016-12-09,193.9188232421875,193.93594921927246,192.94285156103166,192.9771035152016,88005800,SPY
2016-12-12,193.69627380371094,194.30412200195045,193.27677219854309,193.82468599748915,102016100,SPY
2016-12-13,194.9889678955078,195.48551672384679,194.33832446352554,194.35545044058355,110477500,SPY
2016-12-14,193.3794708251953,195.3913354266373,192.942843339538,194.68932715558245,142501800,SPY
2016-12-15,194.1757049560547,195.03182111956679,193.38807965321905,193.61923467509018,124972600,SPY
2016-12-16,193.79591369628906,194.691529641135,193.4772879233699,194.63124198664173,156420200,SPY
2016-12-19,194.21786499023438,194.63983910113276,193.83034471793016,193.97674068123223,90341100,SPY
2016-12-20,194.96710205078125,195.11351117714477,194.5193072017222,194.7518115170943,89838800,SPY
2016-12-21,194.42457580566406,195.01015974080977,194.42457580566406,194.83792994460757,67909000,SPY
2016-12-22,194.08871459960938,194.39873347530573,193.6925742594399,194.27817130921775,56219100,SPY
2016-12-23,194.37289428710938,194.38150117720235,193.94231325723612,194.13175682131336,36697800,SPY
2016-12-27,194.85516357421875,195.2512908050914,194.62264611418124,194.63987303648184,42672500,SPY
2016-12-28,193.2447509765625,195.13069789250957,193.13280884997076,195.11348411321208,64095000,SPY
2016-12-29,193.2017059326172,193.66672764527488,192.76250488924578,193.31364806068328,48696100,SPY
2016-12-30,192.49554443359375,193.61505768273278,191.80661219256285,193.52893622499533,108998300,SPY
2017-01-03,193.96815490722656,194.476237389342,192.79697393302524,193.79591197608372,91366500,SPY
2017-01-04,195.1221160888672,195.26851207345445,194.28678777541126,194.29539466616654,78744400,SPY
2017-01-05,194.96710205078125,195.12211806798737,194.17483446364827,194.85515990866216,78379000,SPY
2017-01-06,195.66465759277344,196.12967937135483,194.53652414010315,195.0790604986911,71559900,SPY
2017-01-09,195.01876831054688,195.54407769928036,194.9843144691566,195.40628861430002,46939700,SPY
2017-01-10,195.01876831054688,195.87131035074572,194.63123486650335,195.03598209095162,63771900,SPY
2017-01-11,195.56991577148438,195.56991577148438,194.26955260662038,194.93265109478259,74650000,SPY
2017-01-12,195.07904052734375,195.26849723189008,193.7270229252161,195.05320671675017,72113200,SPY
2017-01-13,195.52688598632812,195.82828488116763,195.21686705944367,195.25130776674516,62717900,SPY
2017-01-17,194.8379364013672,195.29435128955922,194.45041606199737,194.88960402791093,61240800,SPY
2017-01-18,195.26853942871094,195.31160016910223,194.53654626293812,195.08768957518473,54793300,SPY
2017-01-19,194.54507446289062,195.4837377149898,194.11449354281353,195.34594866689628,66608800,SPY
2017-01-20,195.25990295410156,195.75075852737518,194.59680444535826,195.2254491108912,129168600,SPY
2017-01-23,194.7518310546875,195.3202012743101,193.99401723548334,195.2599267517825,75061600,SPY
2017-01-24,196.0005340576172,196.41388825981454,194.85518668418274,194.96712884168406,95555300,SPY
2017-01-25,197.69700622558594,197.69700622558594,196.78416328499497,196.94778620019798,84437700,SPY
2017-01-26,197.49032592773438,197.8175717636981,197.2147477205455,197.55060044787433,59970700,SPY
2017-01-27,197.18031311035156,197.7142294779201,196.9994632637566,197.56783347843495,59711100,SPY
2017-01-30,195.95741271972656,196.51716275501758,194.97568858040952,196.49132894663734,79737300,SPY
2017-01-31,195.940185546875,196.00047319321024,194.8981869027836,195.46654382670206,75880800,SPY
2017-02-01,196.01776123046875,196.8530897242382,195.43217716571584,195.94025977606805,79117700,SPY
2017-02-02,196.1468505859375,196.43103559113922,195.3287494050592,196.01766841614332,69657600,SPY
2017-02-03,197.49893188476562,197.67978172491428,196.74111809916565,197.0511370106404,80563200,SPY
2017-02-06,197.14584350585938,197.49031624796152,196.809990794992,197.09417587961693,57790100,SPY
2017-02-07,197.15452575683594,197.77456374800525,196.96506897396222,197.53343932258338,57931200,SPY
2017-02-08,197.4127960205078,197.54196507382068,196.61190846909716,197.1544447735918,51566200,SPY
2017-02-09,198.58395385742188,198.88535266019773,197.4127730625225,197.4127730625225,65955200,SPY
2017-02-10,199.36764526367188,199.5915558331859,198.60121147329366,198.9284572962501,66015900,SPY
2017-02-13,200.4526824951172,200.7110337232728,199.8326448036595,199.8584786124461,55182100,SPY
2017-02-14,201.25360107421875,201.26222110590146,199.92741708401107,200.27187670372177,71109000,SPY
2017-02-15,202.30419921875,202.49365593222012,200.98662225525658,201.03828987887738,86785800,SPY
2017-02-16,202.13194274902344,202.51085612595435,201.38273602482136,202.33000632685946,84722400,SPY
2017-02-17,202.45059204101562,202.45059204101562,201.4516408656272,201.46886778666237,77204100,SPY
2017-02-21,203.6562042236328,203.82843399397925,202.81225601044366,202.82087604014896,88946100,SPY
2017-02-22,203.4753875732422,203.6992849971404,203.08786724175664,203.251490149344,62115200,SPY
2017-02-23,203.61312866210938,204.00925579101815,202.85530195944816,203.99204201344,74615900,SPY
2017-02-24,203.87149047851562,203.91453806498942,202.72614347613032,202.769204202893,82381600,SPY
2017-02-27,204.19015502929688,204.36238482880697,203.53567653504197,203.7854077732879,56515400,SPY
2017-02-28,203.63900756835938,204.05236170667933,203.2514872424162,203.81123736430177,96961900,SPY
2017-03-01,206.48947143554688,206.9545063824952,205.2752295788725,205.29245650216862,149158200,SPY
2017-03-02,205.1890869140625,206.308600215748,205.13741929311072,206.29998018539592,70246000,SPY
2017-03-03,205.31825256347656,205.48187545397204,204.72404865179934,205.1029620528857,81974300,SPY
2017-03-06,204.7068328857422,205.05989933306515,204.10400894970482,204.52598307687302,55391500,SPY
2017-03-07,204.0954132080078,204.75851168969493,203.88872957805205,204.40543208279615,65103700,SPY
2017-03-08,203.71644592285156,204.6465023012895,203.5786568726488,204.3881511172311,78168800,SPY
2017-03-09,203.974853515625,204.30209931528373,203.01035617805067,203.83706442731702,90683900,SPY
2017-03-10,204.68960571289062,204.9737907605969,203.74232222053638,204.93073003089174,81991700,SPY
2017-03-13,204.79293823242188,204.8359989615552,204.30208271311278,204.62931534588895,57256800,SPY
2017-03-14,204.00929260253906,204.3020976979482,203.3978748809851,204.25041693502382,59880800,SPY
2017-03-15,205.77462768554688,206.19660173537935,204.34509581741636,204.57761320326588,96081800,SPY
2017-03-16,205.36993408203125,205.98997184571738,205.0427014191847,205.91247041032932,78344000,SPY
2017-03-17,205.0092315673828,205.82224755344623,205.0092315673828,205.63196665468863,89002100,SPY
2017-03-20,204.78436279296875,205.29465557467637,204.3951566577249,205.00923422284296,52537000,SPY
2017-03-21,202.155029296875,205.5108779902165,202.0252983205672,205.38979134651112,131809300,SPY
2017-03-22,202.63076782226562,202.91618921870486,201.56693403368797,202.18966922638143,97569200,SPY
2017-03-23,202.41453552246094,203.54756354767736,202.04263120164606,202.63076264780625,100410300,SPY
2017-03-24,202.26751708984375,203.2881028594989,201.48910466205444,202.7172732379335,112504900,SPY
2017-03-27,202.05990600585938,202.31938117796201,200.32144478844586,200.59820862722134,87454500,SPY
2017-03-28,203.53028869628906,203.95408544436285,201.6447811726046,201.75722350860326,93483900,SPY
2017-03-29,203.72052001953125,203.95404898429783,203.01994632268642,203.24483095448198,61950400,SPY
2017-03-30,204.36917114257812,204.5681095486267,203.48697420143966,203.65995321749898,56737900,SPY
2017-03-31,203.89352416992188,204.55949417887837,203.84161857669875,204.0318994928165,73733100,SPY
2017-04-03,203.53892517089844,204.1443585000938,202.31075664668595,203.94543323424176,85546500,SPY
2017-04-04,203.6686553955078,203.75515152683073,202.8729411376724,203.25350299956253,56466200,SPY
2017-04-05,203.06321716308594,205.32062888253068,202.85563437139967,204.34327805151034,108800600,SPY
2017-04-06,203.6340789794922,204.15301621103774,202.76051286391876,203.20162468780876,69135800,SPY
2017-04-07,203.42645263671875,204.11838199483628,202.9421060452729,203.38320457731362,74412300,SPY
2017-04-10,203.54754638671875,204.34326055720862,203.0199517174591,203.56484825057547,67615300,SPY
2017-04-11,203.30540466308594,203.40918946743707,201.81776087925203,203.1670161256462,88045300,SPY
2017-04-12,202.41453552246094,203.21890729142282,202.1896640631861,203.02862636532242,81864400,SPY
2017-04-13,201.09986877441406,202.81239709117327,201.09986877441406,202.07721959380586,92880400,SPY
2017-04-17,202.88160705566406,202.88160705566406,201.4199094790997,201.6188347524172,68405400,SPY
2017-04-18,202.27615356445312,202.81240582699647,201.59288163305118,202.14642256401504,83225800,SPY
2017-04-19,201.90423583984375,203.21024288163855,201.6793511907246,202.83833857341216,68699900,SPY
2017-04-20,203.54754638671875,203.98865813160546,202.1982913499118,202.51830324525685,92572200,SPY
2017-04-21,202.89889526367188,203.52163048064483,202.5010447179408,203.46973807880664,110389800,SPY
2017-04-24,205.13037109375,205.33795390885047,202.87295911968172,205.1390154286658,119209900,SPY
2017-04-25,206.3239288330078,206.669886959925,205.68389178100873,205.77038791146632,76698300,SPY
2017-04-26,206.19418334960938,207.17153418835883,206.15094848210717,206.28932381353593,84702500,SPY
2017-04-27,206.36717224121094,206.66988229606818,205.83091999989713,206.51420510170553,57410300,SPY
2017-04-28,205.91741943359375,206.65258374786688,205.7876752387527,206.62663754838997,63532800,SPY
2017-05-01,206.4363250732422,206.86013492902634,206.02117274759829,206.4363250732422,66882500,SPY
2017-05-02,206.5142059326172,206.69582932677102,206.1076978824263,206.57474266484968,57375700,SPY
2017-05-03,206.26339721679688,206.60936857189026,205.588769571187,206.5142280989218,73137700,SPY
2017-05-04,206.5055694580078,206.64395799930222,205.6579627381305,206.56611939387074,61462700,SPY
2017-05-05,207.31858825683594,207.33589012408044,206.43637779177612,206.87748962303496,62001300,SPY
2017-05-08,207.28396606445312,207.50883751445906,206.8601561651609,207.3618046589795,48385700,SPY
2017-05-09,207.09373474121094,207.742416245856,206.74776335359152,207.5434909463867,51363200,SPY
2017-05-10,207.46559143066406,207.46559143066406,206.8428562736012,207.05043905844082,54293800,SPY
2017-05-11,207.0418243408203,207.20615908597674,205.96068859369421,207.0158781386859,62358300,SPY
2017-05-12,206.69580078125,207.08500691242796,206.42768129527087,206.79094123086725,53912700,SPY
2017-05-15,207.8375701904297,207.9586568845751,207.10239249189394,207.1196943617604,61918900,SPY
2017-05-16,207.64718627929688,208.15747900898575,207.2579801837283,208.13153281577806,51241800,SPY
2017-05-17,203.9626922607422,207.6471970595044,203.90214234181187,207.6471970595044,172174100,SPY
2017-05-18,204.78436279296875,205.631969318215,203.62537552258183,203.88485067856263,107047700,SPY
2017-05-19,206.1163787841797,206.78236214162976,205.21687959281718,205.26877200035327,115011400,SPY
2017-05-22,207.1629180908203,207.32725284158846,206.55748469124688,206.62666576766244,61010600,SPY
2017-05-23,207.62130737304688,207.78564211492287,207.15424934903544,207.5348112360203,48341700,SPY
2017-05-24,208.10562133789062,208.2094061280343,207.51747673301352,207.85480369589155,46927700,SPY
2017-05-25,209.1002960205078,209.37707310415792,208.40837970629798,208.61594932157783,64071700,SPY
2017-05-26,209.05706787109375,209.22138942265474,208.83218318403254,208.91002179226535,46629900,SPY
2017-05-30,208.8754425048828,209.1262602107397,208.58137672630332,208.73705395115405,35201900,SPY
2017-05-31,208.82350158691406,209.20406342253426,208.13157217646426,209.16945969341108,91796000,SPY
2017-06-01,210.4841766357422,210.50147850460962,208.99653265216156,209.28195409990823,68962000,SPY
2017-06-02,211.1846923828125,211.34038276481593,210.2419453498353,210.5360110522851,88666100,SPY
2017-06-05,211.029052734375,211.29717228709103,210.8301142554598,211.0117508671959,44698800,SPY
2017-06-06,210.35440063476562,211.0203706729839,210.27654884023806,210.4668297647165,50375400,SPY
2017-06-07,210.7436065673828,210.96847802447388,210.025730934513,210.6917141693969,54144300,SPY
2017-06-08,210.84738159179688,211.32308388038217,210.31978690763057,210.83873725835193,65950700,SPY
2017-06-09,210.5274200439453,211.91126598111478,209.2646475937876,211.11555159781412,132256400,SPY
2017-06-12,210.4841766357422,210.53606904488538,209.6365698256655,210.2852513348736,86108100,SPY
2017-06-13,211.5133514404297,211.56524383273413,210.6743892382955,211.02034731862815,60067000,SPY
2017-06-14,211.24526977539062,211.79015318961186,210.42359609192093,211.78150885516482,78602300,SPY
2017-06-15,210.8387451171875,210.95983177720848,209.61922098575457,209.89598483832128,66464900,SPY
2017-06-16,210.88479614257812,211.0499322546097,210.00698339029083,210.99778680066592,84553100,SPY
2017-06-19,212.64041137695312,212.70124331255076,211.61483560290208,211.71044001182366,65123800,SPY
2017-06-20,211.20640563964844,212.29281365996601,211.18903265983135,212.28412717005747,56906400,SPY
2017-06-21,211.1542205810547,211.7104608526788,210.68489823948386,211.59748345778655,55977600,SPY
2017-06-22,211.05865478515625,211.6583541315483,210.88483215505542,211.16295897267005,44148100,SPY
2017-06-23,211.31069946289062,211.64095846683273,210.7370728734632,211.11949059974816,66986800,SPY
2017-06-26,211.44973754882812,212.39709532104865,211.24115571861205,211.97990513698605,56700500,SPY
2017-06-27,209.7462158203125,211.52792708399247,209.72882958396772,211.23241411338174,82247700,SPY
2017-06-28,211.62355041503906,211.82344573453494,210.52844287820562,210.76311067350048,70042600,SPY
2017-06-29,209.76364135742188,211.82346647947858,208.55555631046235,211.77132102248703,106949700,SPY
2017-06-30,210.1547393798828,210.9456474858864,209.96353053531456,210.57191628538862,86820700,SPY
2017-07-03,210.51113891601562,211.52801534658067,210.51113891601562,211.09345208932288,39153800,SPY
2017-07-05,210.99783325195312,211.2064151136477,210.0678615791739,210.8761560786922,54427600,SPY
2017-07-06,209.06834411621094,210.35464738842117,208.88582174928314,210.23297023107446,65400800,SPY
2017-07-07,210.42420959472656,210.571959502796,209.07706091762392,209.64200107863726,57972300,SPY
2017-07-10,210.65011596679688,211.02384713446918,210.1199484464805,210.42414792570648,36663300,SPY
2017-07-11,210.4937286376953,210.8066146776675,209.32910242406086,210.6501650267731,50354600,SPY
2017-07-12,212.07550048828125,212.24063660467954,211.45842825120994,211.45842825120994,59610400,SPY
2017-07-13,212.431884765625,212.54487544761292,211.85825812727933,212.08423949125515,39471600,SPY
2017-07-14,213.422607421875,213.77895231310274,212.33619977433588,212.4318041777918,60262700,SPY
2017-07-17,213.39662170410156,213.72689400739,213.22279906198776,213.34447623764916,33531900,SPY
2017-07-18,213.50955200195312,213.5616974536571,212.64911226339612,212.98807096128579,42742500,SPY
2017-07-19,214.66554260253906,214.6742290926207,213.81378914912898,213.82248890102755,51034300,SPY
2017-07-20,214.76112365722656,215.03923718954388,214.21356981991232,214.91756003256464,47135200,SPY
2017-07-21,214.56993103027344,214.5960037614684,213.96153193754682,214.18751329032523,82340800,SPY
2017-07-24,214.5177764892578,214.65682662914074,214.04844082397815,214.49169049735036,46622300,SPY
2017-07-25,215.0392608642578,215.3695331531979,214.81329276550863,215.26522896300702,54915600,SPY
2017-07-26,215.0478973388672,215.36078331303545,214.78717007857182,215.32602409893403,47575400,SPY
2017-07-27,214.84800720214844,215.54331085727668,213.5269315835862,215.50855164233664,70766600,SPY
2017-07-28,214.59588623046875,214.7262498150454,213.91796906705176,214.36990500145694,50088400,SPY
2017-07-31,214.47430419921875,215.09137645548512,214.26570910962465,214.9957720304814,65838700,SPY
2017-08-01,214.9523162841797,215.10875264770706,214.43083521545947,215.0739934319725,55050400,SPY
2017-08-02,215.05662536621094,215.1956887645296,214.1266538094975,215.08269809566875,47211200,SPY
2017-08-03,214.63946533203125,214.96972435177045,214.36133851349652,214.9436516202599,40856000,SPY
2017-08-04,215.03053283691406,215.3607918002414,214.64811515765828,215.12613725672801,60191800,SPY
2017-08-07,215.43032836914062,215.43032836914062,214.99576522593466,215.10006939833806,31995000,SPY
2017-08-08,214.9001922607422,216.3342588003273,214.5264742685518,215.11747386415053,61719400,SPY
2017-08-09,214.89151000976562,214.94365547372158,213.85724743524958,214.21359245470444,62632600,SPY
2017-08-10,211.85824584960938,214.18751149071593,211.80610038765755,214.05713457402004,120479500,SPY
2017-08-11,212.17115783691406,212.76217075556832,211.84958527433068,212.0842531436359,74869900,SPY
2017-08-14,214.27439880371094,214.491680385441,213.4139722276217,213.4487314454998,73291900,SPY
2017-08-15,214.24838256835938,214.67425935509996,213.9441962308179,214.6568731106688,55242700,SPY
2017-08-16,214.62203979492188,215.16959358002424,214.19616315519622,214.76978966703544,56715500,SPY
2017-08-17,211.2759246826172,214.32656670840692,211.2759246826172,214.013680686834,128490400,SPY
2017-08-18,210.94566345214844,212.23196674420893,210.5024005235471,211.11078631966924,136748000,SPY
2017-08-21,211.11074829101562,211.3714888029037,210.18079015485125,210.88478025367974,65469700,SPY
2017-08-22,213.3184051513672,213.47484155193214,211.67575663634727,211.69314287923814,63140100,SPY
2017-08-23,212.5535125732422,212.9793892079819,212.20586737961136,212.35361724999515,50203800,SPY
2017-08-24,212.0581512451172,213.09240050234038,211.8495561386653,212.93596411886358,50741700,SPY
2017-08-25,212.5535125732422,213.46609778379067,212.4057627028584,212.8490123140098,64445900,SPY
2017-08-28,212.5622100830078,213.10975059411498,212.14501994087084,213.08367786795816,40565600,SPY
2017-08-29,212.80560302734375,213.0663303362766,211.1368686792757,211.24985935435748,51135700,SPY
2017-08-30,213.81375122070312,214.08319150724105,212.60566622281107,212.78818857668327,62030800,SPY
2017-08-31,215.10008239746094,215.3434367114177,213.848538347503,214.43085140317208,103803900,SPY
2017-09-01,215.40426635742188,215.8301430332035,215.25651647279935,215.47379805521166,62007000,SPY
2017-09-05,213.85720825195312,215.12613844359225,212.89247756007697,214.90015712543195,91398800,SPY
2017-09-06,214.58726501464844,214.91753723218903,214.0049520207523,214.53511956173446,57916900,SPY
2017-09-07,214.5612335205078,214.90889204310074,214.1527430450965,214.89150580151696,58034700,SPY
2017-09-08,214.30918884277344,214.769824772838,214.06583451224182,214.274416360231,63832800,SPY
2017-09-11,216.59495544433594,216.67317362286178,215.56069310000328,215.5780660762442,71364800,SPY
2017-09-12,217.32505798339844,217.35981720404104,216.7775041101089,216.96002648847752,56896000,SPY
2017-09-13,217.42935180664062,217.46412428956327,216.92525689879432,217.03824757556816,59228000,SPY
2017-09-14,217.3597869873047,217.55969557911206,216.93392360000743,217.10774620268882,95446300,SPY
2017-09-15,217.65243530273438,217.73977127387886,217.11090696769054,217.21571546411664,95432400,SPY
2017-09-18,218.11532592773438,218.46469641738005,217.7310103925462,218.01924704393736,46235200,SPY
2017-09-19,218.3336639404297,218.42101321790437,218.01049560350478,218.3598660581464,47108100,SPY
2017-09-20,218.41226196289062,218.52581335375092,217.41654154474944,218.42100488688175,59574100,SPY
2017-09-21,217.82711791992188,218.34244412458347,217.65243265212848,218.25510815450258,48211400,SPY
2017-09-22,217.87078857421875,218.03674424025084,217.50394552028905,217.53014764359605,51214000,SPY
2017-09-25,217.42530822753906,217.9668498298664,216.68289258120123,217.61746600132773,57064400,SPY
2017-09-26,217.5563201904297,218.09784843533004,217.32048778509616,217.85328643262474,54082000,SPY
2017-09-27,218.40354919433594,218.78786470597146,217.37288365607444,218.25506607895477,81001400,SPY
2017-09-28,218.66563415527344,218.7442405296163,218.03675650526645,218.1240924786589,44778800,SPY
2017-09-29,219.43421936035156,219.51283905062218,218.4734438302756,218.65685867643668,85578000,SPY
2017-10-02,220.38629150390625,220.38629150390625,219.48663643311738,219.66133501937134,59023000,SPY
2017-10-03,220.85792541503906,220.8841275353606,220.30765423302748,220.3862739216219,66810200,SPY
2017-10-04,221.11997985839844,221.3645418885094,220.5959107495144,220.70946216621985,55953600,SPY
2017-10-05,222.43014526367188,222.44760446083976,221.15491750595024,221.4518837893815,63522800,SPY
2017-10-06,222.17684936523438,222.46508606184125,221.72267032297378,221.98469156749644,80646000,SPY
2017-10-09,221.80995178222656,222.46503138780173,221.54791727447073,222.40389755498163,35803100,SPY
2017-10-10,222.39517211914062,222.77075805290576,221.83617134486326,222.37771292417833,43057400,SPY
2017-10-11,222.7445831298828,222.7445831298828,222.13317804080668,222.29912037898842,47674300,SPY
2017-10-12,222.4126434326172,222.77948643927715,222.1768110256109,222.43011595511425,47065100,SPY
2017-10-13,222.6834716796875,222.96297880960688,222.41270747734904,222.84942737212296,54800400,SPY
2017-10-16,222.98037719726562,223.17253496477068,222.56987286955564,222.91051376147277,38221700,SPY
2017-10-17,223.13760375976562,223.18127840295898,222.70961358067885,222.9279734690156,31561000,SPY
2017-10-18,223.35598754882812,223.55687493585796,223.1638297603191,223.51320028799114,40888300,SPY
2017-10-19,223.4171142578125,223.45205930604234,222.15937240178653,222.5786196871285,61903800,SPY
2017-10-20,224.57008361816406,224.59631239998672,223.39969086749306,224.21199677364615,89176400,SPY
2017-10-23,223.6966094970703,224.9194462959128,223.61800312947534,224.89324417338113,63915300,SPY
2017-10-24,224.08966064453125,224.32547973958586,223.73154721149646,224.1246056918486,66935900,SPY
2017-10-25,222.98037719726562,223.87128927136814,221.85364604019503,223.75773786485246,103715300,SPY
2017-10-26,223.26864624023438,223.86257882405025,223.14636521841157,223.5918279839053,69798000,SPY
2017-10-27,225.09410095214844,225.2513403305325,223.2773584004407,224.01104443027998,85562500,SPY
2017-10-30,224.255615234375,224.99804421858872,223.95864897174172,224.01105321483814,54285700,SPY
2017-10-31,224.60499572753906,224.85830068394264,224.3080294517007,224.6311978502524,60304800,SPY
2017-11-01,224.90194702148438,225.72298235215794,224.5351173279343,225.38235477957573,54202700,SPY
2017-11-02,224.98924255371094,225.12899605056876,223.76643277527273,224.83202986546618,56449500,SPY
2017-11-03,225.74044799804688,225.7841093106653,224.7359712552437,225.14648888383707,59589700,SPY
2017-11-06,226.08987426757812,226.22088489302695,225.53960298542842,225.60946643391293,49652600,SPY
2017-11-07,225.9326171875,226.5265496765108,225.4260073281454,226.1946383869873,57502200,SPY
2017-11-08,226.31690979003906,226.41300200160703,225.47841528260687,225.75792233683754,50469600,SPY
2017-11-09,225.4959259033203,225.68808369230456,223.91497561583995,225.11161032535176,95085500,SPY
2017-11-10,225.42604064941406,225.60073924506818,224.79716302242787,225.1116151635526,59984700,SPY
2017-11-13,225.63563537597656,225.86273819686548,224.70979155194425,224.74473659867962,50228600,SPY
2017-11-14,225.11158752441406,225.21639600683287,224.05470646441782,224.8320804677906,61315200,SPY
2017-11-15,223.98484802246094,224.6661298286348,223.27736409509808,224.14206074959475,80811500,SPY
2017-11-16,225.8889617919922,226.25581817943672,224.8845115087638,224.92817282988813,67777000,SPY
2017-11-17,225.22509765625,225.86271808991955,225.14649129953867,225.53954973835357,75756800,SPY
2017-11-20,225.6094512939453,225.80160908346332,225.22513571490924,225.46972440635292,48075500,SPY
2017-11-21,227.0855255126953,227.2689669982189,225.57449224745827,226.3780416549843,69176800,SPY
2017-11-22,226.8846893310547,227.22531692979058,226.7187336670959,227.09430631489215,45033400,SPY
2017-11-24,227.40869140625,227.513526534814,227.23401950249206,227.37377301865303,27856500,SPY
2017-11-27,227.29522705078125,227.74940610752606,227.09432632006434,227.4524398025085,52274900,SPY
2017-11-28,229.60110473632812,229.62730686283643,227.66206740891386,227.75815964295506,98971700,SPY
2017-11-29,229.46128845214844,230.264864537519,229.01585242326902,229.7320525704751,77512100,SPY
2017-11-30,231.47027587890625,232.3786340239822,230.29986981657459,230.37847619517157,127894400,SPY
2017-12-01,230.9898681640625,231.7322972805025,227.75815709142037,231.2519160814761,164390900,SPY
2017-12-04,230.7103729248047,233.03369904773825,230.65794202046783,232.60572212855533,94040600,SPY
2017-12-05,229.88058471679688,231.59251897552159,229.74957409972203,229.88058471679688,77994500,SPY
2017-12-06,229.92420959472656,230.35221308301692,229.46128771759268,229.9766138332505,75898600,SPY
2017-12-07,230.64918518066406,230.9636106197974,229.66219423795215,230.64918518066406,77218600,SPY
2017-12-08,231.90695190429688,231.91566817453804,230.61425172727832,231.60124271960038,76563900,SPY
2017-12-11,232.60568237304688,232.66682953826898,231.8807392812659,232.60568237304688,83077500,SPY
2017-12-12,233.0162353515625,233.48790023937693,232.64066268870263,233.39180801442237,85195800,SPY
2017-12-13,232.99000549316406,233.69748941303737,232.90265620503862,233.2607696276706,102905400,SPY
2017-12-14,232.0379180908203,233.40048144523197,231.98551385836262,233.28693005648842,100666700,SPY
2017-12-15,233.97023010253906,234.43551820355714,232.9869817978599,233.03965390050294,144610300,SPY
2017-12-18,235.45394897460938,235.80510534376077,235.26080895284903,235.3661531844431,83653600,SPY
2017-12-19,234.5496368408203,235.74357348896925,234.47938951357304,235.69968900306878,82382900,SPY
2017-12-20,234.4267578125,235.56802255763964,234.12827359902516,235.51535044887996,76751500,SPY
2017-12-21,234.90960693359375,235.6207340227915,234.66379481577025,235.05007482828026,67032300,SPY
2017-12-22,234.8481903076172,234.96232215444573,234.3126547474633,234.92719848045695,78720900,SPY
2017-12-26,234.5672149658203,234.78669100611233,234.3038544340734,234.44429552333253,45244400,SPY
2017-12-27,234.6813201904297,235.04126407068716,234.40917207463843,234.73399229080826,57751000,SPY
2017-12-28,235.16412353515625,235.20803480694806,234.79541888451618,235.18169876047378,45116100,SPY
2017-12-29,234.27745056152344,235.76111047739207,234.0843373997339,235.74356204218506,96007400,SPY
2018-01-02,235.95423889160156,235.98936255180203,234.75151474688784,235.13779463458457,86655700,SPY
2018-01-03,237.4467315673828,237.59598705803205,236.12108775526218,236.12108775526218,90070400,SPY
2018-01-04,238.447509765625,238.9303730753286,237.50817277946746,238.08759267620826,80636400,SPY
2018-01-05,240.03660583496094,240.15949850554858,238.74608544046873,239.23770970584548,83524000,SPY
2018-01-08,240.47552490234375,240.63354122486592,239.6502928293821,239.93998942067273,57319200,SPY
2018-01-09,241.0198211669922,241.64312563339757,240.6159659541577,240.89690172182273,57254000,SPY
2018-01-10,240.651123046875,240.9145104124587,239.5976539590796,240.26484301056274,69574300,SPY
2018-01-11,242.4068145751953,242.4068145751953,241.03728666844844,241.20409054863558,62361500,SPY
2018-01-12,243.9871368408203,244.15391398365108,242.37176960389846,242.6702805959339,90816100,SPY
2018-01-16,243.15304565429688,245.89210155142328,242.45949406768443,245.2424612349641,106555100,SPY
2018-01-17,245.4707489013672,245.8570288429602,243.15309604331574,244.0836722321971,113258800,SPY
2018-01-18,245.05816650390625,245.7780275136728,244.56651555336,245.35665068678648,100728000,SPY
2018-01-19,246.1731719970703,246.1731719970703,245.05824307223153,245.63763639023136,140920100,SPY
2018-01-22,248.1747283935547,248.1747283935547,245.90972066426502,245.96241956189593,91322400,SPY
2018-01-23,248.70143127441406,248.9911278057013,247.89374780740982,248.21856800026347,97084700,SPY
2018-01-24,248.6049346923828,249.93936638272544,247.42854613851088,249.3423710936975,134816100,SPY
2018-01-25,248.71018981933594,249.5617577618745,247.92008158609997,249.46520118283064,84587300,SPY
2018-01-26,251.58981323242188,251.63372452420188,249.28970815499756,249.54430791447624,107743100,SPY
2018-01-29,249.9217071533203,251.45803917092164,249.7636908614709,251.01908716589267,90118300,SPY
2018-01-30,247.35826110839844,249.9743981091749,246.88418540558078,248.09569731750025,131796400,SPY
2018-01-31,247.4811553955078,248.7102157521953,246.41011134364305,248.2098307869233,108364800,SPY
2018-02-01,247.2001953125,248.49950287103297,246.41008707469774,246.75248249293085,90102500,SPY
2018-02-02,241.81874084472656,246.0151221655599,241.78361717245468,245.88341509241843,173174800,SPY
2018-02-05,231.70526123046875,242.1698916316703,231.1609648845585,240.06292679944846,294681800,SPY
2018-02-06,236.27035522460938,236.7707670349998,227.11382109691172,228.20241370210414,355026800,SPY
2018-02-07,234.98863220214844,239.1059783080259,234.90959724654337,235.71728090980616,167376100,SPY
2018-02-08,226.1744384765625,235.4275552292879,226.1393148107997,235.2870873577438,246449500,SPY
2018-02-09,229.57188415527344,231.4242486397791,222.03946661641714,228.95734067037915,283565300,SPY
2018-02-12,232.943115234375,234.40922715006334,229.71243395839974,231.61747121653497,143736000,SPY
2018-02-13,233.52249145507812,234.06678771243006,231.16092727411035,231.74034719721283,81223600,SPY
2018-02-14,236.67417907714844,237.0341229974219,232.03005857309503,232.03884618797034,120735700,SPY
2018-02-15,239.6941680908203,239.7029557055696,235.95428785276758,238.4124355383196,111200300,SPY
2018-02-16,239.7643585205078,241.70454573082915,239.0269223449148,239.07083362163766,160420100,SPY
2018-02-20,238.26316833496094,240.25602779649859,237.47306000010119,238.81625220681488,86369700,SPY
2018-02-21,237.07806396484375,241.17788915345244,236.98150734424902,238.70219240465272,98883700,SPY
2018-02-22,237.38531494140625,239.71175595438413,236.71812589843753,237.99985866174583,110511300,SPY
2018-02-23,241.16909790039062,241.16909790039062,238.1315563332114,238.6056321866141,92766400,SPY
2018-02-26,243.96954345703125,244.06612683938735,241.65189057007407,242.2400713124447,86491400,SPY
2018-02-27,240.9232177734375,244.86502543404572,240.8617580559553,244.15389845883672,99099200,SPY
2018-02-28,238.4825897216797,242.4682809400793,238.16655717674539,242.0205413765881,121907800,SPY
2018-03-01,235.01492309570312,239.81705928396283,233.52247550556922,238.27193959455408,176855100,SPY
2018-03-02,236.22650146484375,236.7883731343521,232.48664698180258,233.346976137403,139083200,SPY
2018-03-05,238.9567413330078,239.57128497673156,234.9359251780348,235.04129618469474,97307400,SPY
2018-03-06,239.56246948242188,240.0102091362149,238.0700218307826,239.93117419254034,79213200,SPY
2018-03-07,239.4747314453125,239.8258878034363,237.20975016262793,237.40289017832296,87063500,SPY
2018-03-08,240.63348388671875,240.75637651111668,239.1586116449256,240.1506206276118,66901200,SPY
2018-03-09,244.82107543945312,244.82107543945312,241.72207550192218,242.0381348622031,113625300,SPY
2018-03-12,244.51380920410156,245.73410860789863,244.12752930588547,245.11080427775596,71924800,SPY
2018-03-13,242.93357849121094,246.1730461616999,242.32782263142832,245.6726344877052,91968900,SPY
2018-03-14,241.68695068359375,244.0748505384305,241.1338936908821,243.8904982075266,105895100,SPY
2018-03-15,241.42361450195312,242.8370271669328,240.9232027619332,242.19617435500027,83433000,SPY
2018-03-16,241.6855010986328,242.73439359883704,241.6326180228929,241.9499164773323,100343700,SPY
2018-03-19,238.41534423828125,241.86170049075108,236.7670927477109,240.93622002883185,109208400,SPY
2018-03-20,238.82081604003906,239.45543966554663,238.1421052648597,238.8119932303427,59757300,SPY
2018-03-21,238.36244201660156,240.86567198647185,238.15090979060938,238.77671055837496,78709600,SPY
2018-03-22,232.404052734375,236.98742117685686,232.1307877527902,236.14126540111988,148785900,SPY
2018-03-23,227.450439453125,233.1708740275143,227.25652596079306,232.84475290377557,183534800,SPY
2018-03-26,233.67335510253906,233.95541609321967,228.64927483777169,231.04673946092365,141956100,SPY
2018-03-27,229.69813537597656,235.13648355929,228.14682704159767,234.60765289876343,129941400,SPY
2018-03-28,229.01942443847656,231.49624022540982,227.91764906479978,229.83034294898033,146452300,SPY
2018-03-29,231.94578552246094,233.80559665521437,229.02828599134764,230.15650308888857,111601600,SPY
2018-04-02,226.9392547607422,231.92809620608446,224.4712755675117,231.41685743848606,186286300,SPY
2018-04-03,229.84800720214844,230.32398178953056,226.38403119684207,228.17331368218098,119956900,SPY
2018-04-04,232.30711364746094,233.01223907187764,226.17243637884116,226.30464403356794,123715300,SPY
2018-04-05,234.1405029296875,235.0219232354331,232.9770216703882,234.0611514312149,82652600,SPY
2018-04-06,228.92242431640625,233.67326456153145,227.40638070243776,232.18368937282415,179521200,SPY
2018-04-09,230.0506591796875,233.4353093282673,229.11635597247158,230.37678033142026,105442900,SPY
2018-04-10,233.7085723876953,234.49304931652253,231.79590552096968,232.93291826893037,103529000,SPY
2018-04-11,232.48338317871094,234.14045733463442,232.15726203290197,232.22776380815478,91140200,SPY
2018-04-12,234.3961181640625,235.3392444383138,233.62928672756837,233.80558156532558,68890500,SPY
2018-04-13,233.7085723876953,235.81517968292337,232.70376729661248,235.70059074735886,85079200,SPY
2018-04-16,235.63003540039062,236.39689352112617,234.51946430947865,235.33917858817293,63405300,SPY
2018-04-17,238.15090942382812,238.7502686624216,236.88166227221376,237.39287411717692,64682000,SPY
2018-04-18,238.3271942138672,239.1292628354769,237.86883854573958,238.59160948485868,57303900,SPY
2018-04-19,237.00514221191406,237.87773979272504,235.97386851737917,237.67500341890963,77655900,SPY
2018-04-20,234.99545288085938,237.15494337179408,234.11403258232485,236.93458829716045,99953100,SPY
2018-04-23,234.96011352539062,236.12359427052772,233.88478015163685,235.56829541949406,65558000,SPY
2018-04-24,231.79586791992188,236.20296842635491,230.29744298821194,235.98261340103326,112885500,SPY
2018-04-25,232.36880493164062,232.8095150189369,229.91845792222574,231.73418132998165,103840900,SPY
2018-04-26,234.73097229003906,235.5595092922136,232.9505134655818,233.3912234923212,67731900,SPY
2018-04-27,234.9513702392578,235.6388769306565,234.0170669637368,235.3391972855658,57053600,SPY
2018-04-30,233.14453125,236.12373666730835,233.07400255083985,235.56843748139593,82182300,SPY
2018-05-01,233.55870056152344,233.66446666644478,231.02900235772682,232.5803102933891,74203400,SPY
2018-05-02,231.98980712890625,234.17571200711808,231.60198008945386,233.36482048739748,86368900,SPY
2018-05-03,231.47865295410156,232.13089553211196,228.33197523796773,231.16135447792988,136311500,SPY
2018-05-04,234.47540283203125,235.15411363285418,230.18289056208346,230.50901174745036,91222100,SPY
2018-05-07,235.2686767578125,236.23821739751983,234.5547016940085,235.24223522943518,55304900,SPY
2018-05-08,235.2686767578125,235.63003534603325,233.70854588712598,234.89846846172185,67499200,SPY
2018-05-09,237.54273986816406,237.86886103281918,235.41851399436158,235.9385486756778,59666100,SPY
2018-05-10,239.76394653320312,240.09009464765438,238.17740071163087,238.28316684656053,72063900,SPY
2018-05-11,240.49542236328125,240.75983757075784,239.3760018877629,239.88724048728477,59871500,SPY
2018-05-14,240.61012268066406,241.57966348961148,240.06361950078988,240.9274210765786,54790600,SPY
2018-05-15,238.9530029296875,239.40250890537564,238.00987693366224,239.3848901863238,87036100,SPY
2018-05-16,239.95777893066406,240.41613455876956,238.96176999888644,238.98823842248126,53942600,SPY
2018-05-17,239.755126953125,240.83046071677833,238.97947284179332,239.69342108090297,56536400,SPY
2018-05-18,239.15577697753906,239.77278199560305,238.80321420956608,239.41139641631585,64368000,SPY
2018-05-21,240.953857421875,241.4915377795711,240.2487319580376,240.63655903279187,58025900,SPY
2018-05-22,240.28392028808594,241.7294621619401,239.95779915524992,241.47384280155237,52966400,SPY
2018-05-23,240.9450225830078,240.9714910129223,238.85606092939213,239.0147370148245,64694200,SPY
2018-05-24,240.451416015625,240.82162432927402,238.67095692322204,240.54838622347975,76043800,SPY
2018-05-25,239.87844848632812,240.50424915692255,239.37603262880125,239.87844848632812,56374800,SPY
2018-05-29,237.11965942382812,239.01473442804837,236.0090882306861,238.25669904659816,115908600,SPY
2018-05-30,240.28392028808594,240.72463033760636,238.3536350180888,238.4241367905371,69678400,SPY
2018-05-31,238.8119354248047,240.178125656547,238.2125762843502,239.87844608631977,93519900,SPY
2018-06-01,241.1565704345703,241.45625007264385,240.03714957306167,240.10767825190814,71258400,SPY
2018-06-04,242.30238342285156,242.55800278701213,241.7382885385191,241.9762622852021,45385200,SPY
2018-06-05,242.4786834716797,242.85768767237997,241.66776511550432,242.4345963258353,51135000,SPY
2018-06-06,244.50588989257812,244.61165598326392,242.46981195046968,243.08681667787323,62732200,SPY
2018-06-07,244.47959899902344,245.28169487931558,243.57173696288075,244.99083795072647,72969400,SPY
2018-06-08,245.20230102539062,245.2551840883835,243.85372912145007,244.02120112053123,72139700,SPY
2018-06-11,245.52850341796875,246.2424519033104,245.3081482830159,245.4227372570026,58892500,SPY
2018-06-12,245.84576416015625,246.20712281550618,245.20231765169822,245.9427074826128,72329000,SPY
2018-06-13,245.06130981445312,246.33938013874248,244.8585734412964,246.08376069412148,79070600,SPY
2018-06-14,245.67825317382812,246.20708375571797,245.0876898256393,245.92504974497967,77097600,SPY
2018-06-15,245.36489868164062,245.70134676711317,243.7889263493762,244.89564925179792,120041600,SPY
2018-06-18,244.86019897460938,244.98416489512724,243.43475300624846,243.912837792134,52917600,SPY
2018-06-19,243.92172241210938,244.14306698780095,242.17752607487577,242.59365495795998,97531500,SPY
2018-06-20,244.3377685546875,245.00180205689944,244.00132059043202,244.60337114773532,53785500,SPY
2018-06-21,242.80613708496094,244.3467137049803,242.31032739701956,244.32898884638138,71061400,SPY
2018-06-22,243.248779296875,244.17844254707023,243.0274347639137,244.06333906679495,54898500,SPY
2018-06-25,239.93743896484375,242.25712501103698,238.25522616199765,242.0977634550983,137854200,SPY
2018-06-26,240.46865844726562,241.318613720225,239.7515044638951,240.50408113101963,68547400,SPY
2018-06-27,238.4766387939453,242.47853878629863,238.32611260171515,241.0530927627312,105110700,SPY
2018-06-28,239.84007263183594,240.60148478447195,237.71514369883715,238.42346234970134,76650500,SPY
2018-06-29,240.18539428710938,242.29259870231078,240.070290799281,240.9291087243102,97592500,SPY
2018-07-02,240.69886779785156,240.85825638445402,238.379181590529,238.61825096063558,63554800,SPY
2018-07-03,239.84889221191406,241.69049356304407,239.42392806903175,241.59308793390554,42187100,SPY
2018-07-05,241.80555725097656,241.86754019174154,239.90200007581,240.9733268418652,56925900,SPY
2018-07-06,243.85081481933594,244.22265843947528,241.4514210425873,241.83215410837596,66493700,SPY
2018-07-09,246.04653930664062,246.09965982475168,244.80701551806254,244.8512736099577,50550400,SPY
2018-07-10,246.93191528320312,247.0293209120054,246.20589884882935,246.49808871564431,51966800,SPY
2018-07-11,245.12582397460938,246.17059090694184,244.8247985939717,245.38259124794206,77054700,SPY
2018-07-12,247.34808349609375,247.40120402224898,245.7809739353221,246.3830245781455,60124700,SPY
2018-07-13,247.54287719726562,247.84390253014723,246.71948199088973,247.17103350001074,48216000,SPY
2018-07-16,247.32150268554688,247.72876902543337,246.87881365796778,247.58713231385073,48201000,SPY
2018-07-17,248.32205200195312,248.71162061414097,246.49817487198345,246.5512954082271,52315500,SPY
2018-07-18,248.8443603515625,248.95060139774912,247.9589822738811,248.4016713127218,44593500,SPY
2018-07-19,247.90586853027344,248.56103967940436,247.42775678976406,248.18033358029288,61412100,SPY
2018-07-20,247.62257385253906,248.33089263963382,247.46321225779238,247.70225464991242,82337700,SPY
2018-07-23,248.08290100097656,248.28652062758425,247.07355721494199,247.41886756898208,47047600,SPY
2018-07-24,249.33135986328125,250.17248002160983,248.46370645742684,249.49074848563848,68026900,SPY
2018-07-25,251.4562225341797,251.77494565505225,249.03913078919018,249.08338888278033,78882900,SPY
2018-07-26,250.863037109375,251.54476854513118,250.64169257599485,250.73909822087222,57919500,SPY
2018-07-27,249.16317749023438,251.2880800439711,248.24237647642775,251.19067437905215,76768700,SPY
2018-07-30,247.86160278320312,249.40215198668153,247.33920594196468,249.24279041796194,63742500,SPY
2018-07-31,249.0834197998047,249.6943328768987,248.24232678004086,248.62303289486857,68570500,SPY
2018-08-01,248.66729736328125,249.79174492044822,248.0209885982045,249.28707288390544,53853300,SPY
2018-08-02,250.02194213867188,250.19013912469651,247.1621610627142,247.36580775888575,63426400,SPY
2018-08-03,251.09327697753906,251.14639751094435,249.9688293080611,250.14591576581194,53935400,SPY
2018-08-06,252.01402282714844,252.3238835310707,250.73907626495154,251.12864477115582,39400900,SPY
2018-08-07,252.84634399414062,253.22707722961223,252.54531858952848,252.67814696122522,43196600,SPY
2018-08-08,252.74008178710938,253.1385128296892,252.2796947984672,252.67812584104703,42114600,SPY
2018-08-09,252.39479064941406,253.19162569081698,252.261989312447,252.80205708931322,35717000,SPY
2018-08-10,250.70372009277344,251.50055515066057,249.99540124829505,250.9604873626219,77076000,SPY
2018-08-13,249.76515197753906,251.58902858924932,249.47296209162405,250.9781155764383,65732900,SPY
2018-08-14,251.35885620117188,251.5979255987983,250.10163433503746,250.49120289007564,43842000,SPY
2018-08-15,249.48191833496094,250.15481454868382,248.0476096853759,250.01315076581565,102925400,SPY
2018-08-16,251.50054931640625,252.36822974841357,250.88077371931524,250.91619641561772,69967900,SPY
2018-08-17,252.38584899902344,252.82853799635836,250.889558026464,251.29682433852633,65618500,SPY
2018-08-20,252.92584228515625,253.19144476930038,252.38574787462153,252.8372991172478,39807500,SPY
2018-08-21,253.51914978027344,254.37796757696117,252.96135728082962,253.43946899743776,67272000,SPY
2018-08-22,253.36863708496094,253.8910068686637,252.84624028166556,253.11186989649937,44993300,SPY
2018-08-23,253.0321502685547,254.05032942010968,252.71340018361207,253.1915118012318,49204900,SPY
2018-08-24,254.55502319335938,254.69668690778963,253.55454178616444,253.60766230162693,57487400,SPY
2018-08-27,256.56488037109375,256.6711214264323,255.5909589978284,255.75032058083627,57072400,SPY
2018-08-28,256.6888427734375,257.1315318443619,256.2284288471343,257.0252637708789,46943500,SPY
2018-08-29,258.07000732421875,258.3001872470909,256.66225944752415,256.90130179728936,61485500,SPY
2018-08-30,257.02532958984375,257.9638284989663,256.43214121387564,257.59198471514225,61229500,SPY
2018-08-31,257.0340881347656,257.47677714013287,256.13101229086976,256.6179593889367,66140800,SPY
2018-09-04,256.59149169921875,256.9456376273583,255.59100986301283,256.61805196833916,57594400,SPY
2018-09-05,255.90084838867188,256.44094311621893,254.89153133691732,256.23729641245575,72452400,SPY
2018-09-06,255.13058471679688,256.308125831231,254.10354276501158,256.00710048633505,65909900,SPY
2018-09-07,254.63485717773438,255.60877891319677,253.84685735825798,254.08592684127564,73524800,SPY
2018-09-10,255.07742309570312,255.90968062912165,254.88263884278402,255.6440510008171,50210900,SPY
2018-09-11,255.91851806640625,256.36120709749815,254.08580601257725,254.43108940663996,50530500,SPY
2018-09-12,255.9805450439453,256.58259574508,255.1925724832599,255.92742451264513,59810800,SPY
2018-09-13,257.4945068359375,257.68045569530796,256.75965488471724,257.0429823679138,51034200,SPY
2018-09-14,257.53875732421875,257.8840406945149,256.75962035999163,257.69811887974004,55079900,SPY
2018-09-17,256.1752014160156,257.5209659029717,255.90073646814687,257.4855702461782,68244000,SPY
2018-09-18,257.5654296875,258.1586180755422,256.36130103153295,256.3878613023467,61930400,SPY
2018-09-19,257.8398132324219,258.2559420232231,257.4945028015122,257.6184687058169,49080600,SPY
2018-09-20,259.9293518066406,260.2481020477535,257.8575698080128,259.09712105504974,100360600,SPY
2018-09-21,259.6918640136719,260.78581879458903,259.5317810140974,260.6701942475922,105479700,SPY
2018-09-24,258.8291015625,259.25601660965026,258.2510060962114,259.1137115939335,53409600,SPY
2018-09-25,258.5890197753906,259.3894618716786,258.3488952890775,259.2827398777616,44370000,SPY
2018-09-26,257.8152160644531,259.91415398039527,257.3972035619519,258.7312825518188,79739700,SPY
2018-09-27,258.5355529785156,259.62060470915617,258.01081862855256,258.2865260473145,59249500,SPY
2018-09-28,258.562255859375,259.0603097649122,257.87743852473693,257.9129944166309,70091400,SPY
2018-10-01,259.4605407714844,260.5277874939204,258.7935013917487,259.7984845913529,62078900,SPY
2018-10-02,259.309326171875,260.02082396744885,258.9357993288641,259.309326171875,47258200,SPY
2018-10-03,259.4516906738281,260.77686715736866,259.09594169443756,260.35885464256023,64694600,SPY
2018-10-04,257.42388916015625,259.02477312297555,255.840783146468,258.97141213367536,111545900,SPY
2018-10-05,255.9830780029297,258.1620573579353,254.56005501363472,257.64622543454266,105951700,SPY
2018-10-08,255.9830780029297,256.3388269647769,253.9196960255473,255.2982334309201,87742200,SPY
2018-10-09,255.60948181152344,256.90797752205634,255.0491643965814,255.60060640972696,74339000,SPY
2018-10-10,247.51614379882812,255.17377232722666,247.1426168317317,255.10260623888726,214731000,SPY
2018-10-11,242.06417846679688,248.04972835434208,240.45436497653625,246.43103946135153,274840500,SPY
2018-10-12,245.4261016845703,246.4399877104538,242.2420842920822,246.15537764841622,183186500,SPY
2018-10-15,244.04759216308594,246.3955849931058,243.95864810584297,245.07038096659127,102263700,SPY
2018-10-16,249.38388061523438,249.75743475503074,245.53285038018345,246.00422397212148,118255800,SPY
2018-10-17,249.42831420898438,250.0508681229723,246.85797564445298,249.41941166358663,110626000,SPY
2018-10-18,245.82632446289062,249.090383549691,244.5545087926348,248.49448289152238,134557500,SPY
2018-10-19,245.69297790527344,248.4055954018498,244.99925764157052,246.47564223189562,139901600,SPY
2018-10-22,244.5900421142578,246.68007741159767,244.05640510863475,246.35991149336718,82415800,SPY
2018-10-23,243.34487915039062,244.46551414384803,238.89794935655075,240.97913638494464,146352700,SPY
2018-10-24,235.971923828125,243.47834459638236,235.42050879522853,243.09588794996847,177806700,SPY
2018-10-25,240.20533752441406,241.7439849383375,236.7812234431827,237.8040118236247,138061500,SPY
2018-10-26,235.98081970214844,241.0236512105069,233.27710529716651,236.50558142545964,201574600,SPY
2018-10-29,234.67335510253906,240.35654414200332,231.1069360307844,239.06692370520128,160749100,SPY
2018-10-30,238.1509246826172,238.46221527012418,234.0152844254869,234.5044631035441,157116000,SPY
2018-10-31,240.694580078125,243.00698951534628,240.24098445251798,240.71235803018175,128296300,SPY
2018-11-01,243.2560272216797,243.45169327053114,240.47224408471195,241.55729632981314,99495000,SPY
2018-11-02,241.81517028808594,244.7857162430484,239.7695662222295,244.3588011959873,122634100,SPY
2018-11-05,243.14927673339844,243.7006917677633,241.33492150588376,242.30434908918804,65622500,SPY
2018-11-06,244.68785095214844,244.84793390433546,243.0247036177618,243.0869671464693,60085900,SPY
2018-11-07,249.92636108398438,250.00640256456597,246.43105358048592,246.85796861882702,102752100,SPY
2018-11-08,249.4727783203125,250.11313733964522,248.33436530171073,249.12590474479975,65584900,SPY
2018-11-09,247.03582763671875,248.3521013519031,245.6305827643591,248.16533791916257,98812600,SPY
2018-11-12,242.41998291015625,246.76906695308182,241.90412375753766,246.52894247011767,99673600,SPY
2018-11-13,241.9663543701172,244.87463683563516,241.2459538773567,242.88242086967105,98176600,SPY
2018-11-14,240.31214904785156,244.23431809199508,238.75572328236524,243.83411060887397,125335900,SPY
2018-11-15,242.82009887695312,243.2825968590688,237.47490872977272,239.04911180868868,135101400,SPY
2018-11-16,243.45166015625,244.35882418194376,241.21038987573397,241.72624899886281,126668000,SPY
2018-11-19,239.3337860107422,243.1403571320243,238.41771948586543,242.84684454276717,103061700,SPY
2018-11-20,234.9046173095703,237.4660532377612,234.04191183572692,236.00744722346693,136021300,SPY
2018-11-21,235.705078125,237.5994747294918,235.6962027211134,236.4521591402249,75563700,SPY
2018-11-23,234.13087463378906,235.527217228284,233.97079166091788,234.06861109703652,42807900,SPY
2018-11-26,237.91078186035156,238.13312838545468,235.98970462643132,236.3810366819656,79981400,SPY
2018-11-27,238.71115112304688,238.71115112304688,236.2742426365071,236.8790184862919,75502400,SPY
2018-11-28,244.20765686035156,244.20765686035156,238.6489929736247,239.77853084623226,127629600,SPY
2018-11-29,243.67398071289062,245.07029607445224,242.29541615794696,243.43382912733134,82346400,SPY
2018-11-30,245.15927124023438,245.71958882183426,243.2026381197173,243.52280408525462,98204200,SPY
2018-12-03,248.4055633544922,249.38389363655335,246.81358154386612,249.27717163158556,103176300,SPY
2018-12-04,240.35653686523438,248.00526095056608,240.0452463752336,247.57834595211617,177986000,SPY
2018-12-06,239.99192810058594,240.1075526296109,233.41047676923458,236.5055499894933,204185400,SPY
2018-12-07,234.4154815673828,241.2192792431404,233.57945653094646,239.65395115076464,161018900,SPY
2018-12-10,234.8601837158203,235.82961126558462,230.01301882509009,234.23760261616204,151445900,SPY
2018-12-11,234.91351318359375,238.23980792098703,233.446031807797,238.05304447291599,121504400,SPY
2018-12-12,236.09642028808594,239.24485459889894,236.0163787982232,237.88409498741427,97976700,SPY
2018-12-13,236.01641845703125,237.90191291349396,234.90468567450245,237.03920718857503,96662700,SPY
2018-12-14,231.65835571289062,234.82456747202116,231.10694077556747,233.87291800694808,116961100,SPY
2018-12-17,227.1136474609375,231.8184942160514,225.48606918040167,230.7067615302446,165492300,SPY
2018-12-18,226.86459350585938,229.41714067784332,225.26369591406458,228.75010114550832,134515100,SPY
2018-12-19,223.4671630859375,230.7067659311748,221.7684458235465,226.94466625050688,214992800,SPY
2018-12-20,219.8295135498047,223.7872781315787,217.58825725874033,222.22196381691975,252053400,SPY
2018-12-21,215.32534790039062,223.38552036390047,214.68124937399995,220.72861735508985,255345600,SPY
2018-12-24,209.63583374023438,215.45060262563953,209.57322025034426,213.84035620425558,147311600,SPY
2018-12-26,220.22764587402344,220.22764587402344,209.11696653417636,211.09399387368785,218485400,SPY
2018-12-27,221.91842651367188,222.11522151944322,213.76880366004917,216.99823741467299,186267300,SPY
2018-12-28,221.63214111328125,224.89735185930846,220.46918466599615,223.26922375327266,153100200,SPY
2018-12-31,223.57337951660156,223.81491988199966,221.38166176077164,223.2513302461389,144299400,SPY
2019-01-02,223.8059539794922,224.72738367473102,220.02188548142522,220.0487217817502,126925200,SPY
2019-01-03,218.46530151367188,222.36566931905944,217.98222086036947,222.06150186504593,144140700,SPY
2019-01-04,225.78298950195312,226.42708803378295,221.1132819712888,221.4890038398222,142628800,SPY
2019-01-07,227.56317138671875,228.96765431227632,225.15674999016903,226.05132962307513,103139100,SPY
2019-01-08,229.7012176513672,230.1842983290865,227.22324173305432,229.7459630162037,102512600,SPY
2019-01-09,230.7747344970703,231.61564162896792,229.18238366653358,230.40795353099523,95006600,SPY
2019-01-10,231.58877563476562,231.8392568355287,228.56509216100946,229.2449814061106,96823900,SPY
2019-01-11,231.67822265625,231.70505895084622,229.9337816062925,230.51525285614454,73858100,SPY
2019-01-14,230.2648468017578,231.06996320273115,229.3792214907282,229.7817660410097,70908200,SPY
2019-01-15,232.9038543701172,233.2169627574834,230.6316140537097,230.6405685877629,85208300,SPY
2019-01-16,233.46746826171875,234.35309361191258,233.12752353728553,233.33325943861294,77636700,SPY
2019-01-17,235.2386932373047,236.09750948945432,232.55495387525625,232.59969924486884,96118400,SPY
2019-01-18,238.3697052001953,238.83490412813006,235.2744670046285,237.04574468322795,127900300,SPY
2019-01-22,235.14920043945312,237.11728664606434,233.53896794342953,236.9025962600359,115531200,SPY
2019-01-23,235.64125061035156,236.87577500924823,233.18115634601335,236.17800390992494,86030300,SPY
2019-01-24,235.76649475097656,236.34799345977734,234.451461356412,235.46234089582398,59204100,SPY
2019-01-25,237.76138305664062,238.5844083633359,235.86487852864417,237.60929250091039,96883400,SPY
2019-01-28,235.95433044433594,236.01693026973098,234.1920074924276,235.62334035140552,85613700,SPY
2019-01-29,235.64125061035156,236.66105730917477,234.80929801123665,236.09749501004995,66136300,SPY
2019-01-30,239.37164306640625,240.2125502350187,236.3927044417232,237.15310270700996,92473700,SPY
2019-01-31,241.47390747070312,241.95698818402894,239.0943220389077,239.30903974505677,104012100,SPY
2019-02-01,241.59019470214844,242.61002867744705,240.80296018796835,241.67070360013417,85782500,SPY
2019-02-04,243.28988647460938,243.35251360542537,240.9639738049802,241.63490857696522,60744800,SPY
2019-02-05,244.3097381591797,244.61389200183342,243.21834975887742,243.71931224094328,79552800,SPY
2019-02-06,243.9875946044922,244.52434774369627,243.2540601913253,244.03233995799178,58347800,SPY
2019-02-07,241.66177368164062,242.9231070364727,240.00679577368695,242.37742652272038,95482000,SPY
2019-02-08,241.95700073242188,242.0553914066869,239.59529694515285,240.4183223771915,75788900,SPY
2019-02-11,242.0911407470703,242.8694206752519,241.56334202911273,242.61001223279428,68021400,SPY
2019-02-12,245.2042999267578,245.58000811053353,243.62983092699662,243.70141259084346,72270200,SPY
2019-02-13,246.00050354003906,246.8414107807634,245.61584075769358,246.03629437805574,65277200,SPY
2019-02-14,245.45477294921875,246.5819520637004,244.1039489183974,244.91801968992252,83234400,SPY
2019-02-15,248.12960815429688,248.1653989923437,247.02033787853892,247.22607377138476,97088700,SPY
2019-02-19,248.5589599609375,249.21198562989034,247.32443568208936,247.33339021467367,59120800,SPY
2019-02-20,249.0598602294922,249.5161044709757,248.0221448236144,248.52310711605233,76610800,SPY
2019-02-21,248.17434692382812,248.782654652387,247.21713995951922,248.42482818267058,64214700,SPY
2019-02-22,249.71292114257812,249.90970241348373,248.15633433302966,248.7914780993475,78114600,SPY
2019-02-25,250.05288696289062,251.6541921358243,249.9723780726855,251.13534796547899,69030700,SPY
2019-02-26,249.8739776611328,250.7506481871813,249.49824222111025,249.70400535498007,56844100,SPY
2019-02-27,249.76669311523438,250.1155650438643,248.22801475468106,249.15835809796695,56921600,SPY
2019-02-28,249.3014678955078,249.99031174685732,248.97943230298569,249.55194912316048,69268300,SPY
2019-03-01,250.85812377929688,251.26962291577038,249.42679038672932,250.87600555030397,78880500,SPY
2019-03-04,249.94552612304688,252.15513875053298,247.65540461039754,251.91361209504328,106494600,SPY
2019-03-05,249.60565185546875,250.26765948736204,249.0599712687937,250.07085083470344,59114600,SPY
2019-03-06,248.09375,249.73084596641513,247.77171444618895,249.72189143423049,75039800,SPY
2019-03-07,246.0183563232422,247.78960654387646,245.17744927490716,247.64647052496792,94885100,SPY
2019-03-08,245.52633666992188,245.6963089968519,243.70141373931386,244.16658535488742,85795800,SPY
2019-03-11,249.08680725097656,249.24782506646932,246.21521367305095,246.24204997563308,65098900,SPY
2019-03-12,250.02609252929688,250.54496408692307,249.45357566962204,249.6414297782207,79667500,SPY
2019-03-13,251.68106079101562,252.61143136478677,250.75069021724445,250.91173531876376,80639200,SPY
2019-03-14,251.5200958251953,252.1284036241185,251.0817603966202,251.70794996595424,67518400,SPY
2019-03-15,252.76266479492188,253.57132732931038,251.88210530332043,252.0708142505132,81309000,SPY
2019-03-18,253.67918395996094,253.97571096745602,252.75370929471526,252.97833933405315,62199800,SPY
2019-03-19,253.74208068847656,255.50317247562955,252.85255452926685,254.73945229726,90268100,SPY
2019-03-20,252.9783477783203,254.7304731119043,251.87318549711011,253.5264593513431,84609200,SPY
2019-03-21,255.83558654785156,256.23990405923104,252.11570091924966,252.16064336761528,79550400,SPY
2019-03-22,250.91177368164062,255.0000297509821,250.84887068471875,254.4789000838068,122659300,SPY
2019-03-25,250.72303771972656,251.75633027368409,249.46511515748892,250.57027724900775,85575200,SPY
2019-03-26,252.59193420410156,253.54436319608845,251.19024521888866,252.47512221855817,68125900,SPY
2019-03-27,251.27110290527344,253.16699429149978,249.7256474675577,252.5829343773154,72224700,SPY
2019-03-28,252.2236785888672,252.67293883301,250.75011924682676,251.9002243750056,56238500,SPY
2019-03-29,253.81398010253906,254.13743419240424,252.6099664002764,253.73311658007276,82186800,SPY
2019-04-01,256.8240051269531,257.12053213515975,255.53912787981554,255.8087003800633,77617900,SPY
2019-04-02,256.9498291015625,257.1834531340026,256.1591269185293,257.0127320980904,40070400,SPY
2019-04-03,257.35418701171875,258.55820087935837,256.7521663675677,258.16284976811403,68243200,SPY
2019-04-04,258.03704833984375,258.2886329223049,256.98579496410593,257.67764571070825,48997500,SPY
2019-04-05,259.2859802246094,259.33988924285876,258.41441453536396,258.7019475798009,58621700,SPY
2019-04-08,259.48358154296875,259.59139954862746,258.20767116115127,258.86360058977857,53566300,SPY
2019-04-09,258.1538391113281,258.84568980097356,257.60575494563386,258.52223568757904,66142300,SPY
2019-04-10,259.0343017578125,259.1241592292054,258.15374241120253,258.56705387482947,52601500,SPY
2019-04-11,258.9625244140625,259.5285965825624,258.3964522455626,259.5196026050741,55093100,SPY
2019-04-12,260.7146301269531,260.99316920128797,259.0074471943866,260.5708636013834,69727800,SPY
2019-04-15,260.5439453125,260.88538743061287,259.74424904421835,260.78653593400213,49596700,SPY
2019-04-16,260.7146301269531,261.4783777975032,260.12160349172586,261.42446877799716,52153200,SPY
2019-04-17,260.07666015625,261.8557124477344,259.6633211574548,261.8287579409137,58268300,SPY
2019-04-18,260.58880615234375,260.858378651933,259.36683190031505,260.66070312049783,68708500,SPY
2019-04-22,260.81341552734375,260.9661760070736,259.7352078763909,259.8250653691345,40160100,SPY
2019-04-23,263.15863037109375,263.3922544241675,260.94827810651367,261.1818747389239,52246600,SPY
2019-04-24,262.5745544433594,263.410171605521,262.43078792825753,263.0777235358863,50392900,SPY
2019-04-25,262.412841796875,263.06877148518953,261.22681584442034,262.4757447986305,57770900,SPY
2019-04-26,263.63482666015625,263.70669621419734,261.68502567610466,262.45776734051964,50916400,SPY
2019-04-29,264.0480651855469,264.56922213553327,263.6347536677554,263.72461115092415,57197700,SPY
2019-04-30,264.18292236328125,264.4704554333061,262.29605171531756,263.7067077125926,81111700,SPY
2019-05-01,262.19708251953125,265.01844808882976,262.18808854617345,264.8117786461539,71671900,SPY
2019-05-02,261.631103515625,262.99687175976754,260.13955670306206,262.08036361263817,65030200,SPY
2019-05-03,264.19183349609375,264.47037250137964,261.7388640340087,263.10463197802125,56543700,SPY
2019-05-06,263.1045837402344,263.54484968322805,259.5823739343374,259.89686135961114,107198100,SPY
2019-05-07,258.7109069824219,261.29864946948265,256.806048601852,260.70562286447625,144729900,SPY
2019-05-08,258.3514709472656,260.0586535717971,257.7584444190409,258.3514709472656,91568300,SPY
2019-05-09,257.56976318359375,258.17175626704255,254.55072152918922,256.2848860812778,103471100,SPY
2019-05-10,258.8636169433594,259.61837045130414,253.65218450185358,256.6352774765789,112429300,SPY
2019-05-13,252.3583984375,254.7215112151304,251.52278113899095,253.76011533329586,127290500,SPY
2019-05-14,254.6405792236328,256.16807429211826,253.24788410051545,253.37366265002794,77003200,SPY
2019-05-15,256.132080078125,256.770021528291,252.80754548534486,253.0142149334386,73956400,SPY
2019-05-16,258.5042419433594,259.8609886388919,256.76111076781007,256.83298031022184,76749600,SPY
2019-05-17,256.8328857421875,259.31280906245,256.18595041606017,256.2039383605327,100353000,SPY
2019-05-20,255.13475036621094,256.9407568168034,254.38896345332793,255.2335743986409,62877600,SPY
2019-05-21,257.43499755859375,257.8123606375981,256.57239853669876,256.82398306292055,46847100,SPY
2019-05-22,256.6443176269531,257.59674680267347,256.16810303909295,256.48259057914987,49482500,SPY
2019-05-23,253.5084686279297,254.46986427419012,252.09778552084444,254.42494923843603,98733800,SPY
2019-05-24,254.0836181640625,255.35952930034446,253.4636368442685,254.94619014003598,55268100,SPY
2019-05-28,251.720458984375,255.314540218978,251.70249844964093,254.3621108854613,70029400,SPY
2019-05-29,250.0311737060547,251.01055730636347,248.62948456977267,250.60623972127644,104972900,SPY
2019-05-30,250.71409606933594,251.62161026679743,249.6179003033244,250.78596562189657,62523800,SPY
2019-05-31,247.335693359375,248.99796153460056,247.30873884499474,248.17133814649495,86862800,SPY
2019-06-03,246.70664978027344,248.48570188008594,245.37683027218762,247.3715458239888,96428000,SPY
2019-06-04,252.06182861328125,252.1966011366948,248.54861192613726,248.99787195128627,77231900,SPY
2019-06-05,254.2452392578125,254.2721937639268,251.87316045778283,253.67916720875505,71169700,SPY
2019-06-06,255.89849853515625,256.5723885707165,253.8948163786434,254.54175190960748,69430400,SPY
2019-06-07,258.45928955078125,259.53752459010883,256.74311294719047,256.91383395209493,74272200,SPY
2019-06-10,259.6453857421875,261.3076536120134,259.55552823720706,260.0047883414486,60799100,SPY
2019-06-11,259.5823974609375,261.8286972441243,258.93546202655364,261.4603007892035,58641300,SPY
2019-06-12,259.12420654296875,259.9059145875843,258.6120435410981,259.3488365521413,47096300,SPY
2019-06-13,260.1933898925781,260.5528198019677,259.33081843547797,260.03166288574414,48945200,SPY
2019-06-14,259.90594482421875,260.50793796326803,259.1421972200491,259.90594482421875,52324700,SPY
2019-06-17,260.00482177734375,260.76856953690236,259.83410072212484,260.13959434181544,39205700,SPY
2019-06-18,262.7273254394531,263.7786062363526,261.4604085491026,261.81983859907155,85434800,SPY
2019-06-19,263.3202819824219,263.85040551806713,261.8916384024987,262.8620279852303,78674400,SPY
2019-06-20,265.8360595703125,266.24040445572706,263.3831180221202,265.9978139768675,116570000,SPY
2019-06-21,265.44964599609375,266.82202880424734,265.2329612248102,265.56702609854386,83309500,SPY
2019-06-24,265.12469482421875,265.97338627298683,264.9711913645555,265.6573967423069,47582700,SPY
2019-06-25,262.52435302734375,265.2059379178657,262.4160106162554,265.1788523150936,82028700,SPY
2019-06-26,262.2625732421875,263.92388825683076,262.154230803802,263.4182718416797,51584900,SPY
2019-06-27,263.1924743652344,263.6980906365372,262.64172460878746,263.02092303525444,40355200,SPY
2019-06-28,264.5467834472656,265.04336195090093,263.65293111911507,264.167557504222,59350900,SPY
2019-07-01,266.948486328125,268.08613665460155,265.74762708261784,267.86942429707057,78705600,SPY
2019-07-02,267.643798828125,267.6979700486466,266.06374060351243,266.9034220756254,61504500,SPY
2019-07-03,269.7835388183594,269.80161425412496,268.17639561424454,268.32086133027957,40898900,SPY
2019-07-05,269.4766540527344,269.63919526156394,267.26458916274504,268.5557157881623,51677300,SPY
2019-07-08,267.9959716796875,269.29613623727494,267.45423185502074,268.1675230833992,45841800,SPY
2019-07-09,268.3299255371094,268.6278671624564,266.7859910977244,266.8401623023329,41101300,SPY
2019-07-10,269.6120910644531,270.5601425237143,268.8627041508156,269.3954061841779,58448500,SPY
2019-07-11,270.2441101074219,270.4878805839635,269.2419150387237,270.25314782826575,50826100,SPY
2019-07-12,271.4539794921875,271.526226150782,270.42469881644513,270.7316782304043,40326000,SPY
2019-07-15,271.54425048828125,271.88735320178154,271.03863413807807,271.88735320178154,33900000,SPY
2019-07-16,270.66839599609375,271.6615806276131,270.3614166652641,271.4539059829256,36650100,SPY
2019-07-17,268.8264465332031,270.8037777400687,268.8264465332031,270.6412641610423,36036300,SPY
2019-07-18,269.8106384277344,270.18986439626957,267.88750564607955,268.32991298102115,51392600,SPY
2019-07-19,268.31182861328125,270.9302040555339,268.14027731203566,270.9031184581802,58678600,SPY
2019-07-22,268.970947265625,269.51268682028854,268.194475028688,268.7091014293009,43638100,SPY
2019-07-23,270.8941650390625,270.8941650390625,269.259935864137,270.090607031503,44564500,SPY
2019-07-24,272.1671447753906,272.1671447753906,270.04534791293565,270.1356424174258,47213200,SPY
2019-07-25,270.8670654296875,271.76995564778645,270.0634799096485,271.71578443902234,55394100,SPY
2019-07-26,272.681884765625,272.88052171662747,271.4268541311043,271.55327198811625,45084100,SPY
2019-07-29,272.1852722167969,272.68187835964795,271.6345224202421,272.56449822490094,38126500,SPY
2019-07-30,271.5171813964844,271.923493066979,270.40661637008486,270.78584243281495,45849000,SPY
2019-07-31,268.546630859375,271.9505446149553,266.5332033083149,271.7609178303265,104245200,SPY
2019-08-01,266.20819091796875,271.6526186964665,265.4136429910856,268.70017713336995,142646600,SPY
2019-08-02,264.20379638671875,265.55813204796215,262.6508237263318,265.314361548389,116749700,SPY
2019-08-05,256.2583312988281,260.2220053837113,254.36225615994783,260.1136629564653,178745400,SPY
2019-08-06,259.8517761230469,260.0684884974278,256.67361269034296,258.1453280546701,120711700,SPY
2019-08-07,260.0053405761719,260.7728029003708,254.65120730275834,256.78201534695285,140572300,SPY
2019-08-08,265.1066589355469,265.1066589355469,260.9443476671785,261.49509755220527,87713900,SPY
2019-08-09,263.3009338378906,264.7636120983332,261.5222383788756,264.1677010377765,93730000,SPY
2019-08-12,260.0955505371094,263.29176156394834,259.14749942587946,261.8019984508938,65527600,SPY
2019-08-13,264.1405029296875,265.58513268360247,259.4545008367751,259.79760350315723,94299800,SPY
2019-08-14,256.3305358886719,260.70052138237736,256.204145582048,260.0956003464888,135622100,SPY
2019-08-15,257.00775146484375,257.9016317136364,254.96723786093705,257.2154261800236,99556600,SPY
2019-08-16,260.7998352050781,261.2332048589005,257.0618566167302,258.6599898772652,83018300,SPY
2019-08-19,263.94195556640625,264.6191234101706,263.1383973865682,263.81556523033254,53571800,SPY
2019-08-20,261.9194030761719,263.9689538188934,261.79301278192634,263.4362519312439,51596400,SPY
2019-08-21,264.05023193359375,264.42039264271136,263.3911122132719,264.07731753557846,49524700,SPY
2019-08-22,263.968994140625,265.3865385206094,262.1993368727227,264.75453184479977,51666400,SPY
2019-08-23,257.1882629394531,264.3301272824833,255.94227013252467,262.6688127245855,149161500,SPY
2019-08-26,260.0323181152344,260.0323181152344,257.84731220730464,259.373198500566,72423800,SPY
2019-08-27,259.0121154785156,261.7930328129497,258.253690992949,261.42284451272855,66668900,SPY
2019-08-28,260.8359069824219,260.99842057049005,257.5493741356223,258.3529594666534,59696700,SPY
2019-08-29,264.16754150390625,264.69123312905583,262.38884711906564,263.39106933739487,57899400,SPY
2019-08-30,264.05023193359375,265.6663854420489,263.1202561934248,265.6483375587326,62901200,SPY
2019-09-03,262.5063171386719,263.2647416845759,261.17906729483354,262.3528412178477,69101400,SPY
2019-09-04,265.48583984375,265.50388772814705,263.9238298917129,264.6732441815311,46887300,SPY
2019-09-05,268.8988342285156,269.81073482523794,265.4497861761174,267.9688581886312,83258100,SPY
2019-09-06,269.1064147949219,269.7474866798832,268.53761711069353,269.21478476498777,49584300,SPY
2019-09-09,269.2419128417969,270.1808989649801,268.3028991645869,270.0906319733859,51260300,SPY
2019-09-10,269.1787109375,269.24191987648885,267.22846442804376,268.4834677166774,57947100,SPY
2019-09-11,271.0928955078125,271.1741523531876,268.8356690672812,269.48575138431556,68821100,SPY
2019-09-12,272.0318298339844,273.0881960688336,271.23728195073244,271.99570650637503,72908700,SPY
2019-09-13,271.8511962890625,272.82633309685326,271.4810080151809,272.47419270681183,62104800,SPY
2019-09-16,271.0114440917969,271.8962861406716,270.37039995804827,270.7225127018769,58191200,SPY
2019-09-17,271.69769287109375,271.7879598351725,270.6412993619928,270.8128506801717,41475500,SPY
2019-09-18,271.86029052734375,271.96863296095114,269.2780097922511,271.3095130844703,73375800,SPY
2019-09-19,271.8421325683594,273.2416287217111,271.5080676481326,272.24844412507855,76560500,SPY
2019-09-20,270.5578308105469,272.7257172981861,269.7686931121249,272.44450325727587,89565000,SPY
2019-09-23,270.4942321777344,271.2108170035137,269.64159394991134,269.89556952748023,43476800,SPY
2019-09-24,268.3716735839844,271.97270068816425,267.4101927867103,271.58267177028574,94869400,SPY
2019-09-25,269.9590759277344,270.40352627736024,266.97484206860895,268.4533536576858,71854000,SPY
2019-09-26,269.3968200683594,270.1768783815456,267.99088814051237,269.9682722975083,56179700,SPY
2019-09-27,267.9455261230469,270.25854579792986,266.39446122946606,270.14967534254725,84746600,SPY
2019-09-30,269.18817138671875,269.8956770404428,268.41719257426433,268.4625344992536,51662400,SPY
2019-10-01,265.9861755371094,270.72102824217234,265.76849006877796,270.06794415591315,88242400,SPY
2019-10-02,261.28765869140625,264.4170262525811,259.99964920337914,264.4079467960568,122539500,SPY
2019-10-03,263.4283142089844,263.4555248952082,258.3487738908161,261.0608737824399,85278800,SPY
2019-10-04,266.9930419921875,267.2470176140269,264.0269389043035,264.0813879558739,65091200,SPY
2019-10-07,265.841064453125,267.81847578384463,265.55987813972894,266.19483104942367,59610500,SPY
2019-10-08,261.71392822265625,264.72537300214316,261.67763808472165,263.99065687623875,95708100,SPY
2019-10-09,264.19927978515625,265.13355020756165,263.10174525349936,263.72761868689645,62359400,SPY
2019-10-10,265.9861755371094,266.86602454663546,263.954370682643,264.1176347838915,55296300,SPY
2019-10-11,268.7438049316406,270.9751653557693,268.61683089318984,268.7347254712936,98720400,SPY
2019-10-14,268.4444274902344,269.09751182039724,268.09974024913794,268.4262685735817,40394800,SPY
2019-10-15,271.1020202636719,271.8458158960156,269.36953283376874,269.4874550292948,46754500,SPY
2019-10-16,270.6665954589844,271.35596965464424,270.2312245406846,270.63938477659065,48928200,SPY
2019-10-17,271.46478271484375,272.33555213753766,270.7754085945281,271.82760100086114,45736600,SPY
2019-10-18,270.276611328125,271.5737002063706,269.4239728965291,270.9296954952778,64304000,SPY
2019-10-21,272.10888671875,272.3084410011963,271.15648490964367,271.59188362078226,39048600,SPY
2019-10-22,271.21990966796875,272.9342379797446,271.12919816843396,272.6439722537385,48594700,SPY
2019-10-23,272.009033203125,272.063454563809,270.75728654487045,270.96592021500015,34352200,SPY
2019-10-24,272.4535827636719,273.08853577790205,271.62815491768134,272.9434028694703,35453100,SPY
2019-10-25,273.56927490234375,274.11351638561285,271.8277076921369,271.8821290723367,45205400,SPY
2019-10-28,275.1112976074219,275.610197235554,274.75755858795225,274.78476928175763,42147000,SPY
2019-10-29,275.0295715332031,275.9547901689378,274.7120950931229,274.8390967416614,44284900,SPY
2019-10-30,275.8731384277344,276.24500852902196,273.9229380126746,275.229106138278,49643900,SPY
2019-10-31,275.1383972167969,275.86406156075225,273.6871238914147,275.86406156075225,69053800,SPY
2019-11-01,277.6873474121094,277.73268933726877,276.41744133237114,276.58073316174546,71141500,SPY
2019-11-04,278.80291748046875,279.3743694834143,278.43101970583336,279.23831607348995,60606900,SPY
2019-11-05,278.4944763183594,279.3017725578726,278.2042106357529,279.0024274222912,42933200,SPY
2019-11-06,278.5579833984375,278.83009018122067,277.6146337493563,278.4944825887015,46487100,SPY
2019-11-07,279.5376281738281,280.8710069278483,279.0659671347833,279.89139471405895,54272300,SPY
2019-11-08,280.22705078125,280.2814721535745,278.4945632788722,279.19298934454866,49032100,SPY
2019-11-11,279.69189453125,279.864238107545,278.7122544469131,278.84833556176477,35797300,SPY
2019-11-12,280.28143310546875,281.1794133049867,279.5104268632624,280.054668191953,46484600,SPY
2019-11-13,280.3720397949219,280.771148108011,279.06587216685807,279.29263699560175,53917700,SPY
2019-11-14,280.7803039550781,280.8619636831978,279.4560046150865,280.09095744342886,51219900,SPY
2019-11-15,282.81219482421875,282.85753674364037,281.4243943784293,282.11374103249324,62023600,SPY
2019-11-18,283.0207214355469,283.25656578539156,282.1227413053871,282.5762710973889,49228000,SPY
2019-11-19,282.939208984375,283.6285834175987,282.29520415828483,283.61950395991727,67804700,SPY
2019-11-20,281.8869323730469,282.86657234836355,280.3358680402715,282.3495416770167,79406200,SPY
2019-11-21,281.4333801269531,282.1046230732926,280.63519090852355,281.99578034720054,54664700,SPY
2019-11-22,282.0592956542969,282.31327128023827,281.05247260615073,282.1772178522817,44850200,SPY
2019-11-25,284.24530029296875,284.24530029296875,282.984501675249,282.984501675249,48647200,SPY
2019-11-26,284.8893737792969,285.0707968398084,283.9641826057425,284.2816591210013,37569000,SPY
2019-11-27,286.15924072265625,286.15924072265625,285.15238993261636,285.3700754304547,44444600,SPY
2019-11-29,285.0979309082031,285.84172650261706,284.87116598414514,285.5968026686247,36592700,SPY
2019-12-02,282.6760559082031,285.41536582716174,282.24973680572754,285.35186501415745,75767800,SPY
2019-12-03,280.7803039550781,280.8619636831978,278.5852351006926,279.9639558052549,73941700,SPY
2019-12-04,282.5128173828125,283.1114801298138,281.4787836789131,281.82347080730165,49080000,SPY
2019-12-05,283.0207214355469,283.2293551051219,281.71455342008073,283.21122387869605,40709000,SPY
2019-12-06,285.60589599609375,286.00500449632267,284.9165217354681,284.9256011908763,48927000,SPY
2019-12-09,284.70794677734375,285.88711349587976,284.63536648869166,285.21589807283027,34838500,SPY
2019-12-10,284.39044189453125,285.3156328729228,283.73735776823526,284.6534969724014,52649800,SPY
2019-12-11,285.19775390625,285.4517295424743,284.30882533883084,284.84398729797243,53429100,SPY
2019-12-12,287.6558837890625,288.4359419435748,284.97099448527933,285.2068112141044,96389600,SPY
2019-12-13,287.8281555175781,289.0526914993744,286.64896144274167,287.4199676298921,81503900,SPY
2019-12-16,289.80560302734375,290.39518635483904,287.7647184989822,289.5516273932872,82749700,SPY
2019-12-17,289.8691101074219,290.4859041346796,289.78747804627915,290.1865865771561,61097700,SPY
2019-12-18,289.88720703125,290.4858697567159,289.8327856635954,290.2591048310666,48133000,SPY
2019-12-19,291.0754089355469,291.1479892022689,289.8236623065729,290.0776378775777,85310500,SPY
2019-12-20,292.3515930175781,293.48186803995895,291.13016050237536,292.1054650052227,147142100,SPY
2019-12-23,292.79827880859375,293.1902254958816,292.6524323585263,293.13553655427705,52990000,SPY
2019-12-24,292.8073425292969,293.07166308676193,292.5065255951328,293.0260982506087,20270000,SPY
2019-12-26,294.3661193847656,294.37524348162793,293.18115512214473,293.19025140163853,30911200,SPY
2019-12-27,294.2930603027344,295.1498905317027,293.7643914337797,295.0952016079266,42528800,SPY
2019-12-30,292.6706848144531,294.5119721081925,292.18758056574677,294.37524973919426,49729100,SPY
2019-12-31,293.381591796875,293.6277198137139,291.82290156546304,292.1692833540794,57077300,SPY
2020-01-02,296.1252136230469,296.1434618086508,293.99226220909725,294.91290542669935,59151200,SPY
2020-01-03,293.8829650878906,295.0041439336054,292.688876931802,292.74356586892327,77709700,SPY
2020-01-06,295.0041198730469,295.08615327203825,292.0143098616565,292.1328118215423,55653900,SPY
2020-01-07,294.1746520996094,294.9129805533922,293.7279886988713,294.43897268463854,40496400,SPY
2020-01-08,295.7424621582031,296.95477064555246,294.11995883928836,294.3660590478099,68296000,SPY
2020-01-09,297.74774169921875,297.82067881308217,296.71772055042567,297.3011061918994,48473300,SPY
2020-01-10,296.8909606933594,298.4861195611985,296.42610473911026,298.33117684890317,53029300,SPY
2020-01-13,298.9327087402344,298.9418050156996,297.0823260256532,297.51074112791366,47086800,SPY
2020-01-14,298.47705078125,299.54351294484616,297.92100945963375,298.4952711557389,62832800,SPY
2020-01-15,299.1515808105469,299.9081297404282,298.30387436905687,298.3859077842946,72056600,SPY
2020-01-16,301.63995361328125,301.63995361328125,300.30001924233943,300.5278990481638,54050300,SPY
2020-01-17,302.578857421875,302.7884890679203,301.5761805798231,302.35097758583424,95846000,SPY
2020-01-21,301.9862976074219,302.7884389482875,301.5487861977557,301.62169549358066,77742400,SPY
2020-01-22,302.0227966308594,303.49035714511143,301.867853930092,302.84315842409643,48914900,SPY
2020-01-23,302.3692321777344,302.77942705597485,300.2636244798141,301.37567931823935,51963000,SPY
2020-01-24,299.68017578125,303.1074970853696,298.3949302922052,303.02546369041266,87578400,SPY
2020-01-27,294.8764953613281,296.3531521856209,294.1108224827082,294.4480801750021,84062500,SPY
2020-01-28,297.9665222167969,298.84157285281924,294.96761628432836,296.29842651664376,63834000,SPY
2020-01-29,297.720458984375,299.5526218615138,297.5199236056963,299.32474201380455,53888900,SPY
2020-01-30,298.6866455078125,298.89630496665,294.91296997027223,295.6603946749964,75491800,SPY
2020-01-31,293.2631530761719,298.2218209474655,292.35163365596884,298.06685040639036,113845600,SPY
2020-02-03,295.441650390625,297.30115767312014,294.6212885304359,294.73979049796515,69083000,SPY
2020-02-04,299.9445495605469,300.81050405404096,298.7231169921296,299.04215432222543,62573200,SPY
2020-02-05,303.4083557128906,303.6180152040548,301.4121536768775,302.8705625667215,65951100,SPY
2020-02-06,304.4292907714844,304.62070207645655,303.35367662683126,304.3654777307045,50359700,SPY
2020-02-07,302.8066711425781,304.4382703838826,302.25975409202255,303.3718085617881,64139400,SPY
2020-02-10,305.0673522949219,305.13116533874893,301.88615800893024,301.9226265793127,42070000,SPY
2020-02-11,305.5959167480469,307.200171523737,305.0672200674489,306.4162784131797,54864500,SPY
2020-02-12,307.5648498535156,307.77448148627434,306.6624268441835,307.02702899526753,43992700,SPY
2020-02-13,307.2366943359375,308.20290257264736,305.8694153801374,306.1428600443528,54501900,SPY
2020-02-14,307.7289123535156,307.84741430987003,306.4527909338537,307.64687895696886,64582200,SPY
2020-02-18,306.9359436035156,307.7927740817303,305.5504162851949,306.73540821888315,57226200,SPY
2020-02-19,308.40350341796875,309.07801894449966,307.61961000252654,307.9021788213364,48814700,SPY
2020-02-20,307.1364440917969,308.67691395841035,304.15575813081296,307.8565243216202,74163400,SPY
2020-02-21,303.97344970703125,306.0972773213097,303.153060127596,305.7873641141862,113788200,SPY
2020-02-24,293.8921203613281,304.04643281297626,292.81650624331786,294.5484154937722,161088400,SPY
2020-02-25,284.9865417480469,295.8883062471929,284.11149089171784,295.2776038121276,218913200,SPY
2020-02-26,283.938232421875,289.9633610159589,283.2090281846531,286.3810972156628,194773800,SPY
2020-02-27,271.18621826171875,283.9930581364514,271.18621826171875,278.4327827430655,284353500,SPY
2020-02-28,270.04681396484375,271.53259540965934,260.2753224373834,263.155727800716,384975800,SPY
2020-03-02,281.7414855957031,281.80529862026447,268.40595433040124,271.8241515658398,238703600,SPY
2020-03-03,273.674560546875,286.0712292614889,271.2408194618374,282.1152386233994,300139100,SPY
2020-03-04,285.1778869628906,285.3966704893052,276.4911099959197,279.03425638312916,176613400,SPY
2020-03-05,275.6980895996094,281.17632889627316,273.46488424875696,277.9951357880224,186366800,SPY
2020-03-06,271.14056396484375,272.3437762979566,264.55029623787203,267.2119174164198,228667200,SPY
2020-03-09,249.9659881591797,259.04471406948755,249.25500410266218,250.94129282702897,309417300,SPY
2020-03-10,262.9004821777344,262.9916118792991,249.3005981834413,259.4549393740364,276444100,SPY
2020-03-11,250.08447265625,256.9938059331485,246.91240265024598,255.863530672836,255316300,SPY
2020-03-12,226.1570587158203,243.06574485920348,225.7650981762707,233.34894558391483,392220700,SPY
2020-03-13,245.4904327392578,247.45931815181189,226.53082479595767,239.8116563713259,329566100,SPY
2020-03-16,218.6278839111328,234.1692750182009,216.35819611440786,219.84019219766736,297240000,SPY
2020-03-17,230.43209838867188,233.50392810842425,216.09390266325667,223.35869921057358,262070500,SPY
2020-03-18,218.76466369628906,226.39407689191867,207.84466479454713,215.34646582603455,327597100,SPY
2020-03-19,219.22950744628906,225.49165465544974,211.6730183757266,218.08099810602204,289322000,SPY
2020-03-20,209.78201293945312,224.149511692918,209.50694631687315,222.37076338943308,347158800,SPY
2020-03-23,204.4182891845703,210.58888452735644,200.11812193421466,209.22274297641772,326025200,SPY
2020-03-24,222.939208984375,223.81025556170377,214.3663954320049,214.9348561536564,235494500,SPY
2020-03-25,226.27664184570312,235.04201992086357,219.82181757105965,224.5162352253458,299430300,SPY
2020-03-26,239.48886108398438,240.95584543670577,228.34877027705872,228.77970462542717,257632800,SPY
2020-03-27,232.35557556152344,239.13131375893414,230.18257586335054,232.21804924789328,224341200,SPY
2020-03-30,239.90150451660156,240.6166693743866,232.45644779685475,234.44607454125364,171369500,SPY
2020-03-31,236.32562255859375,241.4417963725967,234.9227984498402,238.90205096760556,194881100,SPY
2020-04-01,225.6898651123047,236.2431562593995,223.62688640381754,227.3677561407306,189554600,SPY
2020-04-02,230.897705078125,231.67704405266247,224.2594942177443,224.80962736839078,177660400,SPY
2020-04-03,227.56027221679688,232.26386743063676,224.83713961830722,229.91664470662855,135561200,SPY
2020-04-06,242.84457397460938,244.8067085904118,227.54187424205253,236.40809305783833,188061200,SPY
2020-04-07,243.0922088623047,252.16930817093797,242.8721667882083,251.4174604431951,201427200,SPY
2020-04-08,251.25241088867188,253.05866406664575,243.20221247709344,245.68694732221695,153774500,SPY
2020-04-09,255.07589721679688,257.82653581519105,252.5728060191188,254.50740840247016,189999200,SPY
2020-04-13,252.74697875976562,254.44321124594032,248.85024130979565,254.10397034489313,114839100,SPY
2020-04-14,260.20111083984375,261.21883314435115,252.60935350077392,257.6246829735061,134143400,SPY
2020-04-15,254.6724395751953,260.3387477403847,252.56360009643504,254.4982302449213,121775000,SPY
2020-04-16,255.90106201171875,256.7537531911925,252.83868798344852,255.9468947921866,131798300,SPY
2020-04-17,262.8143005371094,263.4194162623719,258.9267132107058,261.65902364519036,146684800,SPY
2020-04-20,258.18402099609375,262.95180422099605,257.9639789331066,259.1192277447229,100109300,SPY
2020-04-21,250.3447265625,254.92912296463592,249.40949178866583,253.72801334575112,126385700,SPY
2020-04-22,255.90106201171875,257.64312738360485,253.89309376267377,255.21340241905787,92951600,SPY
2020-04-23,255.88262939453125,260.33867676205836,255.58007157656192,257.17543239680975,104709700,SPY
2020-04-24,259.4493408203125,260.1186727932332,255.35088916404356,257.39554010912246,85063200,SPY
2020-04-27,263.190185546875,264.3087793852271,260.96217561684955,261.420615255831,77896600,SPY
2020-04-28,261.97991943359375,267.1786091367333,261.6773336103177,266.83019054311086,105270000,SPY
2020-04-29,268.8381652832031,270.36936598916276,266.27091449702925,267.2978148114988,118745600,SPY
2020-04-30,266.33502197265625,268.93895497474483,264.60210723194473,267.46276523477655,122901700,SPY
2020-05-01,259.2843322753906,266.5001686462375,258.11987753446385,261.59485828058166,125180000,SPY
2020-05-04,259.9994812011719,260.30203907180845,255.92853469244014,257.4046969992286,80873200,SPY
2020-05-05,262.4017639160156,265.2074131354292,260.1278925305998,262.81437091102384,79569900,SPY
2020-05-06,260.6228942871094,264.4829476132183,260.19195997415204,264.0978740455981,73632600,SPY
2020-05-07,263.7678527832031,265.6933050734505,263.2635803176103,263.8320410550969,75250400,SPY
2020-05-08,268.1322326660156,268.5998501465137,265.76666797978606,266.89443979354115,76452400,SPY
2020-05-11,268.1872253417969,269.56254444611375,265.7850057832069,266.20676247386785,79514200,SPY
2020-05-12,262.84185791015625,269.7826144420416,262.7043036007516,269.37003545665283,95870800,SPY
2020-05-13,258.1932373046875,263.31858964743844,255.7726623265701,262.2825114779081,144721100,SPY
2020-05-14,261.2831115722656,261.41146013220174,250.29888679853764,255.7635079143885,121977900,SPY
2020-05-15,262.4842834472656,262.5301162336093,257.9548961111286,258.899280953549,111146300,SPY
2020-05-18,270.4793701171875,272.0839087534759,268.37055910186746,268.6914444443786,119703800,SPY
2020-05-19,267.7012939453125,271.58885385664627,267.68296642946405,269.8834715117107,95189300,SPY
2020-05-20,272.24896240234375,273.1108311782877,271.00201999174817,271.2312398155431,85861700,SPY
2020-05-21,270.369384765625,272.92748596370774,269.278296110494,272.1206276660374,78293900,SPY
2020-05-22,270.8828430175781,271.0570523361643,268.8473696991475,270.08516244349306,63958200,SPY
2020-05-26,274.2203063964844,277.0718161691973,270.90120710948116,276.83341854716673,88951400,SPY
2020-05-27,278.30035400390625,278.3370370080894,272.1939349208289,277.0075509205538,104817400,SPY
2020-05-28,277.78692626953125,281.3352447299404,277.1175942986496,279.3272767982314,90405200,SPY
2020-05-29,279.0247802734375,279.61156861200794,274.57790903661964,277.31936982817837,119090800,SPY
2020-06-01,280.1524658203125,280.7576095309241,277.86944526100126,278.38289544316814,55758300,SPY
2020-06-02,282.47222900390625,282.5180897682759,279.7399459537755,281.06940446353366,74267200,SPY
2020-06-03,286.2312927246094,287.1848547633105,284.17749262364794,284.45254514398107,92567600,SPY
2020-06-04,285.4795227050781,286.98321817364206,283.3890390401753,285.2503028822557,75794400,SPY
2020-06-05,292.7961730957031,294.56574307144007,290.79738334131844,290.861571594763,150524700,SPY
2020-06-08,296.3353271484375,296.5278639188232,293.0620621472375,293.60301744179736,73641200,SPY
2020-06-09,294.1257019042969,296.408722278723,292.8145433136846,293.6764120455833,77479200,SPY
2020-06-10,292.4844970703125,295.59273133209695,291.76933233464445,294.7033572907335,95000800,SPY
2020-06-11,275.62310791015625,286.2039042091924,275.07300264511355,285.57125517345406,209243600,SPY
2020-06-12,278.9239196777344,283.38911860299044,273.7802388403364,282.61894313978905,194678900,SPY
2020-06-15,281.5278015136719,282.65557322051234,272.0747773753375,273.2483818586524,135782700,SPY
2020-06-16,286.94659423828125,289.4038525103005,282.0963219351536,289.2571484357814,137627500,SPY
2020-06-17,285.7546081542969,288.25769873534205,285.0210879201945,287.96429064170104,83398900,SPY
2020-06-18,285.8647155761719,286.341482886705,283.78340899366174,284.2418487856552,80828700,SPY
2020-06-19,284.2309875488281,289.5170263493881,282.2878438676283,289.32364222607004,135549600,SPY
2020-06-22,286.0543212890625,286.45030759053503,282.490388367676,283.6323128106449,74649400,SPY
2020-06-23,287.3712158203125,289.6274664668477,286.96601139314646,288.69733429029844,68471200,SPY
2020-06-24,280.04083251953125,285.953114826548,278.20822201391996,285.336089865643,132813500,SPY
2020-06-25,283.0429382324219,283.3100111754416,277.45298321689944,279.4697872300513,89468000,SPY
2020-06-26,276.3202819824219,282.1589024781775,275.7401296700566,281.94708210428337,127961000,SPY
2020-06-29,280.3814392089844,280.5195706737061,275.2887864464556,277.5726630447487,79773300,SPY
2020-06-30,283.97308349609375,285.6675903215087,279.792153347328,279.9486930198918,113394800,SPY
2020-07-01,285.9621887207031,287.2238644355757,284.62688035991766,285.087337333443,72396500,SPY
2020-07-02,287.5370178222656,290.7325908541107,286.8739585501112,289.38803604130976,69344200,SPY
2020-07-06,291.975830078125,292.55601050927066,290.6036769406393,291.3496151795207,61713800,SPY
2020-07-07,288.9645080566406,292.40871878523126,288.58692979485284,290.4379766600847,82910000,SPY
2020-07-08,291.1746520996094,291.28515730964824,287.9698885921955,289.7288100254336,54638600,SPY
2020-07-09,289.5169982910156,292.0218859318801,286.109604655345,291.7824392568342,83354200,SPY
2020-07-10,292.47314453125,292.74021752489676,288.02514120267125,289.4525470058198,57550400,SPY
2020-07-13,289.9406433105469,297.1882340667077,289.2868020526864,294.81228763297554,102997500,SPY
2020-07-14,293.6979675292969,294.4715320808562,287.32522893206374,288.522406144319,93657000,SPY
2020-07-15,296.3961486816406,297.49203848703377,294.0201750465289,296.9118582248771,87196500,SPY
2020-07-16,295.41998291015625,295.8712217355854,293.8544180117162,294.49906899438264,54622500,SPY
2020-07-17,296.2764892578125,297.0592718738817,294.4530691984586,296.42383888823116,62774900,SPY
2020-07-20,298.6708679199219,299.4168060932532,295.2634745052949,296.0094126786261,56308800,SPY
2020-07-21,299.3063049316406,301.0744442907489,298.3209200855165,300.632423503006,57292200,SPY
2020-07-22,301.0099182128906,301.3230536853919,298.83657479523924,298.947079971857,57792900,SPY
2020-07-23,297.41839599609375,301.35071700630476,296.05546117826077,300.65081332964456,75738000,SPY
2020-07-24,295.50299072265625,296.5251921252175,294.00189588834417,295.56746146986495,73766600,SPY
2020-07-27,297.65789794921875,297.8328739008944,295.40164684860423,296.193647698937,48293000,SPY
2020-07-28,295.77001953125,298.04467867981947,295.47532024869815,296.9303522871835,57495000,SPY
2020-07-29,299.4076232910156,299.9693955729184,296.60803622504216,296.64488066256155,48454200,SPY
2020-07-30,298.3393249511719,298.7537475391664,294.36099738513786,296.4422441472383,61861700,SPY
2020-07-31,300.69683837890625,300.7981535361253,295.9172923240878,300.1258761780566,84986800,SPY
2020-08-03,302.78741455078125,303.55176103880365,301.81124766050027,302.35458371421714,53077900,SPY
2020-08-04,303.9569091796875,303.9569091796875,301.9308868941844,301.9308868941844,41917900,SPY
2020-08-05,305.84478759765625,306.10267054186585,304.98834417548517,305.2554171505095,42697700,SPY
2020-08-06,307.8891906738281,308.00891400036295,304.9422824929676,305.2646080403921,43679400,SPY
2020-08-07,308.1102294921875,308.39571060773704,306.0197365507583,306.9222424636981,57308300,SPY
2020-08-10,309.0311279296875,309.21529387333,306.62752769620295,308.5614527808773,44282100,SPY
2020-08-11,306.4803161621094,310.84546974371733,305.75281398524015,310.21003652811766,69601100,SPY
2020-08-12,310.75323486328125,311.5267992817978,308.88378049251634,308.911406789461,53774400,SPY
2020-08-13,310.1915588378906,311.4992695414481,309.2706445155212,309.9889565628064,41816100,SPY
2020-08-14,310.20074462890625,310.73489061846544,309.07722814860483,309.80475825655594,47260400,SPY
2020-08-17,311.18609619140625,311.5820825212489,310.2099294645962,311.2137224910681,35481000,SPY
2020-08-18,311.8583679199219,312.281980541681,309.98888529540005,311.58207682428633,38733900,SPY
2020-08-19,310.5598449707031,312.75159673010216,309.9980728045905,312.23588712741235,68054200,SPY
2020-08-20,311.52679443359375,312.0056596078708,308.7087997728297,308.8377131218765,42207800,SPY
2020-08-21,312.6319580078125,312.85296841916903,310.85457226958493,311.1953341258538,55106600,SPY
2020-08-24,315.79998779296875,315.8736485813625,312.60441360589795,315.06323938864125,48588700,SPY
2020-08-25,316.90496826171875,316.9878471615432,315.2012714878101,316.36163229349035,38463400,SPY
2020-08-26,320.0821228027344,320.34916765874164,316.9510204608459,317.4943564112972,50790200,SPY
2020-08-27,320.781982421875,322.22782424225835,319.12434835411756,320.9477683119042,58034100,SPY
2020-08-28,322.85400390625,322.98294535067055,320.6161897272106,321.8041766053933,48588900,SPY
2020-08-31,321.6845397949219,323.5171500758055,321.4543112428884,322.6422984405211,66099200,SPY
2020-09-01,324.7143249511719,324.8156120146118,321.6200388879637,322.51332671022755,54908700,SPY
2020-09-02,329.4109802246094,330.3779287745175,325.47865908576307,326.6206116646277,69540000,SPY
2020-09-03,318.0745544433594,328.19539204398836,315.4959779391516,327.72571683022153,148011100,SPY
2020-09-04,315.4775085449219,320.32149696391184,308.38645966468334,318.75596006198134,139156300,SPY
2020-09-08,306.8576965332031,315.5419355103499,306.55380732805014,310.0808950128652,114465300,SPY
2020-09-09,312.9175109863281,315.3763366892966,309.98898184326697,310.8546436252173,91462300,SPY
2020-09-10,307.4840087890625,315.4406916483202,306.52625029812896,314.78685053527204,90569500,SPY
2020-09-11,307.64056396484375,310.32042738546795,304.8225690491499,309.26138178450964,84680200,SPY
2020-09-14,311.6925048828125,313.460671903459,307.7878390132974,310.7992172923929,65605700,SPY
2020-09-15,313.267333984375,314.9710024350509,311.70176891157143,314.14218543935834,52920900,SPY
2020-09-16,312.02410888671875,315.9287755119788,311.7478178059842,314.50136995908423,82096000,SPY
2020-09-17,309.27972412109375,310.99263860758003,306.65511385712773,307.1800415307334,91523300,SPY
2020-09-18,305.71917724609375,310.19424068358853,303.2412544546544,310.0832931282361,105877900,SPY
2020-09-21,302.31671142578125,302.4646509332724,297.471812475892,301.14247861932574,99450800,SPY
2020-09-22,305.3955383300781,305.95030428150574,301.29030979270976,303.79599750028683,63612100,SPY
2020-09-23,298.31317138671875,306.22775080288056,297.8138791281714,305.9503536740996,93112200,SPY
2020-09-24,299.1082458496094,302.15941605078405,295.68721289484193,297.0001579503366,76681300,SPY
2020-09-25,303.9439392089844,304.7298270780176,297.38852490576954,298.25762343564503,71069400,SPY
2020-09-28,308.9922180175781,309.70415018624124,307.1060252515909,308.0953544774506,64584600,SPY
2020-09-29,307.3094787597656,309.52851442541044,306.616028350716,308.78884527571864,51304000,SPY
2020-09-30,309.6395568847656,312.7831937729049,307.78110035892524,307.9752586146386,104081100,SPY
2020-10-01,311.6274719238281,313.1992764062935,309.7505333659049,312.2284568205525,88698700,SPY
2020-10-02,308.66864013671875,311.59963625667905,306.2184543549931,306.69000965854815,89431100,SPY
2020-10-05,314.1423034667969,314.3272066536649,310.675051276602,310.7212700191764,45713100,SPY
2020-10-06,309.6763916015625,316.37051739087525,309.1678726905185,314.2809115493329,90128900,SPY
2020-10-07,315.0667724609375,315.87117011844896,312.59807751729596,312.6258143945702,56999600,SPY
2020-10-08,317.8591613769531,317.9238901844621,316.083915987055,316.99928967685366,45242500,SPY
2020-10-09,320.6976623535156,321.15996256500506,318.88545342511554,319.5049199072346,59528600,SPY
2020-10-12,325.85693359375,327.3270449402805,322.74103455582997,323.23107167134015,80388500,SPY
2020-10-13,323.7303466796875,325.89390825718806,322.7687543508322,325.7182319216309,73255500,SPY
2020-10-14,321.6962585449219,325.39466069842285,320.96584443553525,324.30363883511666,57727900,SPY
2020-10-15,321.29864501953125,321.77942707857534,317.2581457104829,317.7944015372411,60357700,SPY
2020-10-16,321.1044921875,324.30360178414776,320.9288158479538,322.6485591089017,89501900,SPY
2020-10-19,316.2226257324219,322.99067994136914,315.3257621196153,322.36195837394564,68425600,SPY
2020-10-20,317.4894104003906,320.7255130289656,316.805214873939,317.56336604517907,60051900,SPY
2020-10-21,316.8883361816406,319.6066638803036,316.5832022185799,317.443073902537,63575000,SPY
2020-10-22,318.6265869140625,319.20908978421284,314.96517658013624,317.1010016263074,55399300,SPY
2020-10-23,319.7083435058594,319.9025017003484,317.25815794875194,319.8470279304944,49143900,SPY
2020-10-26,313.8001708984375,317.1194832403807,310.31440902526583,316.333567187947,91473000,SPY
2020-10-27,312.7184753417969,314.475211171502,312.5058070055164,314.1423684363601,65994100,SPY
2020-10-28,302.030029296875,312.7461466489848,301.5399921174108,307.05985871686283,127094300,SPY
2020-10-29,305.09967041015625,308.2617881868608,300.57836060996675,302.26114022168764,90597700,SPY
2020-10-30,301.91900634765625,304.8314918083679,298.27607870942455,303.52780192819796,120287300,SPY
2020-11-02,305.30303955078125,307.30015142841495,302.56620226434757,305.30303955078125,86068300,SPY
2020-11-03,310.6935729980469,312.7461876866935,305.38637399387943,308.5300107397287,93294200,SPY
2020-11-04,317.6373291015625,321.7055664962755,313.9851450876126,315.1593778065313,126959700,SPY
2020-11-05,323.83209228515625,325.63507467035436,322.55613899305547,322.907491721787,82039700,SPY
2020-11-06,323.75811767578125,325.0063340064699,321.4373613684711,323.5454494007083,74973000,SPY
2020-11-09,327.826416015625,336.90600149766686,327.36411567397204,336.5269118315226,172304200,SPY
2020-11-10,327.3455810546875,328.39961099114294,324.0817422973662,326.83703383089585,85552000,SPY
2020-11-11,329.7772521972656,330.60013191836515,328.2886308124271,329.5275920192219,58649000,SPY
2020-11-12,326.57818603515625,329.82354332955566,324.7752317067129,328.7694850499286,67546200,SPY
2020-11-13,331.0994873046875,331.8391565132532,327.965077662347,328.48285175165734,62892200,SPY
2020-11-16,335.232421875,335.42658008620566,332.4771021299016,333.762310414162,74541100,SPY
2020-11-17,333.429443359375,334.63144099542336,331.3213552496351,332.8284586496354,66111000,SPY
2020-11-18,329.41668701171875,334.2431030727179,329.3796950886092,333.69759212727365,70591300,SPY
2020-11-19,330.80352783203125,331.1733623463131,327.4472238872078,328.787905745115,59940900,SPY
2020-11-20,328.53826904296875,330.74807768636424,328.46431342145667,330.54466445649757,70417300,SPY
2020-11-23,330.5076904296875,331.7651617960009,328.1129784945893,330.34126910985094,63230600,SPY
2020-11-24,335.8333740234375,336.37888489880055,332.1997010545498,333.0503176608031,62415900,SPY
2020-11-25,335.3155822753906,335.7778824723925,334.2245605824417,335.750145589235,45330900,SPY
2020-11-27,336.24951171875,336.7210388362217,335.24167223686067,336.4066780190502,28514100,SPY
2020-11-30,334.7608642578125,335.7409385582566,332.08878340971694,335.47279650501997,83872700,SPY
2020-12-01,338.4222717285156,339.95711197569057,337.4144605490259,338.00621842500254,74231400,SPY
2020-12-02,339.1342468261719,339.2914131198718,336.73953476512753,337.3127825968703,45927000,SPY
2020-12-03,339.0418395996094,340.42874067685017,337.9415624876724,339.03258456312386,62882000,SPY
2020-12-04,341.9635314941406,341.9635314941406,339.53182744457604,339.6242931462519,50749900,SPY
2020-12-07,341.26080322265625,341.75084037057263,339.99410502237635,341.1960744141505,48944300,SPY
2020-12-08,342.2593994140625,342.8233922079248,339.9478980295718,339.99411677063375,42458900,SPY
2020-12-09,339.1897277832031,343.0730332820125,338.3575929060704,342.9158669849853,74098300,SPY
2020-12-10,339.0787353515625,340.1235101648178,336.9521373730438,337.8212640589187,57735400,SPY
2020-12-11,338.68109130859375,339.08791771318033,335.8703266070758,337.38665648334694,57698600,SPY
2020-12-14,337.16485595703125,341.9172883370529,336.98917958686485,340.84477647871296,69216200,SPY
2020-12-15,341.72308349609375,341.72308349609375,338.32981558066564,339.6982062143582,63865300,SPY
2020-12-16,342.2593994140625,343.17474493301853,341.05740176418556,341.93578357691985,58420500,SPY
2020-12-17,344.1733093261719,344.3767225815223,343.07303238358134,343.8959404400441,64119500,SPY
2020-12-18,342.79901123046875,344.62823947679175,340.7933577976849,344.4611087749372,136542300,SPY
2020-12-21,341.5733642578125,351.4159127548199,336.15997816972384,338.8898932592316,96386700,SPY
2020-12-22,340.9976501464844,342.0097572148125,339.87412260631737,341.8983367429737,47949000,SPY
2020-12-23,341.3040466308594,343.2075455979744,340.9790513997604,341.96330324011194,46201400,SPY
2020-12-24,342.63189697265625,342.6597520909689,341.1926686317637,341.77762611632846,26457900,SPY
2020-12-28,345.5754089355469,345.96538061700096,344.5540073036612,345.17611443159626,39000400,SPY
2020-12-29,344.9161071777344,347.2746111341923,344.33112134700883,347.0981859364546,53680500,SPY
2020-12-30,345.408203125,346.43889910302494,345.018231496331,345.73319837345264,49455300,SPY
2020-12-31,347.1632385253906,347.8875000497571,344.7026082398412,345.2132949330659,78520700,SPY
2021-01-04,342.43695068359375,348.6210426946345,338.7506384714175,348.4910332362678,110210800,SPY
2021-01-05,344.79534912109375,345.88175529048493,341.74973372476126,341.79617780811327,66426200,SPY
2021-01-06,346.8567199707031,350.0416393473608,342.743287286381,343.2911234562188,107997700,SPY
2021-01-07,352.0101623535156,352.75298437501374,349.0481120785787,349.2245372676321,68766800,SPY
2021-01-08,354.015869140625,354.22941562712896,350.1531317059406,353.3937336428552,71677200,SPY
2021-01-11,351.6295471191406,353.384476638568,350.72886031003054,350.8495752953006,51034700,SPY
2021-01-12,351.70379638671875,352.7159036317569,349.4660070637659,351.8152452148604,52547700,SPY
2021-01-13,352.65087890625,353.6443970420134,350.84950564563337,351.6294773146356,45303600,SPY
2021-01-14,351.4158935546875,353.8951124303812,351.0816321351394,353.3936919642144,49989100,SPY
2021-01-15,348.8531494140625,350.5987841141442,346.99606590019863,349.80025180486865,107160000,SPY
2021-01-19,351.59234619140625,352.13091630295105,349.8281224423444,351.3045005009363,51233300,SPY
2021-01-20,356.45794677734375,357.2936287805517,353.4866015027723,353.87657321374,61836100,SPY
2021-01-21,356.7829284667969,357.4422136144088,355.8636810590546,357.0150639404166,47840100,SPY
2021-01-22,355.5200500488281,356.6807271719311,354.5543587480902,354.9350642448892,52860500,SPY
2021-01-25,356.92218017578125,357.2750022410849,351.415906011499,356.25362897614195,70402000,SPY
2021-01-26,356.3650207519531,358.2778143535909,356.1328853310083,357.86925374578055,42665300,SPY
2021-01-27,347.65533447265625,353.14301984374345,345.4268398473695,353.05015999751345,123351100,SPY
2021-01-28,350.645263671875,354.6379822958076,349.02960991918064,349.46599738570745,94198100,SPY
2021-01-29,343.62548828125,349.75387014169314,341.95409595375736,348.7881786860428,126765100,SPY
2021-02-01,349.3453063964844,350.37597423640665,343.91333096928156,347.0146573120808,75817600,SPY
2021-02-02,354.2851257324219,355.83580306474755,349.42887007201125,352.52090191367535,64450700,SPY
2021-02-03,354.5636901855469,356.2814981741382,353.2915924599428,355.11152644432576,52427100,SPY
2021-02-04,358.5935363769531,358.63995212915546,354.67508910571235,355.59433635934124,47142600,SPY
2021-02-05,360.00494384765625,360.7106447040377,358.54715471512554,360.45994861198795,48669800,SPY
2021-02-08,362.6048889160156,362.6513046740329,360.59923510850524,361.4534777465929,38365200,SPY
2021-02-09,362.363525390625,362.95780588853523,361.36071247146884,361.7692448927148,35551100,SPY
2021-02-10,362.20556640625,364.24836966450124,359.8099410732521,364.09979957873327,59154400,SPY
2021-02-11,362.7905578613281,363.7005390243798,360.3670773709089,363.2826838806573,42913300,SPY
2021-02-12,364.5826416015625,364.82404318438233,361.9177030106144,361.9920022182859,50593300,SPY
2021-02-16,364.2669677734375,366.0033648900088,363.55200072791945,365.80835069289986,50972400,SPY
2021-02-17,364.3505554199219,364.6012515218009,361.5091912477151,362.5213268153556,52290600,SPY
2021-02-18,362.7998046875,363.542626693373,360.0327402924635,361.7505480599932,59712800,SPY
2021-02-19,362.1591796875,364.34125872083973,361.71346939446187,364.05341301185115,83241000,SPY
2021-02-22,359.3735046386719,361.77842431901905,359.1042196026477,359.4013597570989,67414200,SPY
2021-02-23,359.8099670410156,361.15636405887625,353.0316228676275,357.1729115862207,107284100,SPY
2021-02-24,363.7747802734375,364.2019298681405,357.7392590796617,358.7235110381606,72433900,SPY
2021-02-25,355.0093688964844,363.8769599629682,353.5701404616122,362.51200240283123,146670500,SPY
2021-02-26,353.1801452636719,358.0271345906392,351.20237503364604,356.8850463128118,152701600,SPY
2021-03-01,361.74127197265625,362.9855428178806,353.3751303176071,358.03639956573255,105348800,SPY
2021-03-02,358.9185791015625,362.19633073939394,358.41715856200267,361.964195274004,79595300,SPY
2021-03-03,354.1643981933594,359.1877840030245,354.06224386816876,358.22212100889243,119940200,SPY
2021-03-04,349.78167724609375,356.5600204671109,345.30609935501286,353.97867561907805,183433000,SPY
2021-03-05,356.21649169921875,357.2657484566025,346.01182648724296,353.27300175449477,152039600,SPY
2021-03-08,354.4429626464844,359.9770636155982,354.1644114525265,357.1728776946545,123149200,SPY
2021-03-09,359.5035705566406,362.04776622878813,357.77646793232316,358.27788847962165,113633600,SPY
2021-03-10,361.74127197265625,363.4312247093334,360.4320530796693,361.84342629734385,109899400,SPY
2021-03-11,365.4090881347656,367.37759240388004,363.7469902205475,364.2019950148293,86245000,SPY
2021-03-12,365.90118408203125,366.0404596864284,363.2455681020347,364.05339494438545,64653600,SPY
2021-03-15,368.0832214355469,368.3432119800072,364.0162042253978,366.151838816547,73427200,SPY
2021-03-16,367.61895751953125,369.401741761804,366.84825201962127,368.6960693202915,73722500,SPY
2021-03-17,368.8725891113281,369.67112159743425,365.1955425370876,366.3376593522936,97959300,SPY
2021-03-18,363.50555419921875,368.37110416522074,362.8277084837041,366.2911796002453,115349100,SPY
2021-03-19,362.8328857421875,364.77989041785,360.6622818583176,363.205513182998,113624500,SPY
2021-03-22,365.7301330566406,367.1088860050199,363.2893903689639,363.34528306947146,73778600,SPY
2021-03-23,362.85150146484375,366.54056140133423,362.0689753225367,365.096619429753,90686600,SPY
2021-03-24,361.007080078125,365.8792700256846,360.96051229403434,364.24899956726335,97588600,SPY
2021-03-25,363.0378723144531,363.82969504622673,357.63467436503356,359.5723827433269,116128600,SPY
2021-03-26,368.88824462890625,369.28881849367565,363.5875351124933,364.18373344592686,114409100,SPY
2021-03-29,368.70196533203125,369.60560209374427,365.9351623341809,367.4163760803508,108107600,SPY
2021-03-30,367.7237548828125,368.39449575639236,366.1307275395253,367.4349664373488,76262200,SPY
2021-03-31,369.21429443359375,370.7700506223906,368.2640899656706,368.29203631973724,112734200,SPY
2021-04-01,373.2014465332031,373.25736766767085,370.93770669938243,371.14265609357545,99682900,SPY
2021-04-05,378.5580749511719,379.09840904135075,375.7819756542243,375.8564897892532,91684800,SPY
2021-04-06,378.33447265625,379.3778410378448,377.663731778131,377.9991164320186,62021000,SPY
2021-04-07,378.7723693847656,379.11705058317233,377.7103794337197,378.16684605543014,55836300,SPY
2021-04-08,380.57025146484375,380.62614416673193,379.08903800549706,380.02062094317336,57863100,SPY
2021-04-09,383.3369445800781,383.50465106755945,380.32795074467833,380.4490610407743,61104600,SPY
2021-04-12,383.4768371582031,383.7469757570129,382.135355372954,382.74087863290447,56704900,SPY
2021-04-13,384.61334228515625,385.2375154018544,382.9923969687516,383.37434940887186,56551000,SPY
2021-04-14,383.29986572265625,385.6381198974038,382.7595316211662,384.585426479011,61659900,SPY
2021-04-15,387.41741943359375,387.6875864651336,385.3865753074208,385.43314308577106,60229800,SPY
2021-04-16,388.71234130859375,389.3178645876654,387.28702042046496,388.70301638087244,82037300,SPY
2021-04-19,386.8026123046875,388.227933315343,385.4797802188034,387.78079162080644,78498500,SPY
2021-04-20,383.9704895019531,386.6906953170872,382.49857277913424,385.59143445247344,81851800,SPY
2021-04-21,387.6037292480469,387.80867863656937,383.2159530341772,383.3557132219947,66793000,SPY
2021-04-22,384.06365966796875,388.2651075101176,383.0016699793457,387.43601353904774,97582800,SPY
2021-04-23,388.22796630859375,389.6346660114109,384.54822979616995,384.6227439417052,73209200,SPY
2021-04-26,389.038330078125,389.60661044348035,388.29307511302295,388.87997690212677,52182400,SPY
2021-04-27,388.9544372558594,389.53204246806536,387.8179051119229,389.336389612309,51303100,SPY
2021-04-28,388.8427734375,390.34263698563,388.3769818956655,389.2247259133634,51238900,SPY
2021-04-29,391.32073974609375,391.9355879172904,387.9484139465216,391.56296041556226,78544300,SPY
2021-04-30,388.7496337890625,389.90481621732505,387.8553219330377,389.05707214653626,85527000,SPY
2021-05-03,389.5880126953125,391.1157939955126,389.0942748542552,390.7338415630485,68128300,SPY
2021-05-04,387.1845397949219,388.09750141176715,383.5048038327527,387.60376353614816,101591200,SPY
2021-05-05,387.3056335449219,389.0570141395226,386.7466780571217,388.8241183887439,60162200,SPY
2021-05-06,390.39849853515625,390.52890537303807,385.3772524687335,387.38015025282107,74321400,SPY
2021-05-07,393.23980712890625,393.8919265936675,390.4823294392389,391.16239525650957,67733800,SPY
2021-05-10,389.3458557128906,393.8174433660176,389.224745357218,393.5938725122595,81852400,SPY
2021-05-11,385.8709716796875,386.8584473474661,382.0049080638009,384.8369282355566,116888000,SPY
2021-05-12,377.6730041503906,384.36176214635805,376.3594689289566,383.09482312490945,134811000,SPY
2021-05-13,382.2098693847656,384.1382530041698,379.1728997288725,379.21949593633536,106394000,SPY
2021-05-14,388.07879638671875,388.92654024691893,384.91142017662577,384.93936652675745,82201600,SPY
2021-05-17,387.0913391113281,387.9018401628468,385.07911651757036,386.97025720812496,65129200,SPY
2021-05-18,383.75634765625,387.59446551118776,383.5979660188922,387.352244805697,59810200,SPY
2021-05-19,382.75018310546875,382.9271861523255,377.5985301803542,379.0797721892408,106467100,SPY
2021-05-20,386.8678283691406,388.12547123922195,383.5048270266521,383.6259089486558,78022200,SPY
2021-05-21,386.55108642578125,389.5880563714277,386.09461981296676,388.34903495141754,76578700,SPY
2021-05-24,390.4916687011719,391.5629834929008,388.54463516280316,388.7868558465473,51376700,SPY
2021-05-25,389.6252746582031,391.9262858634761,389.0476977323679,391.57227976579446,57451400,SPY
2021-05-26,390.39849853515625,390.90153289083105,389.1781270673312,390.21217056143115,43088600,SPY
2021-05-27,390.60345458984375,391.9356114927395,390.3239626244938,391.4232522007512,56707700,SPY
2021-05-28,391.3021545410156,392.4293620777178,391.0692587771713,392.1685199593985,58520200,SPY
2021-06-01,390.95745849609375,393.7987753351119,390.5196133395258,393.65904356804924,54216600,SPY
2021-06-02,391.5722961425781,392.410743642536,390.60347022695476,391.6095674253817,49097100,SPY
2021-06-03,390.11895751953125,391.2554897851653,387.7993252155161,389.26191717934057,58138800,SPY
2021-06-04,393.6868591308594,393.9849724213256,390.18409904200206,391.9634254305589,55938800,SPY
2021-06-07,393.3050842285156,393.8547148640748,392.3735010978064,393.67771179486715,51555000,SPY
2021-06-08,393.3888854980469,394.2552509032389,391.5629906976117,394.1620869131879,47134300,SPY
2021-06-09,392.802001953125,394.30186550282065,392.5784311103021,394.22732293544,48436300,SPY
2021-06-10,394.6278991699219,395.5781321168516,392.70884027859677,394.0223758472598,51020100,SPY
2021-06-11,395.2799072265625,395.39169261710816,393.891857911201,395.17744676177955,45570800,SPY
2021-06-14,396.1650695800781,396.2675300829562,394.15284651314926,395.39183962522804,42358500,SPY
2021-06-15,395.4383850097656,396.3513182077345,394.5626946646038,396.31407535492747,51508500,SPY
2021-06-16,393.23046875,395.8016468115362,391.19032822728997,395.57807599910893,80386100,SPY
2021-06-17,393.1000671386719,394.0782178856841,390.63137795315737,392.82060361942723,90949700,SPY
2021-06-18,387.7969665527344,390.51671667728624,387.5913466663332,389.82509911514796,118676300,SPY
2021-06-21,393.3486633300781,393.53560087943845,388.7409408172673,389.5540649639203,72822000,SPY
2021-06-22,395.4515380859375,396.28337300789326,392.6196085187923,393.339292332768,57700300,SPY
2021-06-23,394.9748840332031,396.33008124420775,394.8907707047403,395.52631264601126,49445400,SPY
2021-06-24,397.31158447265625,397.7321512462469,396.86295139148933,397.115319978314,45110300,SPY
2021-06-25,398.7228088378906,399.1714418641056,397.73210252899935,398.05922899461444,58129500,SPY
2021-06-28,399.5265808105469,399.6948074887242,398.0498768754374,399.2462030135846,53159600,SPY
2021-06-29,399.7415466308594,400.545315311481,399.20880030663477,399.9097733050363,35970500,SPY
2021-06-30,400.0780944824219,400.75102986074927,399.25561473972493,399.28365252537725,64827900,SPY
2021-07-01,402.2930908203125,402.4519905914438,400.76963819499144,400.83506919032,53441000,SPY
2021-07-02,405.3680725097656,405.72323677808726,402.37724253484845,403.45209077508554,57697700,SPY
2021-07-06,404.6296691894531,405.63908633581775,401.90056347036705,405.42411100289456,68710400,SPY
2021-07-07,406.0596923828125,406.34009873848606,403.3025486160357,405.31199914635374,63549500,SPY
2021-07-08,402.75103759765625,403.50808611480505,399.57327068511836,400.7509143885333,97595200,SPY
2021-07-09,407.0503234863281,407.3494121346729,402.55475241821676,404.2557870176814,76238600,SPY
2021-07-12,408.5083312988281,408.7606998160739,406.5362744179092,406.9661965088275,52889600,SPY
2021-07-13,407.11578369140625,409.2187027689948,406.85408823599073,407.72328794262097,52911300,SPY
2021-07-14,407.7232971191406,409.29349840963926,406.4802508086064,408.8074721795963,64130400,SPY
2021-07-15,406.33074951171875,407.059760411339,404.4334500856128,406.3868250791765,55126400,SPY
2021-07-16,403.1437072753906,407.5551664644616,402.7511782522762,407.5084463264103,75874700,SPY
2021-07-19,397.1900634765625,403.209088281005,394.38617099707693,398.33031422579336,147987000,SPY
2021-07-20,402.8819580078125,404.1530707517098,397.0591977452092,397.8536396448114,99608200,SPY
2021-07-21,406.143798828125,406.28401626491234,402.83522636423976,404.0782727663207,64724400,SPY
2021-07-22,406.9943542480469,407.2373674036416,405.34006786173984,406.32141887481384,47878500,SPY
2021-07-23,411.18145751953125,411.5179109011736,408.2373763394922,408.91963853760046,63766600,SPY
2021-07-26,412.1908264160156,412.20018185039044,410.5458957579973,410.59261588453984,43719200,SPY
2021-07-27,410.312255859375,411.1814556139232,407.48965273178777,411.15341783224966,67397100,SPY
2021-07-28,410.1439514160156,411.51785959844165,408.72332311063053,410.93839316496434,52472400,SPY
2021-07-29,411.8450012207031,412.91982079238494,411.05991487644866,411.06927031045103,47435300,SPY
2021-07-30,409.8449401855469,411.29360644207577,409.1532940336554,409.28415602981516,68951200,SPY
2021-08-02,408.9850769042969,412.10674026622047,408.62991264660883,411.5553115323718,58783300,SPY
2021-08-03,412.3124084472656,412.4339150257173,407.5925338958521,409.77956673996874,58053900,SPY
2021-08-04,410.2841796875,412.28427447929056,410.0505220211944,411.03187281061224,46732200,SPY
2021-08-05,412.8824462890625,412.96655962509095,411.1253360982536,411.4431070974712,38969700,SPY
2021-08-06,413.5648193359375,413.98541465155415,412.91992173075016,413.2003281153851,46930000,SPY
2021-08-09,413.2283020019531,413.8544886377314,412.4618979342041,413.53671760242094,41222600,SPY
2021-08-10,413.74237060546875,414.4526991663154,412.9946773475972,413.6769396016709,43339300,SPY
2021-08-11,414.7704162597656,414.8638850355054,413.6862412110491,414.80780947459465,44034300,SPY
2021-08-12,416.013427734375,416.15364514758056,413.72359979508303,414.6208372172166,38909400,SPY
2021-08-13,416.7705383300781,416.7892206760995,415.9760965228515,416.4620942233985,39470300,SPY
2021-08-16,417.7518615722656,417.88269503110484,413.91987021373245,415.4713605109986,73740000,SPY
2021-08-17,415.0134582519531,415.87330259419554,412.03198379117543,415.2003672937734,92673900,SPY
2021-08-18,410.4710998535156,415.56484852636714,410.2281152693712,414.00400272308775,89351900,SPY
2021-08-19,411.106689453125,412.30304425730367,407.6111793930043,407.7513683082851,92812200,SPY
2021-08-20,414.3778991699219,414.7050256555393,410.96650244315384,411.45252871527185,72008700,SPY
2021-08-23,418.02294921875,418.9295421673049,414.45265298648917,416.0602189821948,54973000,SPY
2021-08-24,418.6865539550781,419.2193003480419,418.17251843232447,418.6865539550781,38744700,SPY
2021-08-25,419.5651550292969,420.0791906082296,418.49966212692135,418.8735372999682,40529700,SPY
2021-08-26,417.0882873535156,419.5183042507706,416.9948185830064,419.2846465858296,57829600,SPY
2021-08-27,420.81744384765625,421.1912903975135,417.83596983708355,417.89204539342893,77235100,SPY
2021-08-30,422.6680908203125,423.4531772582027,421.24743377041483,421.4904469021432,48357400,SPY
2021-08-31,422.04180908203125,422.91100873089704,421.4436603048322,422.57455539172196,59300200,SPY
2021-09-01,422.26617431640625,423.49053835442544,422.03251662178167,422.97650283531857,48721400,SPY
2021-09-02,423.5653381347656,424.369106938718,422.36901184150173,423.68684470342555,42501000,SPY
2021-09-03,423.4625549316406,423.9766190394055,422.03257079787886,422.434483761454,47170500,SPY
2021-09-07,421.94842529296875,423.21018261431715,421.2754899564276,423.1167138270563,51671500,SPY
2021-09-08,421.4344177246094,422.144746327745,419.518407287907,421.41573537498465,56181900,SPY
2021-09-09,419.6305236816406,422.9858446456514,419.38751055980504,421.23808970978325,57970400,SPY
2021-09-10,416.32196044921875,421.9764655786585,416.2004538773262,421.5558988174952,89948200,SPY
2021-09-13,417.38739013671875,419.57445120398825,415.07885103030503,419.31275573342043,83738600,SPY
2021-09-14,415.13494873046875,419.03234294728094,414.2470381175579,418.82672304337876,78197100,SPY
2021-09-15,418.6024169921875,419.0977701394543,414.4526542585058,415.5555116773011,78792200,SPY
2021-09-16,417.9388122558594,419.0509965202967,414.99470280608074,418.0790011528334,77786700,SPY
2021-09-17,413.8676452636719,417.5900174422534,413.5113432060983,417.16810338516024,118425000,SPY
2021-09-20,406.966796875,409.3296017705494,402.10987722418974,407.7543985068498,166445500,SPY
2021-09-21,406.5823059082031,410.59533949300106,406.0572382327374,409.30141250201683,92526100,SPY
2021-09-22,410.5484619140625,412.5831207202877,406.69483696311266,408.85136298150707,102350100,SPY
2021-09-23,415.53662109375,417.1399803704705,412.17993634176355,412.41434258074156,76396000,SPY
2021-09-24,416.2210998535156,416.9337039803391,413.6895010133059,413.90516505538227,62094800,SPY
2021-09-27,415.0303649902344,416.35239112758217,414.33650299714867,415.1897452245322,61371100,SPY
2021-09-28,406.666748046875,412.5925453791143,405.93540163406385,412.2643708805607,130436300,SPY
2021-09-29,407.35113525390625,409.7795802277792,406.7885546104285,408.0449684995728,82329200,SPY
2021-09-30,402.3724365234375,409.5264917761639,402.0348766187246,408.8232729732289,140506000,SPY
2021-10-01,407.1542053222656,408.8325618141087,400.5814745875316,404.0975677717047,129240100,SPY
2021-10-04,401.90362548828125,406.89176913571015,399.76581284989487,405.9916570765266,128570000,SPY
2021-10-05,406.0852966308594,408.32620496853116,402.60671672021107,403.40367488941024,90682500,SPY
2021-10-06,407.77313232421875,407.9794109817039,400.8722256266175,402.4942986652522,113032200,SPY
2021-10-07,411.2985534667969,414.1301704422201,410.86725401277494,411.0454050378357,72437500,SPY
2021-10-08,410.5484619140625,412.45186810178103,409.92026919841044,412.06743842451107,74557400,SPY
2021-10-11,407.5762023925781,412.7987803671197,407.5105617770027,409.8921372238028,65233300,SPY
2021-10-12,406.57293701171875,408.89825725037673,405.7853354665387,408.4950853785661,71181200,SPY
2021-10-13,408.03564453125,408.8513737107969,404.62270437794365,407.59495963247764,72974000,SPY
2021-10-14,414.8991394042969,415.04916286579004,411.22363613283864,411.69244871973615,70236800,SPY
2021-10-15,418.0588073730469,418.42449481685196,416.3898362044381,417.00867206884914,66260200,SPY
2021-10-18,419.29656982421875,419.6341011247243,415.6210668502245,416.2774158643815,62213200,SPY
2021-10-19,422.5313720703125,422.59698407803893,420.30917663549167,420.9186558175996,46996800,SPY
2021-10-20,424.19091796875,424.4909648278342,422.878248727811,422.99075914645675,49571600,SPY
2021-10-21,425.2972717285156,425.52229254631413,423.15948811730703,423.5907875561012,41305400,SPY
2021-10-22,424.85662841796875,426.30996431243693,422.91573783259383,424.86601382430814,58845100,SPY
2021-10-25,427.1350402832031,427.4632147429343,424.17217058163135,425.9442668817109,45214500,SPY
2021-10-26,427.51947021484375,429.8916602272119,427.144425952367,428.68214462677764,56075100,SPY
2021-10-27,425.62548828125,428.6446418796485,425.55046225853243,427.9789361517596,72438000,SPY
2021-10-28,429.7322692871094,429.8072666921166,427.04129028806375,427.05064707991323,51437900,SPY
2021-10-29,430.6042785644531,430.8949400235168,427.14444004690756,427.43510150597126,70162400,SPY
2021-11-01,431.3450012207031,431.96383713747196,429.61977470154915,431.5887642564896,48433600,SPY
2021-11-02,433.0890197753906,433.3984520764042,431.38253525829714,431.51381650455664,48908400,SPY
2021-11-03,435.7330627441406,436.1362346004919,432.0856879971298,432.5263728629684,52509800,SPY
2021-11-04,437.7864685058594,437.87085131761023,435.9862160130472,436.33313266603705,52847100,SPY
2021-11-05,439.30548095703125,441.2932415636286,437.7959183013962,440.00869977242445,66390600,SPY
2021-11-08,439.680419921875,440.89934941159646,438.99597208520896,440.4024093790137,50405200,SPY
2021-11-09,438.2271728515625,440.2805738708811,436.8207353651275,440.0461676231419,51149100,SPY
2021-11-10,434.7016296386719,438.2271082413826,433.2201949615556,436.53936633806717,69429700,SPY
2021-11-11,434.84228515625,436.26749330276374,434.8235429594951,436.19246728766257,34848500,SPY
2021-11-12,438.1239929199219,438.67718819768925,435.161094692695,436.1081050332003,53466700,SPY
2021-11-15,438.2740478515625,439.56797493267015,437.14891501750157,439.40859470618256,46980500,SPY
2021-11-16,440.0086669921875,441.1431852512349,437.9365237158013,438.01152112700873,48857500,SPY
2021-11-17,438.9398498535156,439.9243448118025,438.32101382308866,439.7461937448289,47858300,SPY
2021-11-18,440.43060302734375,440.69313688366196,437.25204053194824,439.97114731825366,50625600,SPY
2021-11-19,439.6429443359375,441.56506389702315,439.277256897484,440.3180067810075,57315600,SPY
2021-11-22,438.4053039550781,444.00292604113224,438.1990253218852,441.518225650883,72762000,SPY
2021-11-23,438.98663330078125,439.83987544998917,435.4799250989726,438.07713594296996,73206500,SPY
2021-11-24,440.15869140625,440.2805872370219,436.17378507370955,436.98951426235885,61858800,SPY
2021-11-26,430.34173583984375,434.96422009835896,429.21657442443677,433.50152742675596,112669600,SPY
2021-11-29,435.6206359863281,437.458373207534,432.92965647319335,435.1236958178473,86268800,SPY
2021-11-30,427.1443786621094,435.08606236584416,426.9005870421709,433.1826850458105,148559600,SPY
2021-12-01,422.4000549316406,435.6862135337651,422.2031616971008,432.84521097923056,131939200,SPY
2021-12-02,428.8697509765625,430.43559761503457,422.22199189385464,422.61580705905556,127637800,SPY
2021-12-03,425.1379089355469,431.58874442702455,420.9185967447433,430.5292522904625,137331600,SPY
2021-12-06,430.1729431152344,432.04819294676213,425.2691545047344,427.6788574056175,98977500,SPY
2021-12-07,439.0709533691406,439.63353398882253,430.04162169606445,435.44234986254867,95484700,SPY
2021-12-08,440.2337646484375,440.68383503634107,437.7115506226162,439.464933746754,72238800,SPY
2021-12-09,437.2613830566406,440.3367916207848,437.0644898372222,438.9490964511675,61272600,SPY
2021-12-10,441.3775634765625,441.52758690349503,437.41142821807136,439.9617692478392,77159800,SPY
2021-12-13,437.4677429199219,441.2088578538092,437.1864382259011,440.8619411504924,87724700,SPY
2021-12-14,434.4579772949219,436.6895297380061,431.5419768029253,434.2048288045905,97264100,SPY
2021-12-15,441.2463684082031,441.49013147147207,432.0013702393154,434.51422720060384,116899300,SPY
2021-12-16,437.3552551269531,443.3747924623618,435.8081507648726,443.09351636782804,116568600,SPY
2021-12-17,432.70050048828125,437.2827723193572,430.997439062657,434.28123782567144,135511600,SPY
2021-12-20,428.09942626953125,428.4945962518149,424.4863000014907,427.62896667138153,107134800,SPY
2021-12-21,435.7019958496094,435.84312797159805,429.3507919289712,431.5148943716561,69806300,SPY
2021-12-22,440.05841064453125,440.17131633051764,435.25029960943573,435.44791327448115,58890200,SPY
2021-12-23,442.7965087890625,444.2925666264492,440.9523154989883,441.0558028110541,56439700,SPY
2021-12-27,449.06304931640625,449.11008378457836,444.12322414632985,444.17025861450196,56808600,SPY
2021-12-28,448.69610595703125,450.5214913868531,447.93396375035627,449.4958929694086,47274600,SPY
2021-12-29,449.2701110839844,450.28629118812887,447.8022794254561,448.79965148280036,54503000,SPY
2021-12-30,448.028076171875,450.70028317333333,447.5670349664784,449.693492768275,55329000,SPY
2021-12-31,446.8988952636719,448.68663568101795,446.6260494189647,447.53874202831184,65237400,SPY
2022-01-03,449.4864196777344,449.6181621243115,445.8544860219246,448.15972040589463,72668200,SPY
2022-01-04,449.3359069824219,451.6223622300133,447.4822951975026,450.9072545217483,71178700,SPY
2022-01-05,440.7076416015625,449.7404696581306,440.61354395954817,448.9689091940095,104538900,SPY
2022-01-06,440.2936706542969,443.0035221624816,437.9319546066855,440.2466361867598,86858900,SPY
2022-01-07,438.552978515625,441.47925183914367,437.1980527186537,440.3031029677847,85111600,SPY
2022-01-10,438.00726318359375,438.2236562011222,429.62367048499374,435.36328278709937,119362000,SPY
2022-01-11,441.99676513671875,442.0908627934465,434.751676287286,437.7438209696161,74303100,SPY
2022-01-12,443.191650390625,445.2428756029094,441.2345515344107,443.72798110407143,67605400,SPY
2022-01-13,437.08514404296875,444.9418241930247,436.05954567988096,444.29258772329274,91173100,SPY
2022-01-14,437.2638854980469,437.6120209390258,432.7286489573756,433.9424425259686,95890900,SPY
2022-01-18,429.5201416015625,432.7851319574491,428.4098639787604,432.578128611285,109709100,SPY
2022-01-19,425.0602111816406,432.45582165960354,424.7873365975809,431.0632797435182,109357600,SPY
2022-01-20,420.3556213378906,431.6372325182061,418.2385532953383,426.9420552480534,122379700,SPY
2022-01-21,412.103759765625,421.58821170548157,412.0755333410702,419.2359139440063,202271200,SPY
2022-01-24,413.8538513183594,414.36195566976323,395.90112761933347,406.5052754832323,251783900,SPY
2022-01-25,408.8011169433594,413.7409421509055,401.9135823339121,407.47441758472695,167997300,SPY
2022-01-26,407.77557373046875,417.80577600170864,403.52260050405795,414.6819173184066,186391100,SPY
2022-01-27,405.761962890625,415.50048178403745,404.07773829561154,412.36723366568094,149878300,SPY
2022-01-28,415.8392333984375,415.88626787051186,402.54404110046244,407.1168944257264,164457400,SPY
2022-01-31,423.3288879394531,423.67702338927,413.82559991033423,415.1711072435179,152251400,SPY
2022-02-01,426.1893005371094,426.8291186076498,420.5343677869096,424.053395889453,123155400,SPY
2022-02-02,430.3293151855469,431.0538124863708,426.2833462117449,428.58860927324656,117361000,SPY
2022-02-03,420.2144775390625,426.20812763649417,419.37704575360794,424.3074813838875,118024400,SPY
2022-02-04,422.1904602050781,426.0293979401201,417.60815954090174,419.9792943228935,118454400,SPY
2022-02-07,420.8354797363281,424.3450895509773,419.50878037886775,422.95254768054906,84472900,SPY
2022-02-08,424.29803466796875,425.2201456654425,418.91597660458353,420.33677354523064,81012000,SPY
2022-02-09,430.5081481933594,430.8280572528607,428.1276239352286,428.3252089130967,92589900,SPY
2022-02-10,422.77374267578125,430.6680383540824,420.778998939607,424.67438876665915,140103700,SPY
2022-02-11,414.437255859375,424.92849902096657,413.0070690365457,422.85849404433793,153214600,SPY
2022-02-14,413.0823059082031,415.50989334254666,409.61973040303707,413.9291560964369,123006300,SPY
2022-02-15,419.7439880371094,419.91334657222757,416.99649181538837,417.51401451434305,88482700,SPY
2022-02-16,420.2144775390625,421.588211390658,415.82979106919817,417.70221089727113,84863600,SPY
2022-02-17,411.238037109375,420.1861855804149,410.6358639083822,417.0341013310905,102259100,SPY
2022-02-18,408.57525634765625,412.7435205102697,406.30763817495443,411.4920821949047,132642900,SPY
2022-02-22,404.1905822753906,409.77022506154026,400.6997521061171,406.37352124987865,124391800,SPY
2022-02-23,397.0208435058594,407.6626367061376,396.45628627766916,407.0980794779474,132578000,SPY
2022-02-24,402.9956359863281,403.42847944353576,386.3790300752348,386.7365552102814,213942900,SPY
2022-02-25,411.8873596191406,411.97203889724267,402.5816554040874,404.2282639234101,121804500,SPY
2022-02-28,410.8334655761719,412.31071529051957,405.2538228246702,406.5052324542038,145615000,SPY
2022-03-01,404.576416015625,411.3416268267393,401.8759540045587,409.3374644946176,137785900,SPY
2022-03-02,412.01904296875,413.74091213892484,406.0724278778105,406.825151607102,117726500,SPY
2022-03-03,409.9678649902344,415.0488225356622,408.1707060110163,414.44664922565886,105501700,SPY
2022-03-04,406.63702392578125,407.7661096277124,402.60047290853925,406.2418252656333,113978200,SPY
2022-03-07,394.64971923828125,406.75934432063025,394.58384800510765,406.05365494553234,137896600,SPY
2022-03-08,391.6575622558594,401.9700272063481,390.5943191141427,394.82845492231417,164772700,SPY
2022-03-09,402.1582336425781,404.134169484024,397.8394184443937,400.02235763522094,116990800,SPY
2022-03-10,400.34222412109375,401.2360799371363,395.5999843486872,397.55708322285636,93972700,SPY
2022-03-11,395.2518615722656,403.43783985789673,394.7437572588801,402.8262482347944,95636300,SPY
2022-03-14,392.36322021484375,399.4671471285895,391.2247162730047,396.02340888185535,95729200,SPY
2022-03-15,400.9915466308594,401.6219464123901,393.6994228575472,394.96964080123826,106219100,SPY
2022-03-16,409.8831787109375,409.9396315604553,399.7024270341616,404.4917305799787,144954800,SPY
2022-03-17,415.0111389160156,415.0111389160156,407.5966928036644,407.97305465049794,102676900,SPY
2022-03-18,419.556640625,419.87754345248976,412.666605461863,413.40280107875645,106345500,SPY
2022-03-21,419.4339904785156,421.38772166865976,415.93231566706595,419.3867810928451,88349800,SPY
2022-03-22,424.34197998046875,425.27637447242336,420.8214384644653,420.8214384644653,74650400,SPY
2022-03-23,418.8771667480469,423.3037890750717,418.79222440449075,421.8125310374547,79426100,SPY
2022-03-24,425.1914367675781,425.200884406194,419.7832397355188,420.8969665486931,64736900,SPY
2022-03-25,427.26788330078125,427.54160557531713,423.24710673053914,425.8238060374059,77101300,SPY
2022-03-28,430.3070983886719,430.3070983886719,424.7856157896072,426.6733001787727,68529800,SPY
2022-03-29,435.6302795410156,436.12109583341436,431.5056944584846,434.1862023802521,86581500,SPY
2022-03-30,432.94036865234375,435.2999738252827,430.8355904687236,434.48825466782915,79666900,SPY
2022-03-31,426.2768249511719,432.996975544084,425.823770410925,432.1758375929519,121699900,SPY
2022-04-01,427.4850158691406,427.99466991123313,423.91729355560483,427.8530993439852,89048800,SPY
2022-04-04,431.1471252441406,431.2509628688752,426.8621021980193,427.6832403411355,59601000,SPY
2022-04-05,425.7010803222656,432.11919476582733,424.55903950236103,429.65578083151576,74214500,SPY
2022-04-06,421.44439697265625,423.71906006741074,418.5656898647818,421.7936427720497,106898000,SPY
2022-04-07,423.56805419921875,425.38024389891154,418.6223302828864,420.56664291276263,78097200,SPY
2022-04-08,422.43536376953125,425.32351793680107,420.89689672672466,422.81289480244646,79272700,SPY
2022-04-11,415.2151184082031,420.0098246314558,414.7148831400068,419.16979115637787,89770500,SPY
2022-04-12,413.67657470703125,420.71762892299597,412.12865978994853,418.1975577653763,84363600,SPY
2022-04-13,418.4146728515625,419.16973507105604,413.25185499529334,413.4311873130841,74070400,SPY
2022-04-14,413.2046813964844,419.7549485147844,413.1008437773758,418.64119283709516,97869500,SPY
2022-04-18,413.3746032714844,415.0546413726437,411.1471205194664,412.27974277354747,66002500,SPY
2022-04-19,420.0475158691406,420.76481631207815,413.10082271070314,413.2707073837323,77821000,SPY
2022-04-20,419.7360534667969,422.4354571159878,418.5751460041488,421.8219654514646,65224400,SPY
2022-04-21,413.4594421386719,424.73836604910855,412.5533618444505,423.3509170968134,85417300,SPY
2022-04-22,402.1144714355469,413.478308876768,401.54816044987837,412.374029818299,132471800,SPY
2022-04-25,404.44586181640625,404.61574651272133,395.3188943584106,399.87766866932645,119647700,SPY
2022-04-26,392.73272705078125,402.1145203899857,392.70441293823944,401.9162927984164,103996300,SPY
2022-04-27,393.8370361328125,399.1697677643689,391.7039722839688,393.8087220181219,122030000,SPY
2022-04-28,403.7851257324219,405.51237307337215,394.1485050200903,398.5751272035263,105449100,SPY
2022-04-29,388.86297607421875,401.9540624319965,388.11733269096055,399.8021034252902,145491100,SPY
2022-05-02,391.20367431640625,392.5628092111438,382.2749075321882,388.92901145512707,158312500,SPY
2022-05-03,392.99700927734375,395.4037953011167,390.1465874755705,391.7039501067172,100028200,SPY
2022-05-04,404.9649353027344,405.53124638806986,390.4769516548114,393.65769528593023,144247900,SPY
2022-05-05,390.5712890625,401.132884248546,386.4467037789483,400.7081437907731,172929100,SPY
2022-05-06,388.24005126953125,391.50573725161655,382.9451102963641,388.01353835630266,151770800,SPY
2022-05-09,375.80963134765625,383.5868812355381,374.23340232623997,382.35045035687074,155586100,SPY
2022-05-10,376.677978515625,383.2754262479383,372.6477827083813,381.7747206128694,132497200,SPY
2022-05-11,370.69403076171875,381.35001745771194,369.94838734516037,375.7152782695393,142361000,SPY
2022-05-12,370.3069763183594,373.57266165703663,363.5207498600562,367.5037643543331,125090800,SPY
2022-05-13,379.1602783203125,380.53827982576547,373.3933876739787,374.43161982347493,104174400,SPY
2022-05-16,377.6217956542969,381.28390774009296,375.271637959596,377.51798684544667,78622400,SPY
2022-05-17,385.3896484375,385.62560898408395,379.9719747013643,383.70016285890136,83029700,SPY
2022-05-18,369.85400390625,381.12348248197793,368.6175728842904,380.84034133335325,117674500,SPY
2022-05-19,367.5887451171875,372.0059481432004,365.3707103676318,366.7959211904098,98510700,SPY
2022-05-20,367.74920654296875,374.7336324078952,359.1696852051724,371.16591037827914,131432200,SPY
2022-05-23,374.62982177734375,375.39433157969796,368.457086332618,370.7694822124612,76414900,SPY
2022-05-24,371.77001953125,372.95924112163084,365.22917116715337,370.5146932699092,91448800,SPY
2022-05-25,375.0544738769531,377.0176812777946,369.8822383865586,370.27863587842137,91472900,SPY
2022-05-26,382.5486755371094,384.18153289436907,376.073931942696,376.2815783765453,82168300,SPY
2022-05-27,391.9399108886719,392.0531673410909,384.80446634850006,385.0026651402334,84768700,SPY
2022-05-31,389.7407531738281,393.0725149914447,387.00361655148845,390.3259307298854,95937000,SPY
2022-06-01,386.5883483886719,392.86489366619827,384.07772451690533,391.8550043373775,86585800,SPY
2022-06-02,393.95025634765625,393.9974369297573,384.1814851394755,386.4278338799512,79609600,SPY
2022-06-03,387.4849548339844,390.7884022780611,386.51279859544996,389.240487364167,71874300,SPY
2022-06-06,388.6647644042969,393.21406164588547,387.4943805595861,391.48684319664267,57508900,SPY
2022-06-07,392.3929138183594,392.8459684053957,384.7194727728496,385.1819749982957,59272400,SPY
2022-06-08,388.12677001953125,392.4684496696644,387.333946070098,390.6845741806073,64350000,SPY
2022-06-09,378.8959655761719,388.6175274447086,378.8959655761719,386.352312221375,86289800,SPY
2022-06-10,367.90960693359375,373.5537925681174,367.86242635422343,372.70434051304426,132893900,SPY
2022-06-13,353.9408264160156,360.3683895194282,352.3362831480851,358.5184668650851,170004900,SPY
2022-06-14,352.874267578125,356.7157121238985,349.7784664118968,355.6869276147928,104011800,SPY
2022-06-15,357.9049987792969,362.3410401471121,351.2225794060758,356.1683036625761,125666800,SPY
2022-06-16,346.0597229003906,350.10881384000515,343.63404163139757,349.702968623294,134473300,SPY
2022-06-17,346.8057861328125,350.1424810150499,343.3079900767023,346.47403747740344,111113900,SPY
2022-06-21,355.53607177734375,356.9200257502837,352.44584583713896,352.52169557516805,76811900,SPY
2022-06-22,354.8915100097656,358.99598772773135,350.90074904768903,351.3178358414842,90059400,SPY
2022-06-23,358.370361328125,359.1002487608876,353.46963484148904,357.0243321478926,79292100,SPY
2022-06-24,369.76434326171875,369.7738317116263,361.5079743602973,361.53641078181903,98050300,SPY
2022-06-27,368.3519287109375,370.9776545538821,367.2618273862305,370.68380190795756,66009600,SPY
2022-06-28,360.825439453125,372.68391795995,360.7116937770823,369.9065216331798,86548900,SPY
2022-06-29,360.5315856933594,362.3610628098229,358.71159702593604,361.37524766838453,65676000,SPY
2022-06-30,357.60260009765625,360.83500878132185,353.1568557172421,356.64519222936855,112508300,SPY
2022-07-01,361.3847961425781,361.8208599109863,354.3322732319177,356.94854012954494,74839700,SPY
2022-07-05,362.0672607421875,362.08623764291843,353.4791138897527,356.3039239194396,81438000,SPY
2022-07-06,363.2900390625,365.7735827766986,359.83013971421116,362.2093972721212,70426200,SPY
2022-07-07,368.73114013671875,369.52738892243804,363.3090402764563,365.0626968664323,64525900,SPY
2022-07-08,368.4278259277344,370.2952282014979,365.5745794315864,367.10071569720793,72397800,SPY
2022-07-11,364.2190246582031,366.7215164411496,363.5270331899998,365.7546492181339,58366900,SPY
2022-07-12,360.99609375,366.0485198112267,359.251925711996,363.6692331147653,62219200,SPY
2022-07-13,359.1002197265625,362.02931552702955,355.1474128412304,355.56449960571507,84224600,SPY
2022-07-14,358.22821044921875,359.30882348190096,351.71600904471353,354.1521398256336,89704800,SPY
2022-07-15,365.0721740722656,365.185919762693,360.72122784420594,362.6265260152687,79060400,SPY
2022-07-18,362.05780029296875,368.82592927824663,360.83497625525047,368.1529146526756,63203600,SPY
2022-07-19,371.8402404785156,372.4089977632134,365.3185809223327,365.9726185323084,78506000,SPY
2022-07-20,374.21002197265625,375.6224411378547,370.66481370776324,372.0298195598688,71843800,SPY
2022-07-21,378.0207824707031,378.0681668690259,371.233676151968,373.6319110568227,64903900,SPY
2022-07-22,374.513427734375,379.33833343517273,372.29530007355766,378.1439748043947,72197300,SPY
2022-07-25,374.96844482421875,375.8215664094441,372.73134023128426,375.13906335562353,53631500,SPY
2022-07-26,370.5322265625,373.537114847819,369.64118001606494,373.3285714235852,52946400,SPY
2022-07-27,380.153564453125,381.8977324950311,373.5275888700464,373.82144153900765,82342100,SPY
2022-07-28,384.9215393066406,385.61350177770953,377.4140068493156,380.9592441702565,73966600,SPY
2022-07-29,390.5332946777344,391.51913892921795,385.58515437514285,386.3529667558723,87003700,SPY
2022-08-01,389.3768310546875,391.8793520889404,387.1302667656035,387.84120629648845,69997500,SPY
2022-08-02,386.8079528808594,391.4906766053588,385.63254218875403,387.8127450392465,63435400,SPY
2022-08-03,392.86517333984375,394.0310955881913,388.6469207989162,388.931285023342,67820600,SPY
2022-08-04,392.5997619628906,393.4718315474268,390.95985110646615,392.78932847212786,45656600,SPY
2022-08-05,391.93621826171875,392.58079648264055,388.26777497334547,388.3246478205913,56814900,SPY
2022-08-08,391.48114013671875,395.8700106498597,390.3815503961838,393.6234467801919,53886100,SPY
2022-08-09,389.92657470703125,391.25365582181684,388.85542136603334,390.7512597952123,44931800,SPY
2022-08-10,398.1166687011719,398.25887975700465,395.0169826060676,396.96969430070163,68665700,SPY
2022-08-11,398.1166687011719,402.81836986156515,397.37729270930276,400.96042696654627,59489700,SPY
2022-08-12,404.8563537597656,404.9606110010774,399.10247645360926,400.050395788599,61694500,SPY
2022-08-15,406.5246276855469,407.04600061972724,402.5907686609456,402.64764150057266,54048300,SPY
2022-08-16,407.3209533691406,409.24522847882577,404.64781387838514,405.45355110579476,59289000,SPY
2022-08-17,404.4297790527344,407.1313549468698,402.42968313864895,403.7283280008868,63563400,SPY
2022-08-18,405.6052551269531,406.28772933931555,403.339713824165,404.6288703517896,49023200,SPY
2022-08-19,400.1546325683594,403.1121358999802,399.2825341593999,402.8467196760706,68016900,SPY
2022-08-22,391.8224792480469,395.5004110497399,390.921944270961,395.3297635768896,77695600,SPY
2022-08-23,390.87445068359375,393.78456929323767,390.3246414001598,391.3957946226681,49105200,SPY
2022-08-24,392.12579345703125,393.49077064865355,389.96453858867704,390.6470127203874,49177800,SPY
2022-08-25,397.6615905761719,397.70897496462175,392.52385581312956,393.6139571012594,50942300,SPY
2022-08-26,384.2012023925781,398.0882155528186,384.1443295439162,397.5479234905298,103087000,SPY
2022-08-29,381.6607666015625,384.70357956798847,380.30524889484775,381.2531682301508,65370800,SPY
2022-08-30,377.47088623046875,383.0541440516301,375.37599295553645,382.81716425809753,85652400,SPY
2022-08-31,374.5987548828125,380.3431437236325,374.4660612189248,379.10137171228644,76029700,SPY
2022-09-01,375.7742004394531,376.1154375189932,369.7264703742915,372.428046300128,78740100,SPY
2022-09-02,371.81182861328125,380.6464427581479,370.00129941700374,379.43310730382876,99632100,SPY
2022-09-06,370.4089660644531,373.5939611226999,368.1908383071308,372.6555302445026,76637400,SPY
2022-09-07,377.0633544921875,377.83116684452074,369.87813861226584,370.0961415467539,70964200,SPY
2022-09-08,379.5279541015625,379.9829368756566,373.59396971166063,374.79784580059123,80821700,SPY
2022-09-09,385.42401123046875,386.28662130528346,381.49961125899546,381.7650275183075,76706900,SPY
2022-09-12,389.56634521484375,390.28677304617617,387.1870588242466,387.4903999035653,69256300,SPY
2022-09-13,372.6270446777344,382.10623671263886,371.5085069603833,380.90236081015905,122947100,SPY
2022-09-14,374.0490417480469,375.5657187388071,370.750271462759,373.9258075841178,85023700,SPY
2022-09-15,369.80224609375,375.3380909362644,368.53203779447915,372.4943332407687,87633800,SPY
2022-09-16,366.9811096191406,367.6378630769438,363.69734233012485,365.6295510878898,103084800,SPY
2022-09-19,369.8269958496094,369.8269958496094,363.7639505998914,363.84011191988435,73278500,SPY
2022-09-20,365.5819091796875,367.51408871168167,362.83118428153335,366.5051690967704,77274900,SPY
2022-09-21,359.204833984375,370.5504322147043,359.1953065563563,367.50461804644806,106746600,SPY
2022-09-22,356.1875,360.0708846733697,355.44508694272207,358.4337649769324,89472600,SPY
2022-09-23,350.21966552734375,352.7609904104437,345.78421269474035,352.7229097506912,122346900,SPY
2022-09-26,346.7550354003906,352.37072699861113,345.53671576875286,348.753848761664,92581200,SPY
2022-09-27,345.869873046875,352.5515910179344,343.4808127042095,350.2862710344236,108294100,SPY
2022-09-28,352.67535400390625,354.3600529595543,345.127482081543,346.8217084645166,110802200,SPY
2022-09-29,345.308349609375,349.42016092257757,342.36725004597866,349.1346285560483,112952300,SPY
2022-09-30,339.9686584472656,348.27799879138144,339.83541969328155,344.3660311283521,153711200,SPY
2022-10-03,348.9442443847656,350.7907644280534,341.90083208876825,343.6807182327434,89756500,SPY
2022-10-04,359.7568664550781,359.78541969158493,348.90620087696135,354.45525951637643,103602800,SPY
2022-10-05,358.9192199707031,361.17501250579096,353.07510228982494,355.397528717206,88065700,SPY
2022-10-06,355.2167663574219,360.4707657776504,354.72180480787387,357.5201384792562,82333500,SPY
2022-10-07,345.308349609375,355.3023890964065,343.5474892236813,351.19054873616767,107789500,SPY
2022-10-10,342.6717529296875,346.659852271921,340.43501530969775,346.42189898919605,76042800,SPY
2022-10-11,340.50164794921875,345.5367479558779,338.56946829764377,340.9775545535183,92482800,SPY
2022-10-12,339.3785095214844,342.4814298234217,339.13102879643657,340.91094386553914,76991800,SPY
2022-10-13,348.33502197265625,349.80082219820514,331.3356258487721,332.3826260098785,147254500,SPY
2022-10-14,340.39697265625,352.41837848921915,339.7592450066515,350.7907569397952,123737000,SPY
2022-10-17,349.14410400390625,350.24821073516875,340.0637984886666,346.4695113964719,93168200,SPY
2022-10-18,353.2464294433594,357.35826934412756,349.81036876588746,357.0536821558411,97162900,SPY
2022-10-19,350.7431945800781,353.9317748856679,347.9353337780581,351.2095737934234,79746900,SPY
2022-10-20,347.80206298828125,354.7122360773966,347.0405950042413,350.2958089110657,88283100,SPY
2022-10-21,356.2542419433594,356.7396470203639,346.0222479989325,347.52610037471834,131038400,SPY
2022-10-24,360.6134338378906,361.7460937798273,355.1309809456278,357.77704931693273,85436900,SPY
2022-10-25,366.3719482421875,366.6860338162217,360.4231157662592,360.5373287022716,78846300,SPY
2022-10-26,363.61163330078125,368.90371186098525,362.9739347843384,363.2309138667366,104087300,SPY
2022-10-27,361.6699523925781,366.44804370025827,361.0512506396155,364.61105138754175,81971800,SPY
2022-10-28,370.27435302734375,370.75025961760167,361.3844214069697,361.5652682350303,100302000,SPY
2022-10-31,367.59979248046875,369.68426585196175,366.6955873080766,367.81871998807645,96631300,SPY
2022-11-01,365.9912109375,371.57837896955164,364.8204992604764,371.3404256632253,85407600,SPY
2022-11-02,356.80621337890625,369.90317244332704,356.7015278683844,365.4010855031739,126990400,SPY
2022-11-03,353.1322326660156,356.1685191668986,351.01920615203176,353.5700586148132,87100100,SPY
2022-11-04,358.2149353027344,360.61349432188257,352.170915138916,358.8336081280306,103505200,SPY
2022-11-07,361.6414794921875,362.23159909806725,357.4344518726958,359.50939792144624,68286900,SPY
2022-11-08,363.5926513671875,366.5623039769019,359.5188919325988,362.74552365571884,84641100,SPY
2022-11-09,356.10186767578125,362.77408732506177,355.6069062348671,361.6223724698831,78495500,SPY
2022-11-10,375.671142578125,376.00428299719744,367.0572450041489,369.35108918360226,141455800,SPY
2022-11-11,379.30706787109375,380.10658743180727,374.64316019638335,376.5277606911573,93839900,SPY
2022-11-14,376.08038330078125,380.89655521020984,375.8043493716394,377.5461835918774,71903500,SPY
2022-11-15,379.2879943847656,382.9239274120566,375.4807419701021,381.8198207261606,93194500,SPY
2022-11-16,376.3945007324219,378.61221246717844,375.76630060291683,377.66039937041876,68508500,SPY
2022-11-17,375.2428894042969,375.9186978031396,371.340477869537,371.64503606870596,74496300,SPY
2022-11-18,376.946533203125,378.640759324959,374.10062138676545,378.57412543802,92922500,SPY
2022-11-21,375.5759582519531,376.7466989172969,373.73896579052973,375.6235663390515,51243200,SPY
2022-11-22,380.630126953125,380.79194799230964,376.1090138482937,377.51770796736366,60429000,SPY
2022-11-23,383.02874755859375,383.5141526233082,380.0685928856249,380.29701879843174,68261600,SPY
2022-11-25,382.9429626464844,383.4950305265415,382.191051189936,382.4670560829331,30545400,SPY
2022-11-28,376.8323974609375,381.49627670237254,376.07092941217024,379.8591567063179,67881600,SPY
2022-11-29,376.1851806640625,378.1554121174717,374.34815892103285,376.96564549358453,52310000,SPY
2022-11-30,388.03521728515625,388.03521728515625,374.519486615748,376.4326114888511,144566700,SPY
2022-12-01,387.74969482421875,390.2434409456629,385.2464212750172,389.07270016589297,76398200,SPY
2022-12-02,387.30224609375,388.20645105003473,382.76210836744406,382.86679385886526,85342700,SPY
2022-12-05,380.3349914550781,385.41766990087285,378.98343312541476,384.4849116571129,77289800,SPY
2022-12-06,374.8525390625,380.7157112233438,372.76809510416285,380.17319983401165,77972200,SPY
2022-12-07,374.21490478515625,376.57541212687585,373.0822446819997,374.005504706076,65927900,SPY
2022-12-08,377.14642333984375,378.212449392276,374.3195371968257,376.0994521400108,60737900,SPY
2022-12-09,374.3291320800781,378.45999830118234,374.2053917040091,375.909145637889,81447700,SPY
2022-12-12,379.72589111328125,379.72589111328125,374.45283780553007,375.11908962319546,75405800,SPY
2022-12-13,382.6003723144531,390.7098107273862,379.8401197057134,390.45283160745686,123782500,SPY
2022-12-14,380.1541748046875,385.9602409589763,377.21307559103866,382.257673780074,108111300,SPY
2022-12-15,370.85498046875,376.20416598654884,369.1988348015829,375.2999318308924,117705900,SPY
2022-12-16,366.4766540527344,369.6416209558771,364.34438227509384,368.3029691083944,119858000,SPY
2022-12-19,363.3689880371094,367.00250429400353,361.70523742151596,366.6678340994925,79878100,SPY
2022-12-20,363.8662109375,365.4821639806004,361.29407404311723,362.6136124267533,74427200,SPY
2022-12-21,369.3069152832031,370.43520527298585,365.9220161334383,366.45747677877307,78167400,SPY
2022-12-22,364.0382995605469,369.2877393144812,358.34899424622876,366.26619498775557,100120900,SPY
2022-12-23,366.13238525390625,366.2758070046261,361.4662030943732,363.01521636298173,59857300,SPY
2022-12-27,364.6885681152344,366.36189009849295,363.01524613197586,366.0176778685383,51638200,SPY
2022-12-28,360.15618896484375,366.59131636080116,359.9267141935356,364.6215509122238,70911500,SPY
2022-12-29,366.63916015625,367.5092910145083,362.47018314198056,362.9961017998292,66970900,SPY
2022-12-30,365.6733703613281,365.8167920978852,361.8486350909296,363.9618223377231,84022200,SPY
2023-01-03,364.1339416503906,369.4981190554035,361.2749320892196,367.52838265402187,74850700,SPY
2023-01-04,366.9451599121094,368.9722652057651,363.34989894273167,366.3905568832152,85934100,SPY
2023-01-05,362.75701904296875,365.1092230485303,362.16418974875853,364.99448566002695,76970500,SPY
2023-01-06,371.07586669921875,372.1946147969525,362.7857679206914,365.845539153224,104189600,SPY
2023-01-09,370.865478515625,376.44961824670435,370.6838304181261,373.26550947515705,73978100,SPY
2023-01-10,373.4662170410156,373.53315690337416,369.3450676247585,370.2821381565454,65358100,SPY
2023-01-11,378.1898498535156,378.26636090740493,374.2312636370513,375.0440257972263,68881100,SPY
2023-01-12,379.5667724609375,381.02973273660194,375.22571833967487,379.289500125456,90157700,SPY
2023-01-13,381.0392761230469,381.61299228704434,376.10536380133436,376.3730941204777,63903900,SPY
2023-01-17,380.34124755859375,382.69348088927234,379.66236518124305,381.0201591163604,62677300,SPY
2023-01-18,374.33642578125,382.58829750949707,374.1356353327088,381.526947386791,99632300,SPY
2023-01-19,371.6113586425781,373.94442072442195,370.2918200719056,372.2997830998825,86958900,SPY
2023-01-20,378.53411865234375,378.6871115907864,371.36273880270227,373.0073764154368,91806400,SPY
2023-01-23,383.0760498046875,385.00753122788404,378.38118225986244,379.3373663827085,84178800,SPY
2023-01-24,382.66485595703125,383.57321326654665,380.2170272035857,381.40268604904264,59524900,SPY
2023-01-25,382.8081970214844,383.1428671935605,376.31570073269967,378.6009940622238,84800300,SPY
2023-01-26,387.0155029296875,387.17806706122406,382.5023129451065,385.4664894027648,72287400,SPY
2023-01-27,387.9046936035156,390.2760402786123,385.7628509166012,385.97321255052447,68346200,SPY
2023-01-30,383.0377502441406,387.37883383343035,382.7413355345612,385.1509087422322,74202000,SPY
2023-01-31,388.669677734375,388.717475261581,383.2098461559824,383.5540875652921,86811800,SPY
2023-02-01,392.8003234863281,395.5445957142965,384.7205872650518,387.4552591361378,101459200,SPY
2023-02-02,398.518310546875,399.98127069479483,394.78919930515946,396.6824246845757,101654500,SPY
2023-02-03,394.28240966796875,398.69997431086017,393.07760869975664,393.55570061661354,94736800,SPY
2023-02-06,391.8728942871094,393.268944002585,390.2187145648804,391.8346679352162,60295300,SPY
2023-02-07,396.9980163574219,398.24104381969875,389.7118993305467,390.9549267928235,90990700,SPY
2023-02-08,392.6569519042969,396.36695047559357,391.9684982603406,395.02829871801737,76227500,SPY
2023-02-09,389.2529296875,396.4051963035193,388.0290153704697,396.2522033663381,78694900,SPY
2023-02-10,390.1613464355469,390.54381421799513,387.26410994237983,388.0768430374244,70769700,SPY
2023-02-13,394.7413635253906,394.8752432701656,390.3524831825662,390.81146193268944,64913500,SPY
2023-02-14,394.55975341796875,396.86413102531327,390.61070909281807,393.2210725630297,88389300,SPY
2023-02-15,395.8409729003906,395.9174547636312,391.5285747023186,392.3700211000315,61555700,SPY
2023-02-16,390.3907470703125,394.8178830322616,390.25689650308516,390.87841017898984,76431500,SPY
2023-02-17,389.4154968261719,389.6545428210452,386.34612524209655,388.2680643786122,89257800,SPY
2023-02-21,381.6034240722656,386.4512833840668,381.3452649276504,385.39947527197734,82655900,SPY
2023-02-22,381.07757568359375,383.5540887169433,379.62415734279705,382.01461731866567,83742300,SPY
2023-02-23,383.1046447753906,384.577176151522,378.88787027584414,383.965204449082,96242400,SPY
2023-02-24,379.0121765136719,379.84405183245593,376.3922419822525,378.0942481460913,108194400,SPY
2023-02-27,380.30303955078125,383.7070519585176,379.365968807818,382.3492579579314,80444700,SPY
2023-02-28,378.8974609375,381.78512595829335,378.79226552930106,379.82496053517093,96438600,SPY
2023-03-01,377.4440002441406,379.3085704071732,376.14360422634064,378.08465625730815,99706800,SPY
2023-03-02,380.3794860839844,381.22093252105213,375.13958820432623,375.47425838003477,85127800,SPY
2023-03-03,386.47998046875,386.7285976253681,381.54606794616154,382.1962660076362,90120000,SPY
2023-03-06,386.7476806640625,389.5971190249731,386.3078442662089,387.30225445436355,72795900,SPY
2023-03-07,380.8193359375,386.9389359941927,380.2073934400801,386.69989002886615,108310600,SPY
2023-03-08,381.4408874511719,382.19625170885286,379.212962662717,380.9341111603913,74746600,SPY
2023-03-09,374.40338134765625,383.88873887527785,373.41851305631604,382.2249589763906,111945300,SPY
2023-03-10,369.0010070800781,375.93334175900225,367.4806778728338,373.8584094364072,189253000,SPY
2023-03-13,368.4750061035156,373.2846390345943,363.9713881978472,365.0805650006383,157790000,SPY
2023-03-14,374.56597900390625,376.2106166958166,370.09101558517847,373.3898621469937,149752400,SPY
2023-03-15,372.2232971191406,372.42408758364206,366.8973453679593,368.9818486133687,172996900,SPY
2023-03-16,378.75396728515625,379.0982086417623,369.3642641428275,369.8710404113854,143254200,SPY
2023-03-17,374.3253479003906,378.55821591341066,372.94318572096427,377.4256197444262,140553400,SPY
2023-03-20,377.9247131347656,378.33746367070916,374.40214170963634,375.1028011958168,93055800,SPY
2023-03-21,382.8870544433594,383.36697102971766,379.69079357481445,381.28412015653794,91524200,SPY
2023-03-22,376.36016845703125,386.3232414014182,376.3217962204962,382.71428861761933,111746600,SPY
2023-03-23,377.3776550292969,383.25182988301947,374.6709182110407,379.2205184817109,119351300,SPY
2023-03-24,379.8540344238281,379.9404159071664,373.7590870150187,376.1010826470393,107682400,SPY
2023-03-27,380.5642395019531,382.89665633801565,379.67160169490063,382.1287722364247,74010400,SPY
2023-03-28,379.71002197265625,380.5642582938647,377.8767370350477,379.8731772141997,62871700,SPY
2023-03-29,385.22906494140625,385.4690232440617,382.6662973806607,383.8660888939379,77497900,SPY
2023-03-30,387.4847106933594,388.10859647318574,385.62263176835995,387.8590304445402,69840000,SPY
2023-03-31,392.9461364746094,393.24368242982905,388.30051790737826,388.4061147934353,112062600,SPY
2023-04-03,394.4434814453125,394.84659500245755,392.03429064106433,392.4278257842298,67391100,SPY
2023-04-04,392.255126953125,395.3745854910906,390.8825429346592,395.08661789712704,66601500,SPY
2023-04-05,391.2279357910156,392.2837579470306,389.5770218630045,391.5254816770137,65200200,SPY
2023-04-06,392.754150390625,393.0325102209904,389.3851264771968,390.4313411526847,63743300,SPY
2023-04-10,393.1572570800781,393.23406013832266,389.66347951634174,390.27775752337686,63681000,SPY
2023-04-11,393.26287841796875,394.66422675434245,392.4950235384784,393.7811965721071,59297900,SPY
2023-04-12,391.6599426269531,395.6144801885437,391.07445840947173,395.32651264091214,86420400,SPY
2023-04-13,396.86224365234375,397.21737725795947,391.60234704835096,392.7445509263928,85814800,SPY
2023-04-14,395.89276123046875,398.41712702758065,393.5891675964206,396.22870868146754,78161500,SPY
2023-04-17,397.3133239746094,397.3325100919648,394.5777937246766,395.80637894641507,66436400,SPY
2023-04-18,397.572509765625,399.0218673008723,396.1999552913603,398.8874765900454,63560000,SPY
2023-04-19,397.5053405761719,398.4075568472331,395.60486027089866,395.6624479202901,55227300,SPY
2023-04-20,395.3360900878906,397.0829934844094,393.7907434550367,394.6929889766768,75840400,SPY
2023-04-21,395.64324951171875,396.10395069254025,393.6947893230702,395.6336418065236,73457400,SPY
2023-04-24,396.05596923828125,396.4782981802782,394.1075090570705,395.44166194381876,64332100,SPY
2023-04-25,389.7690124511719,394.6449810037149,389.71142480850085,394.08826140218645,97766700,SPY
2023-04-26,388.11810302734375,391.4583328014488,387.56141271088387,390.3833244029181,80447000,SPY
2023-04-27,395.8448181152344,396.11357024267807,390.40255091976803,390.65211692803183,92968400,SPY
2023-04-28,399.2234191894531,399.23302689490464,394.9041697532796,394.9617574024191,89433100,SPY
2023-05-01,398.8202819824219,400.845515871164,398.5899021077479,398.781880454679,62122300,SPY
2023-05-02,394.3378601074219,398.1580067083917,391.43917444922255,398.1099974743272,103998500,SPY
2023-05-03,391.6311340332031,397.24616414474065,391.39117573178515,394.83697342513307,91531800,SPY
2023-05-04,388.8572082519531,390.91123595861524,387.52302611509293,390.58489620304397,94901900,SPY
2023-05-05,396.05596923828125,397.1021838881152,392.22624422840113,392.48538864162396,87891800,SPY
2023-05-08,396.16156005859375,396.64147667611564,394.76021173712985,396.3823322476967,50046800,SPY
2023-05-09,394.4242858886719,395.53769601743005,394.19393527299343,394.61626426292884,49220100,SPY
2023-05-10,396.26715087890625,397.88927136463667,392.44700411687967,397.25577792419296,96142900,SPY
2023-05-11,395.5760498046875,395.8639880395315,393.5028066384593,395.4032868637811,70157100,SPY
2023-05-12,395.0577392578125,397.0254148728848,392.63897016343816,396.8142503993596,70481500,SPY
2023-05-15,396.42071533203125,396.8238288685914,393.75238023444746,395.6624389099318,54289400,SPY
2023-05-16,393.77154541015625,396.23832360826236,393.7619377053924,395.3168627044219,57705500,SPY
2023-05-17,398.5515441894531,399.1562144912637,394.14591338269895,395.78721992832476,87287000,SPY
2023-05-18,402.3908996582031,402.8132286270494,398.0140624281471,398.23480532655367,97177200,SPY
2023-05-19,401.805419921875,403.8210757531866,400.5864421499419,403.2931791436521,103793300,SPY
2023-05-22,401.9684753417969,403.50421401952315,400.5863134610212,401.8245062483367,60745400,SPY
2023-05-23,397.4573059082031,401.90133808318683,397.06377080135275,400.3271976557855,86383500,SPY
2023-05-24,394.5777893066406,396.2383111304324,393.41639944632345,395.8543837451471,89213700,SPY
2023-05-25,397.99481201171875,399.4441694496832,395.84479511708275,398.0811934806872,90961600,SPY
2023-05-26,403.1491394042969,403.86901432087706,398.5707454798897,398.6475192492727,93830000,SPY
2023-05-30,403.3027648925781,405.606359045202,401.92060254264607,405.0784624260676,72216000,SPY
2023-05-31,401.0662841796875,402.38125089733444,399.5017514717894,401.4790054006544,110811800,SPY
2023-06-01,404.8768310546875,405.93265339027886,400.04887142591303,401.29664281865877,88865000,SPY
2023-06-02,410.73187255859375,411.51891359121186,406.92133324219725,407.44922983268606,91426200,SPY
2023-06-05,409.94476318359375,412.36353228842165,409.2440744066445,411.0773593229492,65460200,SPY
2023-06-06,410.8374328613281,411.3653294424387,408.87936479133043,409.5320736758542,64022200,SPY
2023-06-07,409.4168395996094,412.3635345526036,408.9945106484148,411.2309384070294,85373300,SPY
2023-06-08,411.8932189941406,412.344341762355,408.71617349799953,409.4840283285931,61952800,SPY
2023-06-09,412.6322937011719,414.63834160760314,411.64366666036057,412.6898813507892,85742800,SPY
2023-06-12,416.3756408691406,416.4524439304632,412.89147087099775,413.61134578902306,76104300,SPY
2023-06-13,419.12078857421875,419.76386044542505,417.1723282571571,417.8346155400201,95899700,SPY
2023-06-14,419.6199035644531,421.42439480568777,416.1741056268984,419.45674831132544,100612100,SPY
2023-06-15,424.8221435546875,426.069914890404,418.70801128446885,418.80397116276845,110303100,SPY
2023-06-16,423.3751220703125,427.37322020593024,422.9030661850773,426.804818584776,114165800,SPY
2023-06-20,421.1785583496094,422.3250049416328,419.107257409602,421.4386947666536,76160400,SPY
2023-06-21,419.0205993652344,420.99555478179644,418.4329109170005,420.1959468611093,76982300,SPY
2023-06-22,420.5331115722656,420.6390713007603,417.72961825633774,418.06681362984074,70637200,SPY
2023-06-23,417.3539123535156,419.1362056994903,416.64100677536294,417.08416191308544,92074500,SPY
2023-06-26,415.64874267578125,418.7027001286234,415.40789299777055,416.78554609984883,72823600,SPY
2023-06-27,420.20556640625,420.82212620155866,416.0725783167209,416.5253768197751,72813700,SPY
2023-06-28,420.4175109863281,421.4290677123489,418.509971256602,419.1265310456325,75636000,SPY
2023-06-29,422.07452392578125,422.2383146152685,419.59861200085055,420.0032229268465,67882300,SPY
2023-06-30,427.0552978515625,428.0379537648419,424.9647101118157,425.28264809004037,104964000,SPY
2023-07-03,427.54669189453125,427.82605633249915,426.4291459408796,426.70853977944085,32793400,SPY
2023-07-05,426.9108581542969,427.6430505530816,425.725867203726,425.7355105986345,58418400,SPY
2023-07-06,423.56781005859375,423.9917077726785,421.06296794825374,423.3366038147622,80658300,SPY
2023-07-07,422.4984436035156,426.438769743823,422.2575939538954,422.5755319557256,86134200,SPY
2023-07-10,423.56781005859375,423.7412147414674,421.5735680037754,422.1419696202549,62443500,SPY
2023-07-11,426.2653503417969,426.7566930521444,423.3558970583311,424.32893908451956,64463800,SPY
2023-07-12,429.695068359375,431.10165159958825,428.6257099376319,430.0515505672172,91924500,SPY
2023-07-13,433.1054992675781,433.89549322497544,431.0727422071223,431.506253963796,72425200,SPY
2023-07-14,432.835693359375,434.83954937929775,432.0746002832751,433.99178336356243,69815800,SPY
2023-07-17,434.33856201171875,435.3886628143162,432.64297129896573,432.6911588627437,52680200,SPY
2023-07-18,437.5660095214844,438.2114701147798,433.5775252322227,434.0110663595222,80668200,SPY
2023-07-19,438.5390625,439.724023983291,437.48893213427476,438.35601441060516,65891700,SPY
2023-07-20,435.6295471191406,438.44268380742795,434.9166416038705,437.54673021651973,70591600,SPY
2023-07-21,435.6295471191406,437.54673021651973,435.6199331260899,437.34439535359957,71275600,SPY
2023-07-24,437.5756530761719,438.38490436691495,435.74517222742827,436.7760157789645,54023400,SPY
2023-07-25,438.770263671875,440.02267010001805,437.2577208036124,437.3059083742901,55191200,SPY
2023-07-26,438.83770751953125,440.263518637083,436.7856637889011,437.83576473919794,71052900,SPY
2023-07-27,435.9282531738281,442.62388566589414,435.0226560753175,442.2192452897237,92194400,SPY
2023-07-28,440.19610595703125,441.0246146496096,435.92822776892785,439.1941631701477,80011800,SPY
2023-07-31,441.0343017578125,441.3907545748612,439.35796801732533,440.6682055455154,62040400,SPY
2023-08-01,439.7721862792969,440.51399258801536,438.8184017102693,439.5698514127993,55291500,SPY
2023-08-02,433.65460205078125,436.9205079074881,432.90315234388123,436.6604008783812,93933400,SPY
2023-08-03,432.41180419921875,434.29044314301314,430.995607146359,431.6410971149184,64276100,SPY
2023-08-04,430.4560852050781,436.3231785934213,429.93584177835424,434.2229769011584,100128900,SPY
2023-08-07,434.21337890625,434.36752621178806,431.59293351328745,432.28658168791264,58357500,SPY
2023-08-08,432.3251037597656,434.2037427118271,428.9724661870649,431.6796137883657,71361300,SPY
2023-08-09,429.4349365234375,432.7586735355105,428.6738433785323,432.59488283321724,78789600,SPY
2023-08-10,429.5890808105469,435.16716703483127,428.42337671620794,431.7856284811605,93005500,SPY
2023-08-11,429.33856201171875,430.3501481391964,427.1227570858758,427.7200594884635,68690900,SPY
2023-08-14,431.7085266113281,431.7085266113281,428.1150686990038,428.4233633029166,47867400,SPY
2023-08-15,426.67962646484375,430.2923712690211,426.1111954097984,429.9358890851779,75707500,SPY
2023-08-16,423.5485534667969,427.9223617239687,423.44256433778145,426.2653150386881,80107200,SPY
2023-08-17,420.3211669921875,425.273020314269,419.8009235363625,425.01291328665195,95711300,SPY
2023-08-18,420.5235290527344,421.55437270930423,417.1612770258868,417.50808644271694,98852000,SPY
2023-08-21,423.25958251953125,424.00138893640195,419.38673031886054,421.5350906095178,68719000,SPY
2023-08-22,422.113037109375,425.0321333206804,421.5542789285874,425.0321333206804,64994200,SPY
2023-08-23,426.814453125,427.431042301619,423.0283039267051,423.17280782729074,68441000,SPY
2023-08-24,420.8992004394531,428.92429730681755,420.87027025881116,428.41369725884107,88517300,SPY
2023-08-25,423.86651611328125,425.14782341445994,419.07842352366526,422.62372359066535,102325100,SPY
2023-08-28,426.55438232421875,427.1709421526019,423.8664919427265,426.05339622552776,61595400,SPY
2023-08-29,432.7200927734375,432.9994865828607,426.26531078000176,426.44835885508,83081900,SPY
2023-08-30,434.5023498535156,435.1381963666506,432.35396069855597,433.0572521601873,69053900,SPY
2023-08-31,433.8665771484375,436.2557869248091,433.6835290574293,435.11898360214246,66084600,SPY
2023-09-01,434.67584228515625,437.06508153807744,433.2211009052936,436.58338220970904,58944100,SPY
2023-09-05,432.7971496582031,434.5505420529184,432.72973410501413,434.23263347174435,55166200,SPY
2023-09-06,429.8876647949219,432.0938555148443,427.56587096314115,431.9878663952489,70758500,SPY
2023-09-07,428.5678405761719,429.24220190465525,426.5446977895423,426.8915071469469,70355400,SPY
2023-09-08,429.2133483886719,430.74514868706615,428.25959315019446,428.61604594030854,61659700,SPY
2023-09-11,432.0361633300781,432.3444285728758,430.1286232997532,431.8338284325165,60180100,SPY
2023-09-12,429.66607666015625,432.1131170199776,429.0880610953536,430.59096036501694,67565400,SPY
2023-09-13,430.16717529296875,431.323236125796,428.7894927679706,429.8877814297822,60199300,SPY
2023-09-14,433.8761901855469,434.5698383708397,431.332833106535,432.6334271290332,83430800,SPY
2023-09-15,428.6487731933594,432.62232413166026,428.2137322540361,432.29361669829296,111848900,SPY
2023-09-18,428.90008544921875,430.1955896700722,427.86560575276553,428.3393267614431,55752200,SPY
2023-09-19,428.0106506347656,428.57140936349316,425.33263382268484,427.9816479077142,66514600,SPY
2023-09-20,424.0757751464844,429.68318495179983,423.8727265693422,429.2674693964477,82562600,SPY
2023-09-21,417.0664978027344,421.49441429318694,416.91180676973505,421.233389771168,104095800,SPY
2023-09-22,416.1287536621094,419.68655933537104,415.7130085528767,418.0913502784636,100829700,SPY
2023-09-25,417.8785705566406,417.9172211836111,414.485104517223,414.92017485715184,70874500,SPY
2023-09-26,411.73944091796875,415.54862280920696,410.90798029741677,414.84285049792544,96168400,SPY
2023-09-27,411.9037780761719,413.4700137261174,408.2686420542666,412.90925504168933,104705800,SPY
2023-09-28,414.2917785644531,415.964347748709,410.76297593705533,411.3527373620953,92258300,SPY
2023-09-29,413.28631591796875,417.5112133076614,411.7684378270295,417.3371969608053,115111300,SPY
2023-10-02,413.1219482421875,414.3691244055631,410.36657139466814,412.454856073705,83798600,SPY
2023-10-03,407.59185791015625,413.1799422139496,406.22867088652805,410.94664397430034,103760600,SPY
2023-10-04,410.5599670410156,411.3043900178651,406.59609392791054,408.0559666596498,87453000,SPY
2023-10-05,410.4052429199219,411.2463514179395,407.1858225474584,410.269877205424,70142700,SPY
2023-10-06,415.27789306640625,416.8150963910029,406.63472757769614,407.9592344326086,113273300,SPY
2023-10-09,417.9365539550781,418.50696046790523,412.83186855618567,413.38292025225314,80374400,SPY
2023-10-10,420.1119079589844,422.70291641435927,418.16863686530417,418.56502711101643,78607300,SPY
2023-10-11,421.83282470703125,422.08417183466213,418.797068320578,421.17540990507433,62451700,SPY
2023-10-12,419.2611389160156,422.8189443567332,416.91182957643576,422.4419089154139,81154200,SPY
2023-10-13,417.1728515625,421.95850789546967,415.60664534568787,420.75965970754623,95143100,SPY
2023-10-16,421.5621032714844,422.6255856986061,419.1741138914331,419.4158131019472,75433200,SPY
2023-10-17,421.542724609375,423.59235858221746,418.09128250171426,418.43931518310666,75324700,SPY
2023-10-18,415.92559814453125,420.7305789017386,414.842790566168,419.7734596144878,93559800,SPY
2023-10-19,412.27117919921875,418.4490253157197,411.59443909771255,416.64111990263626,121323000,SPY
2023-10-20,407.2051696777344,412.3775387523352,407.09880668145956,411.8361348739324,123919900,SPY
2023-10-23,406.4994201660156,410.3569598965053,403.92773684712256,405.6776368923659,92035100,SPY
2023-10-24,409.5641174316406,410.71460793995783,406.77006062450005,408.61664598235126,78564200,SPY
2023-10-25,403.68603515625,407.9109624071266,403.17363397769196,407.8819596802007,94223200,SPY
2023-10-26,398.8520202636719,403.47330792914914,397.9335809780985,402.6225515026816,115156800,SPY
2023-10-27,397.0440979003906,400.83395429205797,395.6229054415524,400.43756406837696,107367700,SPY
2023-10-30,401.79107666015625,402.8448816266276,398.5329761803426,399.8284803456642,86562700,SPY
2023-10-31,404.314453125,404.63348310254605,400.45691364342605,402.361504611754,79665200,SPY
2023-11-01,408.6263427734375,409.43844855236455,404.74947812853236,405.28123407598383,98068100,SPY
2023-11-02,416.4573669433594,416.61205795996426,412.3968088942919,412.416134207257,94938900,SPY
2023-11-03,420.2569580078125,421.80383898984763,418.63274625361095,418.7584345746445,100167800,SPY
2023-11-06,421.2237548828125,421.66847320739254,419.28048362094427,421.01105837900457,67831700,SPY
2023-11-07,422.4225158691406,423.0606052933152,420.0828841514639,421.22369728667144,64256100,SPY
2023-11-08,422.73193359375,423.5440394282341,420.43095231056213,423.02196085453033,61746000,SPY
2023-11-09,419.43505859375,423.91133184127074,419.0096657038586,423.8726517137463,83174400,SPY
2023-11-10,425.9803466796875,426.28972875327344,419.42546520511473,421.5041020397778,89462200,SPY
2023-11-13,425.5742492675781,426.67638218285714,423.863029699829,424.6461326803493,52236100,SPY
2023-11-14,433.8307800292969,435.1166069139446,431.2784220719966,431.50079597873554,97176900,SPY
2023-11-15,434.7491760253906,436.39274237985995,433.8983901244557,435.16489156652574,77327600,SPY
2023-11-16,435.28094482421875,435.59997479434537,433.24098818272,434.30447059030485,66665800,SPY
2023-11-17,435.8223876953125,436.43147446982493,434.37219232906403,435.2906316917746,83133200,SPY
2023-11-20,439.1771545410156,440.0182630951851,435.5613141930735,435.57099160312566,69936200,SPY
2023-11-21,438.219970703125,439.05143128536895,436.95346926763995,438.13296253247677,49244600,SPY
2023-11-22,439.9118957519531,441.22675482120695,438.8194400859089,439.8732451207241,59394900,SPY
2023-11-24,440.1825866699219,440.3759578384197,439.6315348978691,439.9602422808771,29737400,SPY
2023-11-27,439.38983154296875,440.36627627306393,439.00308920962266,439.55417048077294,50506000,SPY
2023-11-28,439.8248596191406,441.1203637861366,438.44234728096177,439.0030764411284,62115000,SPY
2023-11-29,439.5155334472656,443.1023712619962,439.1191726740231,441.97120588419773,63146000,SPY
2023-11-30,441.2460632324219,441.59412543023933,438.28766732031204,440.35662667945024,79752700,SPY
2023-12-01,443.8564453125,444.3881717849613,440.0472633152973,440.6369952391435,89183400,SPY
2023-12-04,441.5264587402344,443.8757680204174,439.25448022667734,440.47265370720123,72430900,SPY
2023-12-05,441.4394226074219,442.3965419933345,439.7668535301099,440.14391844231596,69793500,SPY
2023-12-06,439.6605224609375,443.60504042530386,439.2254520989698,443.57603770145914,69124700,SPY
2023-12-07,443.01531982421875,443.66305717468333,441.13973162302386,441.7391409339485,66995400,SPY
2023-12-08,444.919921875,445.451648340426,442.02917923250493,442.27087844484373,83194400,SPY
2023-12-11,446.6504821777344,446.8245280398024,444.21416465607524,444.4268611503367,65002200,SPY
2023-12-12,448.6903991699219,448.78708475043413,445.30661038207074,446.30240990232363,68327600,SPY
2023-12-13,454.8778991699219,455.12927578193285,448.709730800554,449.0674408996175,93278000,SPY
2023-12-14,456.3377685546875,458.0006602364905,453.6693999362765,456.8114895469167,119026000,SPY
2023-12-15,455.5864562988281,456.91636306344805,453.74210049149804,455.7417745258769,141553700,SPY
2023-12-18,458.1491394042969,459.12957270241793,456.13006180277284,457.1881393985243,70375300,SPY
2023-12-19,460.9350891113281,461.0127630324847,458.61509172941334,458.69273602664884,55761800,SPY
2023-12-20,454.5477600097656,461.96401935450547,454.12064234016117,460.0808267995912,102921000,SPY
2023-12-21,458.85772705078125,459.1295265010188,455.1107457468796,457.5278204873464,86667500,SPY
2023-12-22,459.77996826171875,461.4593188510491,457.887088433067,459.9838104781131,67160400,SPY
2023-12-26,461.7214050292969,462.62416447518916,460.1100117084557,460.18768563597195,55387000,SPY
2023-12-27,462.55621337890625,462.70181495571654,460.9836571015111,461.5175394244562,68000300,SPY
2023-12-28,462.73089599609375,463.5656980482324,462.31349497002446,462.9153345190397,77158100,SPY
2023-12-29,461.3913269042969,463.06096072132885,459.4401769650659,462.5367654374911,122283100,SPY
2024-01-02,458.8092041015625,459.7993540123723,456.7124526493962,458.3335624378489,123623700,SPY
2024-01-03,455.0622863769531,457.39200051317124,454.4604467676884,456.6542463475319,103585900,SPY
2024-01-04,453.5964660644531,457.16869615612853,453.37319057475315,454.5865863632777,84232200,SPY
2024-01-05,454.2177429199219,456.66393818647634,452.7713549830218,453.8003122508208,86118900,SPY
2024-01-08,460.70208740234375,460.8476889622242,454.5865552720958,454.71275316529835,74879100,SPY
2024-01-09,460.0032043457031,461.02244496424106,457.54729244084217,458.05205442710235,65931400,SPY
2024-01-10,462.6047058105469,463.4686578138975,459.9934757568045,460.27499186871785,67310600,SPY
2024-01-11,462.40087890625,464.119036700077,458.4306513904914,463.60455806414546,77940700,SPY
2024-01-12,462.7211608886719,464.58494971105563,461.31363965656635,463.84719564870727,58026400,SPY
2024-01-16,461.0224914550781,462.6532884587613,459.2072559019865,461.34284456675533,85014900,SPY
2024-01-17,458.45977783203125,458.94513616011074,456.110630489601,458.00353981867966,68843900,SPY
2024-01-18,462.5367736816406,463.0900892897804,458.58597937392244,460.1294153145847,91856200,SPY
2024-01-19,468.30279541015625,468.5843115147551,462.5852901238366,463.66277131466796,110834500,SPY
2024-01-22,469.2929992675781,471.01115715758357,468.64260604571103,469.83659824827777,75844900,SPY
2024-01-23,470.6616516113281,470.9043307691421,468.7493682867175,469.836566173897,49945300,SPY
2024-01-24,471.1761779785156,474.45717543420074,470.68110299788805,473.525295727068,81765000,SPY
2024-01-25,473.7388610839844,474.01066056996024,471.17618444820096,473.3020267275593,72525000,SPY
2024-01-26,473.136962890625,474.7968799164263,472.2924442217773,473.3116847619897,76641600,SPY
2024-01-29,476.88397216796875,477.0296033689382,472.90405748370506,473.4476564539632,61322800,SPY
2024-01-30,476.5151062011719,477.2237103899132,475.7579187820987,476.19475312019154,58618400,SPY
2024-01-31,468.7396545410156,474.75807991768903,468.7202212489611,474.31155855924624,126011100,SPY
2024-02-01,474.87457275390625,474.9036930669608,469.6326794127357,470.43839078044346,91891600,SPY
2024-02-02,479.8737487792969,481.523949196212,474.97161226030033,475.31136898916844,99228200,SPY
2024-02-05,478.12646484375,479.90289286822576,475.87442477356564,479.2428126687566,75757100,SPY
2024-02-06,479.5146179199219,479.84465802363434,477.6411122849623,479.0680669349689,55918600,SPY
2024-02-07,483.5139465332031,483.93134756331705,480.8541628931194,481.75695184930976,70556500,SPY
2024-02-08,483.7275390625,484.10610316011065,482.69858176017516,483.51398020972,52343600,SPY
2024-02-09,486.523193359375,486.9599980744067,483.8925299274153,484.2322866772762,63979400,SPY
2024-02-12,486.30963134765625,488.75582660767503,485.59128089218916,486.49406987855394,56502300,SPY
2024-02-13,479.6116638183594,482.53353038052535,476.3500701317823,480.04849815534635,113099200,SPY
2024-02-14,483.97021484375,484.4555731763151,479.92231331563113,482.2423403647749,68387800,SPY
2024-02-15,487.3094177246094,487.4938562363656,484.19339631478,484.66906756169146,61683000,SPY
2024-02-16,484.8826904296875,488.1442842020213,484.144936285217,487.00856229426716,75532900,SPY
2024-02-20,482.21319580078125,483.8148722929186,479.970842787005,483.14507545774694,71736700,SPY
2024-02-21,482.6499938964844,482.80531210783914,479.10688422021883,480.9124325062878,59293400,SPY
2024-02-22,492.6387023925781,493.59970240133447,488.2898811137423,489.25091074641995,76402500,SPY
2024-02-23,492.9784851074219,495.191718012327,492.250447577862,494.3568862406584,61321800,SPY
2024-02-26,491.1728820800781,493.8520693709636,491.0466841824756,493.4152350521733,50386700,SPY
2024-02-27,492.0854187011719,492.3086942109039,489.96926336586625,491.8621728153631,48854500,SPY
2024-02-28,491.43499755859375,492.0174038220213,490.17304819868775,490.53220860244136,56506600,SPY
2024-02-29,493.2016906738281,494.8130838290683,490.5516532421677,493.1920036518268,83924800,SPY
2024-03-01,497.83197021484375,498.2590878764062,493.6676174504883,494.07533144522296,76844800,SPY
2024-03-04,497.2981262207031,499.1425115484434,497.00692307628157,497.03607301464484,49799300,SPY
2024-03-05,492.3280334472656,495.7449748064334,490.1245174506037,495.29842384541166,72855600,SPY
2024-03-06,494.82281494140625,497.07488469099843,493.53177482463775,495.59937641592427,68382400,SPY
2024-03-07,499.734619140625,500.7830096761973,494.8810360564722,498.1135389799133,58652100,SPY
2024-03-08,496.7350769042969,503.04470489035225,496.16235769149256,500.3655769656846,86532500,SPY
2024-03-11,496.3079833984375,496.89041928478855,493.6093924281333,495.5314219659159,62557200,SPY
2024-03-12,501.6469421386719,502.2293483869414,495.9002573325016,498.41443934118087,73114400,SPY
2024-03-13,500.8606262207031,502.14197926945354,499.4239845817287,501.9672573875113,55104100,SPY
2024-03-14,499.87054443359375,501.9866995940405,496.8321966177629,501.831351753217,110171800,SPY
2024-03-15,496.4381408691406,498.2590460217431,494.77306623402836,496.80816405826874,107646300,SPY
2024-03-18,499.3885498046875,501.93972478311895,498.9795987021718,500.498619372016,88893300,SPY
2024-03-19,502.16363525390625,502.4459962981956,497.69417669493055,498.6971497497458,60755300,SPY
2024-03-20,506.8084411621094,506.9447780211189,501.550319572243,502.22219759800726,69594600,SPY
2024-03-21,508.4831848144531,510.34298796408666,508.2007643189091,509.64192900671355,60256100,SPY
2024-03-22,507.51922607421875,508.88241615238655,507.2854803107173,508.3955498176283,79070800,SPY
2024-03-25,506.1170654296875,507.2660628859731,505.961234915521,506.14624650613894,48512100,SPY
2024-03-26,505.1822509765625,507.87950952715136,504.78304672651166,507.53866742888704,65463700,SPY
2024-03-27,509.4277648925781,509.466752240446,505.84443537276076,508.00615306178463,82999800,SPY
2024-03-28,509.33038330078125,510.829910300913,509.04802220619024,509.46672014586477,96294900,SPY
2024-04-01,508.4442138671875,510.60593125263364,507.2854696375655,510.07039018205234,62477500,SPY
2024-04-02,505.2115173339844,505.3477947483364,502.9134629158643,504.62724203503336,74230300,SPY
2024-04-03,505.7664489746094,507.2660352902269,504.0721636747669,504.12083842082313,59155800,SPY
2024-04-04,499.59307861328125,510.10938062558256,499.29122383235546,509.7685979294163,96858100,SPY
2024-04-05,504.8121643066406,506.7693762627344,500.50828302932854,500.9464745680228,74546500,SPY
2024-04-08,505.0946044921875,506.5162756490336,504.2864491311744,505.51336185898396,48401800,SPY
2024-04-09,505.6788330078125,507.0712635271461,500.8393509659492,506.8278303713481,68049200,SPY
2024-04-10,500.6154479980469,502.6018412987628,498.6388015333815,499.9922448100833,82652800,SPY
2024-04-11,504.39349365234375,505.8345989017068,498.62901322296943,502.13442685782303,70099000,SPY
2024-04-12,497.4313659667969,502.27081877394835,495.70784003413945,500.85889444352966,92561100,SPY
2024-04-15,491.199462890625,501.7644387082916,490.3522904966187,501.5989207934361,92101400,SPY
2024-04-16,490.3035888671875,493.19557596027215,489.018254666714,491.676555438244,73484000,SPY
2024-04-17,487.40185546875,492.9229325491744,486.00942494137024,492.75738492725213,75910300,SPY
2024-04-18,486.39892578125,490.88784877913054,485.46415075166374,488.7943295112607,74548100,SPY
2024-04-19,482.15350341796875,487.31427501412566,480.8876330360681,486.3210783246666,102212600,SPY
2024-04-22,486.5937194824219,489.18385210193054,482.41639776348796,484.7533503648902,67961000,SPY
2024-04-23,492.3679504394531,492.79639521919916,486.4087108687592,488.5996095177476,64633600,SPY
2024-04-24,492.13427734375,494.0427852311199,489.9141678416356,493.2540640735244,55928100,SPY
2024-04-25,490.2646484375,491.02415872515365,484.42225246602163,486.0678630419317,69122400,SPY
2024-04-26,494.90936279296875,496.4868049205615,492.4166096033967,493.0495298783495,64306100,SPY
2024-04-29,496.6620788574219,497.33395677101214,493.9258924563797,496.69128964862307,46415400,SPY
2024-04-30,488.7943420410156,496.1752226900087,488.7943420410156,495.20149000874,77483600,SPY
2024-05-01,487.2071838378906,494.84124497607075,486.7397814235659,488.2101273744075,80242800,SPY
2024-05-02,491.7641906738281,492.60161619088024,486.4281251448712,490.90730120185356,62550200,SPY
2024-05-03,497.8597717285156,499.08665465274976,495.20147091341136,497.73318173027803,72756700,SPY
2024-05-06,503.0010681152344,503.039996024656,499.81694342031363,500.25513498697876,47264700,SPY
2024-05-07,503.5561218261719,504.9485523975052,502.8842439138016,503.96507290224616,52561300,SPY
2024-05-08,503.604736328125,504.14027734043043,501.6085965012132,501.72543965182825,42047200,SPY
2024-05-09,506.50653076171875,506.5455181068331,503.1374535973279,503.7898378767789,43643700,SPY
2024-05-10,507.1590270996094,508.9117342857,505.94186107705553,508.10351940578255,52233200,SPY
2024-05-13,507.2269592285156,508.94073789979245,506.0877088695995,508.8336415908161,36716400,SPY
2024-05-14,509.5543518066406,510.07045870728615,506.8863334989738,507.4218746415022,57535900,SPY
2024-05-15,515.8641357421875,516.1562436643347,511.38492968552964,512.0178797101214,59504900,SPY
2024-05-16,514.802734375,517.558414507879,514.6566506998298,515.9614786446474,50244800,SPY
2024-05-17,515.5427856445312,515.6109540647997,513.4687302561026,514.9195824580145,59187600,SPY
2024-05-20,516.13671875,517.5973177042522,515.2700824401487,515.6595992673854,37764200,SPY
2024-05-21,517.402587890625,517.5584184029028,515.1727614260365,515.3772666864285,33437000,SPY
2024-05-22,515.9127807617188,517.4220544657823,513.741316563043,516.7112486575287,48390000,SPY
2024-05-23,512.1444091796875,519.0676335599267,510.9369308576571,518.9605372397859,57211200,SPY
2024-05-24,515.5330200195312,516.3412347653415,513.0402667962413,513.9847589456947,41291100,SPY
2024-05-28,515.8932495117188,516.5748741957514,513.2641596915468,516.3411878885217,36269600,SPY
2024-05-29,512.2807006835938,513.458938533357,511.5698948988185,511.87174962966077,45190300,SPY
2024-05-30,508.88250732421875,511.40450154015656,507.63616018854225,510.7423703380884,46377600,SPY
2024-05-31,513.5173950195312,513.6439850215788,504.7440541264526,509.8367164200918,90785800,SPY
2024-06-03,513.9360961914062,515.4064420460951,508.87267437322015,515.1240809646227,46835700,SPY
2024-06-04,514.5106811523438,515.2507275789484,511.17078482758455,512.6313840068518,34632700,SPY
2024-06-05,520.6255493164062,520.6450429850004,514.8415757760073,516.8280281512839,47610400,SPY
2024-06-06,520.615966796875,521.3560132540258,518.6879948188819,520.9275684331457,30808500,SPY
2024-06-07,519.9830932617188,522.7874486486729,518.5516750551577,519.6422511020912,43224500,SPY
2024-06-10,521.589599609375,521.9109480214009,518.5807990347079,519.1747616812378,35686100,SPY
2024-06-11,522.8458862304688,522.904307826486,518.0745713052842,520.0415307577631,36383400,SPY
2024-06-12,527.139892578125,529.8274041983666,526.1077383475028,527.4028194115604,63251300,SPY
2024-06-13,528.2012939453125,529.0581834417079,525.4164327979901,528.8829186945259,44760900,SPY
2024-06-14,528.5226440429688,528.5518251182958,525.6695550365463,526.6725282080745,40089900,SPY
2024-06-17,532.7291870117188,534.1216772051151,527.3834034899254,527.8410888070123,55839500,SPY
2024-06-18,534.0827026367188,534.2092926573293,532.3689233717765,532.7876213507444,41376400,SPY
2024-06-20,532.6317749023438,535.669816103357,530.8595742964317,535.0076850141029,70328200,SPY
2024-06-21,531.917724609375,533.0313753907063,530.4621917432297,531.8102827682807,64338600,SPY
2024-06-24,530.1886596679688,534.3013212499749,530.0714395414016,531.7419157804823,45528700,SPY
2024-06-25,532.2302856445312,532.5917242597523,529.8955424418219,531.4096852385123,37936200,SPY
2024-06-26,532.89453125,533.6076301716555,530.4719028733521,531.1166134619692,38550600,SPY
2024-06-27,533.734619140625,534.3110010096894,532.0153114364416,532.7577451835803,35041500,SPY
2024-06-28,531.6343994140625,537.5543137581463,530.3938098387125,534.5064116818106,76144500,SPY
2024-07-01,532.728515625,533.2560061424955,529.9737236752046,533.0117876323043,40297800,SPY
2024-07-02,536.3136596679688,536.3136596679688,531.0776287968915,531.1264605772033,40434800,SPY
2024-07-03,538.7069091796875,539.068347757372,535.9618958708759,536.000949362856,32789900,SPY
2024-07-05,541.8134155273438,542.2139076372644,538.3747999305978,539.0097918869257,41488400,SPY
2024-07-08,542.4386596679688,543.3861988920726,541.3738407022457,542.5949332840256,36110500,SPY
2024-07-09,542.9661254882812,544.2946598471173,542.6730752067231,543.3959524424528,27289700,SPY
2024-07-10,548.3388671875,548.6807492045888,543.8941028470899,544.1871530936876,38701200,SPY
2024-07-11,543.61083984375,549.3255886798729,542.9759074999535,548.4561564855596,53054200,SPY
2024-07-12,547.0396728515625,550.6345620898736,544.2653840243584,544.7342644743289,53084400,SPY
2024-07-15,548.5441284179688,551.7775792240066,546.6880438244344,549.0325654558818,40584300,SPY
2024-07-16,551.7970581054688,552.090108393895,549.1008762046278,549.8530882979716,36475300,SPY
2024-07-17,544.0602416992188,547.5476892504238,543.7378565645935,545.8772131422685,57119000,SPY
2024-07-18,539.8792114257812,546.5806130354061,537.7008012722223,545.5939606590898,56270400,SPY
2024-07-19,536.2940673828125,541.2663824595259,535.2390267295067,539.644738170822,65509100,SPY
2024-07-22,541.8231811523438,542.4288382548532,538.2771238069361,540.2113152231016,43346700,SPY
2024-07-23,540.9732666015625,543.8647752379528,540.4848296428585,541.7156406949248,34439600,SPY
2024-07-24,528.713623046875,536.47000685651,527.7953588811716,536.1671782286543,74515300,SPY
2024-07-25,525.9586791992188,534.7994361794972,525.0209183627663,528.8306910081631,61158300,SPY
2024-07-26,531.8493041992188,534.5357078065754,528.9675138593225,529.7392825093052,53763800,SPY
2024-07-29,532.1619873046875,534.3990077101311,530.1691258203317,533.3928583100442,39515800,SPY
2024-07-30,529.4656982421875,534.6822315404584,526.0661958644091,533.6271909452782,46853600,SPY
2024-07-31,538.0718994140625,540.6996925359946,534.9166158614872,536.284203519186,65663400,SPY
2024-08-01,530.452392578125,542.0381046138815,526.9551667505608,539.7913062018092,76428700,SPY
2024-08-02,520.5762939453125,524.571676102486,516.3756871144337,523.3603616135271,82789100,SPY
2024-08-05,505.4150695800781,511.4717002411795,498.4694800108966,499.80782241877216,146267400,SPY
2024-08-06,510.0748291015625,517.4990483238507,505.89377938390135,507.21253555376086,84826300,SPY
2024-08-07,506.66552734375,519.2965627450678,506.0696484137689,516.2486605015515,70698300,SPY
2024-08-08,518.3782348632812,519.0033889369354,509.77197692780607,511.79405372836936,63276600,SPY
2024-08-09,520.6640625,522.1489300560904,516.3365178449808,517.5576103421191,45619600,SPY
2024-08-12,520.9376220703125,523.3406939742863,518.6712672136742,521.8558860240913,42542100,SPY
2024-08-13,529.5048828125,529.7393827100993,523.8781373672056,524.1223559231595,52333100,SPY
2024-08-14,531.17529296875,532.3573320967027,527.6292352085552,530.2960824274743,42446900,SPY
2024-08-15,540.2797241210938,540.5629961238054,536.1866195717042,536.7922766972661,60846800,SPY
2024-08-16,541.4910888671875,542.1846909540823,538.5116347380534,538.6679083622046,44430700,SPY
2024-08-19,546.6685180664062,546.6685180664062,541.0514918139045,541.901367537868,39121800,SPY
2024-08-20,545.7794189453125,547.8699432442916,544.4411065725191,546.2190240920917,33732300,SPY
2024-08-21,547.6551513671875,549.1106842316043,541.9013486274712,546.8248322343893,41514600,SPY
2024-08-22,543.3568725585938,550.1559376249218,542.1455582382872,549.5502804647684,56121500,SPY
2024-08-23,549.1301879882812,550.0680084955276,544.4020915801096,546.5903394303513,50639400,SPY
2024-08-26,547.8211669921875,550.8690092024209,546.1214157161334,550.1559102385648,35788600,SPY
2024-08-27,548.5733032226562,549.0617401711636,545.4082413361126,546.5511671009976,32693900,SPY
2024-08-28,545.3887939453125,548.661357929549,542.204174863817,548.2315309438809,41066000,SPY
2024-08-29,545.4375610351562,550.6443160255352,544.294635177053,547.3522554939839,38715200,SPY
2024-08-30,550.6444091796875,551.1524028130747,544.2556737558524,547.8017316610252,62700100,SPY
2024-09-03,539.3125610351562,547.8406511283397,536.801987949737,547.5084877669302,60600100,SPY
2024-09-04,538.2088012695312,541.6083040829072,536.7532683896355,537.4761456891545,47224900,SPY
2024-09-05,536.8997192382812,540.9928237930679,534.4477558926965,538.1501466111926,44264300,SPY
2024-09-06,527.863525390625,538.8435776360059,526.9648181668874,537.2219933220675,68493800,SPY
2024-09-09,533.773681640625,535.043665505135,530.1299607989381,532.0544335310877,40445800,SPY
2024-09-10,536.0986328125,536.4503527479894,530.8137709847371,535.678584169421,36394600,SPY
2024-09-11,541.5985717773438,542.5168359009789,527.4730091477311,536.0108800293665,75248600,SPY
2024-09-12,546.1605834960938,546.4634120914028,539.9573969973035,542.1749203516514,51819600,SPY
2024-09-13,549.012939453125,550.0093699640063,546.5121445202687,546.7661412876428,39310500,SPY
2024-09-16,549.8237915039062,550.0875069413107,546.9517795427174,548.7491943236346,36656100,SPY
2024-09-17,550.0484619140625,553.477299266029,547.8211605278194,552.0314851715059,49321000,SPY
2024-09-18,548.4171142578125,555.5385046014119,547.8602888957543,550.702966140304,59044900,SPY
2024-09-19,557.7755126953125,559.6315971955383,554.9426137920285,557.8048475354702,75315500,SPY
2024-09-20,556.8114013671875,557.8500616857909,553.793383536953,556.4096807844697,77503100,SPY
2024-09-23,558.2026977539062,558.8494456443765,556.6642942041962,557.8793836152081,44116900,SPY
2024-09-24,559.7998657226562,559.8586555458002,556.174333811357,558.9963649353333,46805700,SPY
2024-09-25,558.5653076171875,560.378103761662,557.4580492681129,559.6432009533316,38428600,SPY
2024-09-26,560.77978515625,563.1413061737785,558.4281322177342,562.817932214862,48336000,SPY
2024-09-27,559.9664306640625,562.6610738881527,558.9375788488986,561.847824630314,42100900,SPY
2024-09-30,562.21044921875,562.8179640810873,556.6447925339722,558.9376557740085,63557400,SPY
2024-10-01,557.1738891601562,562.5043864049716,554.6066335561335,561.8576982708267,72668800,SPY
2024-10-02,557.4090576171875,558.4281611024765,553.8913563966638,556.282242548741,38097800,SPY
2024-10-03,556.3899536132812,558.3300776437013,554.1068390984451,555.9391917508498,40846500,SPY
2024-10-04,561.446044921875,561.818400406846,556.6642732473864,560.8287218708198,42939100,SPY
2024-10-07,556.3703002929688,560.4465939096317,555.2238688786401,559.7998460712181,49964700,SPY
2024-10-08,561.6322631835938,562.230029540932,558.0655806170524,558.9376197622599,37398700,SPY
2024-10-09,565.5223999023438,566.0809331902332,561.0247685875196,561.6224751598685,37912200,SPY
2024-10-10,564.53271484375,565.9535388259317,562.9257131010544,564.1799758679994,44138100,SPY
2024-10-11,567.9132690429688,568.6481717987969,564.3171018304082,564.4542980317323,42268000,SPY
2024-10-14,572.5579223632812,573.4888112745962,569.0401610478535,569.520288010914,36217200,SPY
2024-10-15,568.1092529296875,573.1261842726946,566.8941634738084,572.8224268603595,54203600,SPY
2024-10-16,570.5785522460938,571.097912292803,567.3058184280349,568.1093193754714,30725400,SPY
2024-10-17,570.62744140625,574.3215715502484,570.4412636582532,574.1157772582931,34393700,SPY
2024-10-18,572.8224487304688,573.6063330690159,570.8528997080355,572.3128969974695,37416800,SPY
2024-10-21,571.8817749023438,573.0771881011084,568.912738838732,572.0973176864316,36439000,SPY
2024-10-22,571.5780029296875,572.7342428128154,568.697181591541,569.3536780068462,34183800,SPY
2024-10-23,566.3552856445312,570.0004346494243,562.8571411229607,569.5594810059998,49314600,SPY
2024-10-24,567.5802001953125,568.3837012123148,564.9639626077603,568.3052948235324,34979900,SPY
2024-10-25,567.3840942382812,572.6950344865168,566.443456997856,569.8044050522926,47268200,SPY
2024-10-28,569.1381225585938,570.9802836348513,568.8343651367928,570.8528957024953,30174700,SPY
2024-10-29,570.0592651367188,571.1762720247682,566.7864714367279,568.1778707648036,42899700,SPY
2024-10-30,568.334716796875,571.578085865319,567.629178914475,569.5889199783458,41435800,SPY
2024-10-31,557.1935424804688,564.0428273008541,556.9975564307639,563.9742291931302,60182500,SPY
2024-11-01,559.545166015625,563.9643910438907,559.1336371976272,559.8195584319851,45667500,SPY
2024-11-04,558.3399658203125,560.9758196621659,556.4586313456186,559.6823835212687,38217000,SPY
2024-11-05,565.09130859375,565.1304818819561,559.0357163025479,559.2512590975022,39478300,SPY
2024-11-06,579.1426391601562,580.014738259286,573.6064067155438,577.3397109306703,68182000,SPY
2024-11-07,583.6205444335938,584.6396478381987,581.0630972629532,581.1415036340469,47233200,SPY
2024-11-08,586.1486206054688,587.569444510154,584.1692634497057,584.1692634497057,46444900,SPY
2024-11-11,586.707275390625,588.0888664930864,584.9826937261699,587.7361274635068,37586800,SPY
2024-11-12,584.8847045898438,587.2265495486535,582.4056036057904,586.6288429184635,43006100,SPY
2024-11-13,585.1687622070312,587.1676761411395,582.9836705187753,585.3451316888757,47388600,SPY
2024-11-14,581.4061279296875,585.7763718199695,580.7202664359244,585.2962448517161,38904100,SPY
2024-11-15,573.9591064453125,578.3195418358689,572.1071369723535,577.8491633593196,75988800,SPY
2024-11-18,576.310791015625,577.6237838402152,573.5573576252949,574.4195885423085,37001700,SPY
2024-11-19,578.41748046875,579.142574989824,572.2737337790142,572.9400384688264,49412000,SPY
2024-11-20,578.6134033203125,578.8975441726233,572.8615695316089,578.4958236706298,50032600,SPY
2024-11-21,581.7196044921875,583.1404284379229,575.6248397212988,581.4550801704302,46750300,SPY
2024-11-22,583.5226440429688,584.1497754660484,581.2101642027249,581.7098478799927,38226400,SPY
2024-11-25,585.501953125,588.7648782973704,583.2188384863542,587.4518855330788,42441400,SPY
2024-11-26,588.5591430664062,589.2254477201681,586.0310608458545,586.7463470552605,45621300,SPY
2024-11-27,586.7758178710938,588.755115442667,585.2570306878304,588.3730114334577,34000200,SPY
2024-11-29,590.4207763671875,591.2046605649765,587.3146045826015,587.5889371388888,30177400,SPY
2024-12-02,591.4791259765625,592.1552388895445,590.3424429138348,590.8323780737772,31746000,SPY
2024-12-03,591.7536010742188,591.9985687131837,590.2152569312856,591.2441090536275,26906600,SPY
2024-12-04,595.427978515625,595.6729460981672,592.7725681970518,593.438872844782,42787600,SPY
2024-12-05,594.4481201171875,596.2314913306755,594.0953811448159,595.4279904670244,28762200,SPY
2024-12-06,595.5750122070312,596.8096584526629,594.800936138575,595.212464951605,31241500,SPY
2024-12-09,592.5079956054688,595.6239761392873,591.9200973185369,595.4574149257465,34742700,SPY
2024-12-10,590.6658325195312,593.6054435570935,590.0093361336401,593.184106485161,37234500,SPY
2024-12-11,595.2320556640625,596.1825011825678,593.3114882757061,593.5858806768452,28677700,SPY
2024-12-12,592.1650390625,594.9380289691392,592.1650390625,594.369747252086,31543800,SPY
2024-12-13,592.0474853515625,594.9086900260288,590.6756429397628,594.1934038090473,35904700,SPY
2024-12-16,594.575439453125,595.5455612250375,593.0272875396962,593.8013634964105,43695200,SPY
2024-12-17,592.1257934570312,592.9880840930309,590.7540109408761,592.0278303510687,55773500,SPY
2024-12-18,574.4783935546875,594.2031278558312,574.0962297805506,591.8220501813851,108248700,SPY
2024-12-19,574.302001953125,581.0631314525076,574.057034359764,579.456129686489,85919500,SPY
2024-12-20,581.199951171875,585.7225012446567,571.132257605004,571.9778279294948,125716700,SPY
2024-12-23,584.6802978515625,585.2800160502417,577.7685966184363,580.9442707021165,57635800,SPY
2024-12-24,591.1790771484375,591.2184422848073,585.4471892507113,586.0272849416975,33160100,SPY
2024-12-26,591.2184448242188,592.3392110668057,588.0133066034633,589.4093887705021,41219100,SPY
2024-12-27,584.9950561523438,587.7184519013749,580.8165903318666,587.482441071987,64969300,SPY
2024-12-30,578.3192749023438,581.7800467977985,574.5734057798932,577.9948725430215,56578800,SPY
2024-12-31,576.2152709960938,580.6985158642835,574.583178079053,579.9807622286955,57052700,SPY
2025-01-02,574.7994995117188,581.180251846637,570.7291685588775,579.4695486945864,50204000,SPY
2025-01-03,581.9864501953125,582.6254735449975,576.5593423217554,577.6408633877121,37888500,SPY
2025-01-06,585.3390502929688,589.6060270134918,583.608664526265,586.2337670283534,47679400,SPY
2025-01-07,578.722412109375,587.6889029930588,576.9035745975999,587.3644406233403,60393100,SPY
2025-01-08,579.56787109375,580.6395509433228,575.350100693004,578.7911897402016,47304700,SPY
2025-01-10,570.7194213867188,576.0875425144147,568.8120722687759,576.0187135246937,73105000,SPY
2025-01-13,571.6043090820312,571.9582353156698,565.6659333477378,566.0789072948215,47910100,SPY
2025-01-14,572.3907470703125,575.1534475548353,568.6153544470202,574.5242054496483,48420600,SPY
2025-01-15,582.802490234375,583.9429389739179,579.2827311805529,580.3937160773642,56900200,SPY
2025-01-16,581.6817016601562,584.34604932179,580.9836305712422,584.1690862304802,43319700,SPY
2025-01-17,587.521728515625,589.2717368825727,585.5848557638515,586.9121689712896,58070600,SPY
2025-01-21,592.8995971679688,592.9094384516549,588.5933154613438,590.5596519481012,42532900,SPY
2025-01-22,596.2326049804688,597.5893820777127,595.1707663809229,595.7213382459036,48196000,SPY
2025-01-23,599.48681640625,599.48681640625,595.3280340779654,595.6032899728609,41152100,SPY
2025-01-24,597.7368774414062,600.4996383180872,596.5865871884719,599.5459337435196,34604700,SPY
2025-01-27,589.2815551757812,589.5961762199101,584.6311885086425,584.798310310645,70361100,SPY
2025-01-28,594.3449096679688,595.1805787054238,587.1972570477369,590.5105293609671,44433300,SPY
2025-01-29,591.680419921875,593.9613772229904,589.1339880186671,593.558244678493,37177400,SPY
2025-01-30,594.8560791015625,596.389819126707,590.6087851839717,593.7943006280343,39281300,SPY
2025-01-31,591.6904296875,599.693435081772,590.9333707965222,597.2748191495543,66566900,SPY
2025-02-03,587.7085571289062,590.1861005375324,580.5510628181718,582.6943625959686,65857200,SPY
2025-02-04,591.6510620117188,592.1622687341741,587.2268045597665,587.767535135661,33457800,SPY
2025-02-05,594.0499267578125,594.1974260072697,588.5049031019603,590.5302274178379,30653100,SPY
2025-02-06,596.1146240234375,596.242440705887,592.4867305159943,595.7901616750784,35771500,SPY
2025-02-07,590.6580810546875,597.8941858585465,589.9501686239648,596.6750666805723,50788500,SPY
2025-02-10,594.6693725585938,595.30845601079,592.5949016719809,593.863227291288,26048700,SPY
2025-02-11,595.1216430664062,595.6623736678141,592.2901133629294,592.408088766588,30056700,SPY
2025-02-12,593.2044067382812,594.3743794070193,588.4360645213627,589.1144530437037,45076100,SPY
2025-02-13,599.4671630859375,599.6736500230521,593.0471055616473,594.3055297285264,40921300,SPY
2025-02-14,599.4376831054688,600.7059485220444,598.8182823186273,599.6736338799176,26910400,SPY
2025-02-18,601.197509765625,601.197509765625,598.1398710820379,600.5977915687461,26749000,SPY
2025-02-19,602.6133422851562,602.908280775238,599.3000698962699,599.8113366176324,31011100,SPY
2025-02-20,600.1063232421875,601.3844301402796,596.8028918726411,601.2467721645895,36554000,SPY
2025-02-21,589.842041015625,600.0276510429451,589.3799206723878,599.8899930676969,76519800,SPY
2025-02-24,587.157958984375,592.8800056614799,586.4500466079941,591.8869960824046,50737200,SPY
2025-02-25,584.2378540039062,587.8264418905826,579.636634088407,587.0989070332523,58266500,SPY
2025-02-26,584.5328979492188,589.4881049123491,581.8980139327481,585.8995163780398,43321600,SPY
2025-02-27,575.2025756835938,587.9542991571739,574.809344386224,586.8039490929929,74196700,SPY
2025-02-28,584.178955078125,584.7098443771037,572.6365684069419,575.7040488167072,88744100,SPY
2025-03-03,573.9441528320312,587.2857532860544,570.1392964764723,586.1452445030724,74249200,SPY
2025-03-04,567.1505126953125,575.5369680083471,562.6181207422406,569.9525786591505,109648200,SPY
2025-03-05,573.2461547851562,575.0355284425119,563.4341535288585,566.9833769883293,71230500,SPY
2025-03-06,563.0702514648438,570.4046474415857,560.523819558892,565.793586428619,80094900,SPY
2025-03-07,566.226318359375,567.6716070865215,556.1095373006934,561.2908538818324,81158800,SPY
2025-03-10,551.14453125,559.9536812738498,546.2385307775894,558.0365509948175,99326600,SPY
2025-03-11,546.5629272460938,554.5266268117218,542.728606721458,549.9843938775969,88102100,SPY
2025-03-12,549.4632568359375,553.631880779765,544.3704523001988,552.7077001878538,69588200,SPY
2025-03-13,542.1386108398438,549.6991769603108,540.4279077137791,549.0896174558009,74079400,SPY
2025-03-14,553.3369750976562,554.3398260143258,542.2075022062043,546.7497351697265,62660300,SPY
2025-03-17,557.6039428710938,560.1208513978755,552.8846868765244,553.3172833424321,49008700,SPY
2025-03-18,551.5771484375,555.5098219909205,549.6501167935029,555.2934937414076,66041400,SPY
2025-03-19,557.584228515625,561.3399385264869,552.1768030039566,553.3566169353411,66556000,SPY
2025-03-20,555.9718017578125,560.9663132490421,553.1304311253591,553.8481847501696,62958200,SPY
2025-03-21,556.1552734375,557.0526817242638,550.2878724028328,551.5205297947124,83763000,SPY
2025-03-24,566.115234375,567.1703964240185,562.2890606566666,562.8807121849223,58766800,SPY
2025-03-25,567.4760131835938,568.4127846067184,565.73055113845,567.3181993393742,38355700,SPY
2025-03-26,560.7012939453125,568.3338979913931,559.3206937528307,567.2097001365158,51848300,SPY
2025-03-27,559.2123413085938,562.9793497998379,557.1020172521603,559.3109298319079,42164200,SPY
2025-03-28,547.9506225585938,558.4134627917625,547.3688420558537,557.6837393471919,71662700,SPY
2025-03-31,551.62890625,552.9305994826874,539.282592409213,542.201546342058,95328200,SPY
2025-04-01,553.1869506835938,555.1296497708261,545.998115405224,549.7158288612504,54609600,SPY
2025-04-02,556.687744140625,559.547472787333,547.1124411566806,547.3491017135567,76014500,SPY
2025-04-03,529.2537231445312,540.3673198616506,529.2537231445312,537.5470145495102,125986000,SPY
2025-04-04,498.26971435546875,518.574043873056,498.0527654446422,516.4045547647906,217965100,SPY
2025-04-07,497.3821716308594,515.9114550791749,475.115432610906,482.40291724281104,256611400,SPY
2025-04-08,489.591796875,517.6963548854247,482.3733480760591,514.6196468974629,165816600,SPY
2025-04-09,541.0084228515625,541.0084228515625,486.20939567811143,486.59399925019795,241867300,SPY
2025-04-10,517.3018798828125,526.098105010763,502.2535908103832,524.7865408671853,162331200,SPY
2025-04-11,526.5320434570312,528.9874872153164,512.8544826104954,515.7536950429114,97866300,SPY
2025-04-14,531.6401977539062,536.7286411738348,526.453165817952,536.5017912856171,68034000,SPY
2025-04-15,530.151123046875,535.6931457102869,529.3622343758641,532.1825399641931,56892900,SPY
2025-04-16,518.366943359375,530.4273047249436,513.0714517926509,524.3034408726064,83484800,SPY
2025-04-17,519.1064453125,523.8004136549424,516.6411308627585,520.3194209498447,79868100,SPY
2025-04-21,506.7503662109375,514.4618777265953,501.4055507612705,513.9293312369678,69368100,SPY
2025-04-22,519.9348754882812,521.9564215250564,511.9867032226325,512.9235348557764,75948100,SPY
2025-04-23,527.9915161132812,537.8626460694973,526.4729038847668,532.9320165359907,90590700,SPY
2025-04-24,539.1051635742188,539.8348871004667,528.0211182344198,529.2734571828396,64150400,SPY
2025-04-25,543.0004272460938,543.4047124173812,536.1468396073658,539.0657941930334,61119600,SPY
2025-04-28,543.2073974609375,545.8699492792146,537.4583271221219,543.7399439376,47613800,SPY
2025-04-29,546.6293334960938,547.7436606136026,540.9393676118534,541.2943585019403,47775100,SPY
2025-04-30,546.84619140625,548.7987614609631,534.0068741379372,539.9729233205555,93101500,SPY
2025-05-01,550.7216186523438,556.2439589647481,550.1200963901105,552.5952816524762,63186100,SPY
2025-05-02,558.8966674804688,560.4941864598073,554.5774316657111,556.894803218062,60717300,SPY
2025-05-05,555.6918334960938,558.788283367358,553.9069479669498,554.7648727126054,38659200,SPY
2025-05-06,551.0471801757812,555.5340413030556,549.2327420958744,550.1892553966732,48264700,SPY
2025-05-07,553.3646240234375,555.9975635671368,548.325474465382,552.3784980322621,55588000,SPY
2025-05-08,557.22021484375,562.3973750401349,553.9068467632651,557.3977102564539,65130800,SPY
2025-05-09,556.51025390625,559.6263849147109,554.9521583078488,558.6205173502777,37603400,SPY
2025-05-12,574.9015502929688,574.9114211824733,569.0340889310521,573.4026196086874,78993600,SPY
2025-05-13,578.6981811523438,580.907093658496,574.7536773375426,575.3157161654024,67947200,SPY
2025-05-14,579.437744140625,580.8084133986617,577.4161378946785,579.6546629482465,66283500,SPY
2025-05-15,582.2678833007812,582.770756919371,576.9822030720642,577.4358426248243,71268100,SPY
2025-05-16,585.9559936523438,586.2518193704545,581.1042713102905,583.0469103495059,76052100,SPY
2025-05-19,586.5969848632812,587.27741416191,579.9406348417033,579.9406348417033,68168500,SPY
2025-05-20,584.6246948242188,585.8080578995526,581.419785763877,584.8614155899625,60614500,SPY
2025-05-21,574.7733154296875,584.3584902721909,573.7477661832594,580.2759146876367,95197700,SPY
2025-05-22,575.0001831054688,578.4811762683786,573.3434386116112,574.5760959985981,70860400,SPY
2025-05-23,571.0753784179688,573.7379304924723,567.6140667399493,567.9887994120531,76029000,SPY
2025-05-27,582.9483032226562,583.1060568711622,570.4047514802384,577.9387671986972,72588500,SPY
2025-05-28,579.5758056640625,584.5459191469531,578.8460820656009,583.3526850377893,68445500,SPY
2025-05-29,581.863525390625,584.9698457847473,577.9387639052553,584.8317737253767,69973300,SPY
2025-05-30,581.2127685546875,582.9286180198035,575.1480700909575,580.7591289651484,90601200,SPY
2025-06-02,584.4867553710938,584.5656021144322,576.9428674958667,579.605419698203,61630500,SPY
2025-06-03,587.81982421875,588.7960792462304,583.6385997733717,584.1218520308094,63606200,SPY
2025-06-04,587.6619873046875,589.6539808386906,587.2280895107962,588.6777258495218,57314200,SPY
2025-06-05,584.8218383789062,590.6892983720219,582.8495869653102,589.3383109687754,92278700,SPY
2025-06-06,590.8275756835938,592.4941311146165,588.5791794005468,590.3541942517979,66588700,SPY
2025-06-09,591.3599243164062,592.9081490758875,590.1864321834666,591.3993476813894,53016400,SPY
2025-06-10,594.7127685546875,595.0973118762876,590.7781362147839,591.8924030034493,66247000,SPY
2025-06-11,593.0166015625,596.6652790904382,590.9556323288738,595.8073544523882,73658200,SPY
2025-06-12,595.3734741210938,595.3734741210938,591.2021810906274,591.6853731206485,64129000,SPY
2025-06-13,588.7171020507812,593.4997881009825,587.2181715759101,590.1962907494013,89506000,SPY
2025-06-16,594.318359375,596.0638215052488,591.8924679557008,592.0700235861916,79984100,SPY
2025-06-17,589.2398071289062,593.4012293190596,588.4804709653109,591.8826171802143,82209400,SPY
2025-06-18,589.1510009765625,592.8785252065284,588.1944276516227,590.1371267775953,76605000,SPY
2025-06-20,587.7673950195312,592.8906208578056,586.3629131433069,591.8224395288368,94051400,SPY
2025-06-23,593.5730590820312,593.9587392448562,585.4035696790836,588.5190130228361,87426000,SPY
2025-06-24,600.1304321289062,601.1886530620405,596.7973078378046,597.7072691809916,67735300,SPY
2025-06-25,600.4666748046875,601.940336500435,598.903972841808,601.247995602986,62114800,SPY
2025-06-26,605.16455078125,605.5997312639034,601.7029070585035,602.3161076886594,78548400,SPY
2025-06-27,608.1712646484375,609.6350865938839,604.1360202356653,606.1635425121184,86258400,SPY
2025-06-30,611.0791015625,612.4340832221852,608.2998981128763,610.6142811588834,92502500,SPY
2025-07-01,610.8812866210938,612.0483479268365,608.7746241554748,609.6053849111585,70030100,SPY
2025-07-02,613.650634765625,613.6901746824169,609.8526899336259,610.4757907292374,66510400,SPY
2025-07-03,618.4869995117188,619.4167005776212,615.6088560521965,615.628656191773,51065800,SPY
2025-07-07,613.8780517578125,617.1913758193931,611.0988485499288,616.5286747873084,74814500,SPY
2025-07-08,613.5418090820312,615.2923708557059,612.7307881009865,614.5406899285775,59024600,SPY
2025-07-09,617.2210693359375,617.8738099884296,614.1055653060555,615.945227877469,66113300,SPY
2025-07-10,618.9617309570312,620.0002120765442,616.1825277796053,617.3594891460615,57529000,SPY
2025-07-11,616.7858276367188,618.0122289852302,614.7187654701638,615.9154666088177,63670200,SPY
2025-07-14,617.9628295898438,618.3089698632363,614.9858059200452,616.3308874637725,51898500,SPY
2025-07-15,615.3220825195312,620.9793689858044,615.242942324076,620.6431287961128,74317300,SPY
2025-07-16,617.3792724609375,617.883693134462,611.2769051241828,616.9045519994012,88987500,SPY
2025-07-17,621.1573486328125,621.5134493059918,617.3396644874989,617.557284919235,68885700,SPY
2025-07-18,620.7024536132812,622.5716954836944,619.5947323692288,622.4035753929759,65621600,SPY
2025-07-21,621.87939453125,624.6189973413707,621.4541141003111,621.87939453125,63375000,SPY
2025-07-22,621.9683837890625,622.8288447335428,619.3276609031153,622.2057439990875,60046300,SPY
2025-07-23,627.2598266601562,627.2598266601562,622.8288811376781,624.6289433239532,70511000,SPY
2025-07-24,627.4674072265625,629.1784892953694,627.0421268182102,627.6454273719465,71307100,SPY
2025-07-25,630.1181030273438,630.5928838363332,627.8829206987424,628.1301809903662,56865400,SPY
2025-07-28,629.9598388671875,631.0477599275997,628.5751571845921,630.4938993278172,54917100,SPY
2025-07-29,628.29833984375,631.670943868378,627.388438817005,631.3544434316219,60556300,SPY
2025-07-30,627.5070190429688,630.6917023127537,624.6189756546709,628.9509803708415,80418900,SPY
2025-07-31,625.1531372070312,632.8379457731452,623.8574957354674,632.4522656090571,103385200,SPY
2025-08-01,614.9066772460938,619.4761032114768,612.5033143296554,619.4365029283234,140103600,SPY
2025-08-04,624.2530517578125,624.3024917393647,618.7243458354196,618.813325728958,73218000,SPY
2025-08-05,621.088134765625,625.6773001361546,620.1683337507773,624.866279158634,68051400,SPY
2025-08-06,625.845458984375,626.4981995520814,621.2463937026511,622.1562946160922,64357500,SPY
2025-08-07,625.3212280273438,629.9993730574174,622.2156245224251,629.2674923107387,74205800,SPY
2025-08-08,630.1972045898438,630.6620853000642,626.7949007710238,627.1114011688534,64051600,SPY
2025-08-11,628.9509887695312,631.9478122276477,627.7047873460086,630.474150672182,58742300,SPY
2025-08-12,635.6468505859375,635.8050706066525,629.8114837326607,631.2950454377703,64730800,SPY
2025-08-13,637.82275390625,639.10849531226,635.6369512596368,637.8424936799373,60092800,SPY
2025-08-14,637.882080078125,638.5447207235369,635.300697252298,635.7457174616427,59327500,SPY
2025-08-15,636.388671875,639.0096552004113,635.4787708739423,638.9107148606824,68592500,SPY
2025-08-18,636.2501220703125,636.942462907598,635.1424008771667,635.814941575414,43804900,SPY
2025-08-19,632.7984008789062,637.0512656505922,631.4829592777961,636.0721245937336,69750700,SPY
2025-08-20,631.1170043945312,632.6500060324975,626.013578858981,632.3929060531275,88890300,SPY
2025-08-21,628.5851440429688,630.978606926108,626.8642219548319,629.3071851926883,54805800,SPY
2025-08-22,638.2380981445312,639.4150594466402,630.2664294390896,630.7708500494616,84083200,SPY
2025-08-25,635.4292602539062,638.218363635622,635.3105801411765,636.9820621561176,51274300,SPY
2025-08-26,638.0897216796875,638.4359222802034,634.5390979794016,635.1621986940528,51581600,SPY
2025-08-27,639.543701171875,640.2755819843173,637.3578984386413,637.5062787617181,48341100,SPY
2025-08-28,641.8085327148438,642.3623933153343,638.267809046051,640.146950913372,61519500,SPY
2025-08-29,637.9810180664062,640.7404816664739,636.0919759234915,640.374480883152,74522200,SPY
2025-09-02,633.2533569335938,633.4709169972102,627.9619508913343,630.5136938017484,81983500,SPY
2025-09-03,636.6853637695312,637.1502445176759,633.4413400681225,635.6270824559713,70820900,SPY
2025-09-04,642.00634765625,642.0360478647699,636.4578416280056,637.3578424589464,65219200,SPY
2025-09-05,640.14697265625,645.0625384730564,636.2798483910566,644.3404973975818,85178900,SPY
2025-09-08,641.7195434570312,642.718484610511,640.1370415028089,641.5118230975241,63133100,SPY
2025-09-09,643.203125,643.7272854003053,640.1271612550325,641.8579832056892,66133900,SPY
2025-09-10,645.0625,647.3768223058731,643.4997982019892,646.4570213518696,78034500,SPY
2025-09-11,650.4232177734375,651.1155587384138,646.4275127588113,647.011013305281,69934400,SPY
2025-09-12,650.2054443359375,651.8868261792371,649.7010841125947,650.393364548417,72780100,SPY
2025-09-15,653.6671142578125,653.7956944276398,652.114372883025,652.4110731340584,63772400,SPY
2025-09-16,652.7671508789062,654.5276730798186,651.9858301119879,654.2210123755038,61169000,SPY
2025-09-17,651.9561157226562,654.4682584259048,647.1295902463727,652.7770367516476,101952200,SPY
2025-09-18,655.0023803710938,657.603563340362,653.0341982051615,654.6364399867887,90459200,SPY
2025-09-19,658.2465209960938,659.0895125014193,654.9438659954435,656.8877828567474,97945600,SPY
2025-09-22,661.3607177734375,661.8069717744121,656.7290467709187,656.7588293222589,69452200,SPY
2025-09-23,657.7606201171875,661.8566899635472,656.540685502851,661.2417286303936,81708900,SPY
2025-09-24,655.6678466796875,659.1490153831234,654.2496039734066,659.0498612769777,68082200,SPY
2025-09-25,652.6429443359375,653.9917550046746,649.0328388399253,652.5338627083877,89622100,SPY
2025-09-26,656.3819580078125,656.9274266555326,652.4743298182361,654.0909412604747,69179200,SPY
2025-09-29,658.2266845703125,659.8135740530697,656.4216318338509,658.9010899003678,73499000,SPY
2025-09-30,660.7061157226562,661.1722852976668,656.173659297658,657.4828203674869,86288000,SPY
2025-10-01,662.95751953125,663.8699431635192,657.611793334362,657.7208749627936,72545400,SPY
2025-10-02,663.7210693359375,665.0600128657511,661.3011766397112,664.9410037342527,56896000,SPY
2025-10-03,663.7113037109375,667.1527626006609,662.6698828508305,664.4848631838105,70494400,SPY
2025-10-06,666.0914916992188,666.9841207809839,663.9591941673339,666.1014192164715,54623300,SPY
2025-10-07,663.6219482421875,667.4601442579947,662.1838505424819,667.0138297258598,72020100,SPY
2025-10-08,667.5791625976562,667.6783772359653,663.919480237528,664.7426772273783,60702200,SPY
2025-10-09,665.6452026367188,668.4023890582872,663.7112737749407,667.9957845708525,66501900,SPY
2025-10-10,647.6542358398438,668.4122493878771,647.4757221413303,666.6071968358344,159422600,SPY
2025-10-13,657.5919189453125,659.664772492732,654.3488290056752,655.2216030747315,79560500,SPY
2025-10-14,656.78857421875,660.3590300864076,647.8030207789583,651.7701536094826,88779600,SPY
2025-10-15,659.7044067382812,664.7228272522149,653.5156893256119,661.3408732132422,81702600,SPY
2025-10-16,655.2116088867188,663.2153058553965,651.7105854492366,661.340821247798,110563300,SPY
2025-10-17,658.9308471679688,660.2895852935891,652.7322022395391,654.0810128478913,96500900,SPY
2025-10-20,665.7840576171875,666.6866142382812,661.7872027532737,661.8367798071084,60493400,SPY
2025-10-21,665.7741088867188,667.4601523988813,664.4748753427003,665.9229005771253,56249000,SPY
2025-10-22,662.3128051757812,666.4783066993808,657.8497808005621,666.4783066993808,80564000,SPY
2025-10-23,666.2402954101562,667.1825015615415,662.3128121266341,662.6301900162397,65604500,SPY
2025-10-24,671.6851806640625,672.8951271271609,670.0983517375236,670.9016937183009,74356500,SPY
2025-10-27,679.6095581054688,679.9070809796764,676.515199146416,677.1201724129126,63339800,SPY
2025-10-28,681.41455078125,683.2493254549719,679.2028936555786,681.4046232640447,61738100,SPY
2025-10-29,681.7418823242188,684.0328991417463,677.2590027977353,683.0609104229828,85657100,SPY
2025-10-30,674.2440185546875,680.3037996369978,674.2440185546875,678.2805836148408,76335800,SPY
2025-10-31,676.4556274414062,679.4508319897004,673.6587916341136,679.4111219213156,87164100,SPY
2025-11-03,677.72509765625,680.1648453676048,674.3530108656404,680.0359087204932,57315000,SPY
2025-11-04,669.691650390625,674.3728983771498,669.0371001406891,670.5544968959969,78427000,SPY
2025-11-05,672.012451171875,675.2654684624238,668.6304366940664,669.4337786331213,74402400,SPY
2025-11-06,664.8021850585938,671.8140994484131,663.2252231578799,670.9115428502156,85035300,SPY
2025-11-07,665.4567260742188,665.5658682287408,655.7769731606511,662.4218719882706,100592400,SPY
2025-11-10,675.8406982421875,676.5746080726943,669.4833950163819,671.6751969912248,75842900,SPY
2025-11-11,677.387939453125,677.9532631527235,673.1530057317516,674.3630127379913,58953400,SPY
2025-11-12,677.7648315429688,679.3318660026857,675.3548055474994,679.1632192686196,62312500,SPY
2025-11-13,666.5180053710938,675.265541055433,665.0105359672095,674.9085136071693,103457800,SPY
2025-11-14,666.4088134765625,670.1081450818862,657.8199984349773,659.9126462553079,96846700,SPY
2025-11-17,660.2003173828125,668.1742931923078,656.7290761218832,664.1972328051172,90456100,SPY
2025-11-18,654.65625,659.6548153709225,650.4708935566339,656.6596108350068,114467500,SPY
2025-11-19,657.185302734375,661.856623370592,653.3371790986623,655.3505280387882,94703000,SPY
2025-11-20,647.1683349609375,670.0090710879778,646.5335791707308,667.3808213360044,165293500,SPY
2025-11-21,653.6148681640625,659.0894699034471,645.5020288545189,649.6675301260088,123956200,SPY
2025-11-24,663.2351684570312,664.5542570793402,656.1538823239337,657.2448196444445,80437900,SPY
2025-11-25,669.4735717773438,670.6537963067218,659.0201372218106,663.1360620641211,81077100,SPY
2025-11-26,674.09521484375,676.0986363282427,671.1595147067713,672.0620713400136,71879600,SPY
2025-11-28,677.7747192382812,678.0523870500939,674.9084513312986,675.2654787466182,49212000,SPY
2025-12-01,674.6803588867188,677.3779800628074,673.1629015749381,673.2323336611282,61201200,SPY
2025-12-02,675.9299926757812,678.2011542749951,673.748057660358,676.316742094939,62953800,SPY
2025-12-03,678.2706298828125,679.2822075879724,674.105128319461,674.9779023816353,57238500,SPY
2025-12-04,678.7664794921875,679.7384076011712,675.7415530139849,679.6689755171525,61970300,SPY
2025-12-05,680.0557861328125,682.7336127271673,678.9549213715281,679.8375623637357,79241000,SPY
2025-12-08,678.0126953125,680.997972172105,675.9696245182643,680.9483951231146,55231500,SPY
2025-12-09,677.4276123046875,679.7583392727543,676.9813582671167,677.5367544682442,58310100,SPY
2025-12-10,681.92041015625,683.3088703732143,675.711837383319,676.9515664343469,85671300,SPY
2025-12-11,683.5072021484375,683.5865617528303,676.5647198382891,679.51034738166,86173700,SPY
2025-12-12,676.1581420898438,683.2196338188487,673.5893968987631,682.5154459360199,113160300,SPY
2025-12-15,675.1365966796875,680.1252955149479,673.6687768311533,680.1054404790556,90811000,SPY
2025-12-16,673.2918701171875,675.4837328267965,669.4338188610296,673.6488975485244,122030600,SPY
2025-12-17,665.8832397460938,674.8489377460819,665.6848710067972,674.3034691132465,110625200,SPY
2025-12-18,670.9115600585938,675.1464937426624,669.3545136860721,672.0322799303326,108650100,SPY
2025-12-19,676.9923095703125,677.4896664833268,672.8940327515619,673.0134542661981,103599500,SPY
2025-12-22,681.2098999023438,681.7370666700199,676.9923229108747,680.3245900087294,69556700,SPY
2025-12-23,684.3233032226562,684.562024812114,680.2548972126992,680.3046207584179,64840000,SPY
2025-12-24,686.7305297851562,687.1781631452748,684.164151137988,684.313382495532,39445600,SPY
2025-12-26,686.660888671875,688.0037280321676,685.6264081645946,686.989161229118,41613300,SPY
2025-12-29,684.2138671875,685.5567672531378,682.4433081832867,683.9055083361335,62559500,SPY
2025-12-30,683.3783569335938,684.9201512250444,682.9506372729019,683.8160334465714,47160700,SPY
2025-12-31,678.3152465820312,683.726492314561,678.1063955310838,683.5076844111845,74144800,SPY
2026-01-02,679.55859375,683.2390468658663,676.2263268834449,682.0852055985325,89377200,SPY
2026-01-05,684.0845336914062,685.7855161168121,682.7516512212146,682.910778712987,71927200,SPY
2026-01-06,688.1529541015625,688.6602678554459,684.1442890432024,684.2934596862484,69273800,SPY
2026-01-07,685.9347534179688,690.2916046822218,685.6761181181482,688.5309418430683,75588300,SPY
2026-01-08,685.8651123046875,686.9692300361542,683.8557710289468,685.1787573638412,64019200,SPY
2026-01-09,690.4010009765625,691.6344363504869,685.5368360184962,686.9791831428475,80125500,SPY
2026-01-12,691.4852294921875,692.410366767912,686.979207477028,687.0289310253164,63976000,SPY
2026-01-13,690.1026000976562,692.4103433578374,687.6953490317495,691.813478661017,78309700,SPY
2026-01-14,686.7106323242188,688.0634285762314,682.4134612479594,687.3472637531122,94676700,SPY
2026-01-15,688.5806884765625,691.7737417111902,687.5959315038539,690.8983886882239,77862000,SPY
2026-01-16,688.0037231445312,690.5800586110835,686.4519720383781,689.9931507530615,79289200,SPY
2026-01-20,673.9981689453125,681.1501633341576,672.9934983300664,677.8874730475171,111623300,SPY
2026-01-21,681.77685546875,685.0991655259935,674.5452667925615,676.0572511802958,127844500,SPY
2026-01-22,685.3379516601562,687.476610793547,683.2888434897402,686.2033478813381,77112200,SPY
2026-01-23,685.5865478515625,687.3074439470811,683.5274830754288,684.5123006998919,63059600,SPY
2026-01-26,689.0680541992188,690.4606777697717,686.272910918868,686.8399050563427,60473800,SPY
2026-01-27,691.8134765625,692.8480177488461,689.9036431059924,690.5104039402848,55506100,SPY
2026-01-28,691.7438354492188,694.1510864943795,690.271678492269,693.3652237572153,61172200,SPY
2026-01-29,690.3711547851562,693.375209936545,681.2098793986574,692.7087686795362,97486200,SPY
2026-01-30,688.3120727539062,690.5402826440542,683.487735152998,688.1330315570439,101835100,SPY
2026-02-02,691.7339477539062,693.2459322689688,685.7756213682558,685.9348095869553,79286500,SPY
2026-02-03,685.885009765625,693.2757257351432,680.4140840721383,692.529690413304,107904600,SPY
2026-02-04,682.5626831054688,687.7948875474046,678.1561081391175,686.7006659106327,105204600,SPY
2026-02-05,674.0379638671875,680.0758839506523,672.2176206040476,677.3404209861714,113610800,SPY
2026-02-06,686.96923828125,688.6503070282812,677.2508650473027,677.8576866055596,89127600,SPY
2026-02-09,690.2816772460938,692.1915108078678,684.7013472083629,685.7755944360715,73885200,SPY
2026-02-10,688.4613037109375,692.8579216647231,688.0037135108784,691.276360737094,65185700,SPY
2026-02-11,688.3021850585938,693.4547952732178,685.5368515439336,692.7087599208829,76353900,SPY
2026-02-12,677.668701171875,691.6742279947084,676.7734344520502,690.5701102294341,118829000,SPY
2026-02-13,678.1461181640625,682.6522007204912,673.9384983110481,678.0864377658819,96267500,SPY
2026-02-17,679.2402954101562,681.31927396984,672.2077222570326,676.5446598627462,81354700,SPY
2026-02-18,682.662109375,685.507036973797,679.2204384959671,680.4041503420104,73570300,SPY
2026-02-19,680.8616333007812,682.5526587813481,677.9471293624403,680.225062656192,58649400,SPY
2026-02-20,685.7855834960938,686.4122580979458,678.126274472082,678.7131823752115,100034000,SPY
2026-02-23,678.7827758789062,686.3525334522094,676.7734345413753,684.1940214696967,90558100,SPY
2026-02-24,683.7164916992188,684.7112054782021,676.4053697086953,678.295350173768,73798700,SPY
2026-02-25,689.4859008789062,690.0130676270821,686.4519751919497,686.53156929616,56369500,SPY
2026-02-26,685.6561889648438,689.6350440416309,680.7323436648176,689.615191050754,71671000,SPY
2026-02-27,682.3637084960938,683.2291046432514,678.0367277603054,679.4790749097389,83308900,SPY
2026-03-02,682.751708984375,684.9798583327654,674.4359156260907,675.1123137702438,87477200,SPY
2026-03-03,676.7337036132812,679.0016196644848,666.1200629162043,671.4915420947397,105003100,SPY
2026-03-04,681.5082397460938,683.4579005621853,676.0273572426378,678.026741603972,79182200,SPY
2026-03-05,677.70849609375,681.9062201445739,672.0386149612469,678.474445192334,106606500,SPY
2026-03-06,668.82568359375,672.5359467168151,666.2195382406165,669.8502072585248,100687000,SPY
2026-03-09,674.6845703125,676.3258117079225,658.888509802078,662.8673651303956,102667700,SPY
2026-03-10,673.6002807617188,679.7476047325034,671.1930903760745,674.1374043547928,81505300,SPY
2026-03-11,672.7548217773438,676.4849986405864,669.7806371390539,673.9982140650914,68441700,SPY
2026-03-12,662.5390625,668.0995392824933,662.3500644519811,667.6120785283837,108882200,SPY
2026-03-13,658.7890014648438,668.7859240392634,657.863924887251,665.7321452917186,97200200,SPY
2026-03-16,665.493408203125,668.5173163233716,663.5934708305671,664.8468199428278,82023100,SPY
2026-03-17,667.2440185546875,670.8747480492216,666.1598145596139,668.8355969918504,87128000,SPY
2026-03-18,657.9335327148438,666.1796881508768,657.6948111200146,664.8268919718373,82062600,SPY
2026-03-19,656.3121948242188,659.4753776238247,651.7066647804095,653.4971375917409,111272500,SPY
2026-03-20,646.9034423828125,655.0025723674255,643.063298812559,654.8230422006715,163617500,SPY
2026-03-23,653.6959228515625,660.9173090129275,652.2596206790361,656.3790129905765,134802700,SPY
2026-03-24,651.5015869140625,655.3417305137531,648.2100787416998,649.6463809650626,96457500,SPY
2026-03-25,655.1322021484375,659.1917509309695,652.5588148295345,656.9774239230809,90653800,SPY
2026-03-26,643.432373046875,653.1672421520028,643.1630473705688,650.3844333840033,96494400,SPY
2026-03-27,632.4606323242188,641.0085567819559,631.4831091918358,640.8489947137006,103649400,SPY
2026-03-30,630.3460693359375,638.7245091624994,627.6630399662237,638.4651675144013,99275900,SPY
2026-03-31,648.6688842773438,649.865752001465,636.3405988140365,637.2981538716512,152534100,SPY
2026-04-01,653.5562744140625,656.8278752918841,651.3220400966815,652.219751792706,97841500,SPY
2026-04-02,654.144775390625,656.5086804928782,643.4522901873171,644.7589215344626,68358700,SPY
2026-04-06,657.23681640625,658.0247645183308,653.8356054757206,654.1746977251443,39105800,SPY
2026-04-07,657.5260009765625,657.9150134208243,649.386996170508,654.9626585699763,69980400,SPY
2026-04-08,674.27294921875,675.3402070755335,669.734652974974,674.6519776493207,93606100,SPY
2026-04-09,678.162841796875,679.4096297331154,672.0386657215836,673.1059235004034,57134400,SPY
2026-04-10,677.7140502929688,680.2774536083281,676.7066358948267,679.5692561407437,42253500,SPY
2026-04-13,684.3369750976562,684.536473353906,674.8414790590384,675.669302461078,54185800,SPY
2026-04-14,692.675537109375,692.7952238870419,685.8929616905456,685.9229138241225,63480500,SPY
2026-04-15,698.1414184570312,698.480571570673,692.4161778504387,693.4734516118131,58240400,SPY
2026-04-16,699.8569946289062,700.9741726960574,696.7350934539525,699.2585607342904,49972400,SPY
2026-04-17,708.3152465820312,710.5594650064761,703.9464965121796,704.3255249385737,70661900,SPY
2026-04-20,706.8988037109375,708.0857482546458,704.3254772575062,706.9587079747221,43546800,SPY
2026-04-21,702.2708129882812,709.4523240430285,700.8345107773317,708.4548936431559,58941400,SPY
2026-04-22,709.3825073242188,709.6218808832724,706.4001392457644,707.3278031045794,42518500,SPY
2026-04-23,706.6295776367188,710.5295037064266,700.4754491270062,707.6768673789517,56174000,SPY
2026-04-24,712.10546875,712.6340752101273,707.1881441382454,708.9236633096505,45182000,SPY
2026-04-27,713.332275390625,713.7911152864904,710.4696550399041,711.3374146094498,33135900,SPY
2026-04-28,709.8612060546875,711.0481506026886,707.4274735730012,709.9908768700561,43117400,SPY
2026-04-29,709.7515258789062,710.3699278433978,706.5497524472755,709.1729992133655,41859200,SPY
2026-04-30,716.8132934570312,717.9403946619685,708.6244289610544,712.7936806635566,67240900,SPY
2026-05-01,718.7982177734375,723.0073446973263,718.6186267345964,719.3966516418469,43049800,SPY
2026-05-04,716.1649780273438,720.2644021704073,713.152718877996,718.2196821209096,51950600,SPY
2026-05-05,721.9102172851562,723.1769124909786,719.6360467603954,719.9153564929043,36933200,SPY
2026-05-06,731.9443359375,732.7023927493656,725.9497697512824,726.288861980811,53288900,SPY
2026-05-07,729.7001342773438,734.238430329629,727.8748196364371,733.161188473549,51724600,SPY
2026-05-08,735.724609375,736.1834492768152,732.6824588199246,733.0415191543954,47227100,SPY
2026-05-11,737.4002685546875,738.8864300819614,734.5576163199453,734.5576163199453,44024000,SPY
2026-05-12,736.2831420898438,736.9414802248905,729.9494836014034,734.9964788307154,54185300,SPY
2026-05-13,740.4025268554688,741.9983910774667,733.5800764180441,736.5723674930287,44200200,SPY
2026-05-14,746.2474975585938,747.6040491923611,741.649357949993,741.7391534739264,45307600,SPY
2026-05-15,737.2706298828125,741.5496453663399,736.0637780312098,739.8838927249178,60410800,SPY
2026-05-18,736.751953125,739.5147938000424,731.5054597381557,737.9289136337939,47843900,SPY
2026-05-19,731.8446044921875,735.7545755811656,729.650306265128,732.8919551385734,54255900,SPY
2026-05-20,739.3452758789062,739.9636778498481,732.0042028263388,733.8195334397973,45768000,SPY
2026-05-21,740.8114624023438,742.9559620700644,735.1361419849363,736.7419902854853,43332200,SPY
2026-05-22,743.7239990234375,747.015507083493,742.566945697205,744.3224328967863,41762000,SPY
2026-05-26,748.6613159179688,750.1973368284331,746.4469887578754,748.0827892360243,41123600,SPY
2026-05-27,748.5316162109375,749.4492351039673,746.2973210478585,748.9505199197505,42106300,SPY
2026-05-28,752.6609497070312,753.2095851254732,747.3047533704411,748.3221518516883,41562600,SPY
2026-05-29,754.5361328125,756.1320579864754,752.7507543048832,753.9576670103595,55075700,SPY
2026-06-01,756.5908203125,758.3264003155792,752.7507376917755,753.4189990020213,43634900,SPY
2026-06-02,757.6182250976562,758.4461093852723,754.805464031348,755.0847737682097,31581900,SPY
2026-06-03,752.3018798828125,756.8501599793441,751.6336185743088,756.2018667594974,51402500,SPY
2026-06-04,755.1445922851562,756.3614281257201,749.5389775481502,750.1673635570705,49923000,SPY
2026-06-05,735.65478515625,750.8855669656407,733.6400171295905,750.3768677170906,93989400,SPY
2026-06-08,737.3204345703125,743.4247643242134,736.2931129658897,741.4498108327123,49319100,SPY
2026-06-09,735.1560668945312,744.9807928982774,720.7332622187009,741.7191759970133,87683500,SPY
2026-06-10,723.56591796875,736.4826536495077,723.4661992814284,731.5054857614351,60341300,SPY
2026-06-11,735.8642578125,738.0984921563339,722.5485255148498,726.8873842592473,86330500,SPY
2026-06-12,739.843994140625,742.5270843334097,733.1412911200548,738.8066884479139,57079500,SPY
2026-06-15,752.890380859375,754.7356026867302,749.8282623277308,749.9179969688896,60176400,SPY
2026-06-16,748.4019775390625,753.4988323298886,747.9531216783239,752.6111046530555,67093100,SPY
2026-06-17,739.0560302734375,750.217278570044,737.3204502885575,749.3594421826946,85945200,SPY
2026-06-18,746.739990234375,748.22998046875,743.8599853515625,747.760009765625,80875700,SPY
2026-06-22,744.3900146484375,750.1799926757812,743.1300048828125,747.7000122070312,46628100,SPY
2026-06-23,733.5800170898438,739.6300048828125,732.2999877929688,733.8099975585938,66846800,SPY
2026-06-24,733.239990234375,739.9500122070312,730.8400268554688,735.1699829101562,57439500,SPY
2026-06-25,734.2999877929688,739.3699951171875,729.5999755859375,738.9099731445312,53934400,SPY
2026-06-26,728.989990234375,736.530029296875,716.5800170898438,728.9500122070312,71034000,SPY
2026-06-29,741.0,741.5599975585938,732.0900268554688,736.530029296875,58035200,SPY
